0	1
0.01	0.98931
0.02	0.97882
0.03	0.96872
0.04	0.95818
0.05	0.94798
0.06	0.93773
0.07	0.92749
0.08	0.91767
0.09	0.90832
0.1	0.89919
0.11	0.89003
0.12	0.88084
0.13	0.8718
0.14	0.86277
0.15	0.85426
0.16	0.84604
0.17	0.83811
0.18	0.83034
0.19	0.82239
0.2	0.81452
0.21	0.80687
0.22	0.79957
0.23	0.79208
0.24	0.78479
0.25	0.77748
0.26	0.77003
0.27	0.76285
0.28	0.75564
0.29	0.74864
0.3	0.74163
0.31	0.73472
0.32	0.72781
0.33	0.72117
0.34	0.71476
0.35	0.70862
0.36	0.70258
0.37	0.69701
0.38	0.69129
0.39	0.68532
0.4	0.67961
0.41	0.67404
0.42	0.66874
0.43	0.66379
0.44	0.65895
0.45	0.65444
0.46	0.64992
0.47	0.64547
0.48	0.64154
0.49	0.63748
0.5	0.63341
0.51	0.62946
0.52	0.62553
0.53	0.62109
0.54	0.61627
0.55	0.6114
0.56	0.60669
0.57	0.60188
0.58	0.59695
0.59	0.59198
0.6	0.58699
0.61	0.58214
0.62	0.57734
0.63	0.57261
0.64	0.56796
0.65	0.56363
0.66	0.55917
0.67	0.55509
0.68	0.55065
0.69	0.54616
0.7	0.54181
0.71	0.53728
0.72	0.53305
0.73	0.52884
0.74	0.52512
0.75	0.52144
0.76	0.51788
0.77	0.51428
0.78	0.51057
0.79	0.5069
0.8	0.50358
0.81	0.50029
0.82	0.49685
0.83	0.49357
0.84	0.49027
0.85	0.48677
0.86	0.48308
0.87	0.47917
0.88	0.47525
0.89	0.47141
0.9	0.46794
0.91	0.46414
0.92	0.46038
0.93	0.45618
0.94	0.45192
0.95	0.44762
0.96	0.44335
0.97	0.43963
0.98	0.43588
0.99	0.43244
1	0.42871
1.01	0.42517
1.02	0.42176
1.03	0.41839
1.04	0.41473
1.05	0.41112
1.06	0.40743
1.07	0.40367
1.08	0.40016
1.09	0.39684
1.1	0.39316
1.11	0.38924
1.12	0.38547
1.13	0.38202
1.14	0.37855
1.15	0.37489
1.16	0.37114
1.17	0.36801
1.18	0.36499
1.19	0.3622
1.2	0.35922
1.21	0.35631
1.22	0.35345
1.23	0.35068
1.24	0.34744
1.25	0.34464
1.26	0.34215
1.27	0.34
1.28	0.33756
1.29	0.33457
1.3	0.3315
1.31	0.3284
1.32	0.32492
1.33	0.32153
1.34	0.31858
1.35	0.31558
1.36	0.31265
1.37	0.30977
1.38	0.30649
1.39	0.30317
1.4	0.29992
1.41	0.29649
1.42	0.29301
1.43	0.2891
1.44	0.28581
1.45	0.28218
1.46	0.27879
1.47	0.27622
1.48	0.27355
1.49	0.27091
1.5	0.26845
1.51	0.26605
1.52	0.26363
1.53	0.26134
1.54	0.25876
1.55	0.25608
1.56	0.25396
1.57	0.25201
1.58	0.25026
1.59	0.24875
1.6	0.24707
1.61	0.2456
1.62	0.24413
1.63	0.24245
1.64	0.24092
1.65	0.23907
1.66	0.23737
1.67	0.23568
1.68	0.23405
1.69	0.23244
1.7	0.23086
1.71	0.22924
1.72	0.228
1.73	0.22648
1.74	0.22549
1.75	0.22455
1.76	0.22347
1.77	0.22249
1.78	0.22149
1.79	0.22042
1.8	0.21906
1.81	0.21747
1.82	0.21574
1.83	0.21406
1.84	0.21259
1.85	0.21154
1.86	0.21038
1.87	0.20964
1.88	0.20881
1.89	0.2076
1.9	0.20691
1.91	0.20612
1.92	0.20521
1.93	0.20395
1.94	0.20263
1.95	0.20165
1.96	0.20086
1.97	0.1998
1.98	0.1985
1.99	0.19717
2	0.19571
2.01	0.19415
2.02	0.19268
2.03	0.19092
2.04	0.18902
2.05	0.18708
2.06	0.18511
2.07	0.1838
2.08	0.18251
2.09	0.18119
2.1	0.18005
2.11	0.17905
2.12	0.17846
2.13	0.17745
2.14	0.17697
2.15	0.17611
2.16	0.17485
2.17	0.17355
2.18	0.17242
2.19	0.17125
2.2	0.17025
2.21	0.16935
2.22	0.16829
2.23	0.16709
2.24	0.16612
2.25	0.1648
2.26	0.16353
2.27	0.16199
2.28	0.1602
2.29	0.15818
2.3	0.1563
2.31	0.15437
2.32	0.15258
2.33	0.15105
2.34	0.14963
2.35	0.14797
2.36	0.14608
2.37	0.1444
2.38	0.14251
2.39	0.14096
2.4	0.13988
2.41	0.13876
2.42	0.13752
2.43	0.13625
2.44	0.13491
2.45	0.13348
2.46	0.13227
2.47	0.13124
2.48	0.13017
2.49	0.12892
2.5	0.12746
2.51	0.12625
2.52	0.12498
2.53	0.12353
2.54	0.12249
2.55	0.12171
2.56	0.12082
2.57	0.12006
2.58	0.11863
2.59	0.1171
2.6	0.11587
2.61	0.11516
2.62	0.11465
2.63	0.11357
2.64	0.11284
2.65	0.11252
2.66	0.11176
2.67	0.1106
2.68	0.10944
2.69	0.10814
2.7	0.10658
2.71	0.10513
2.72	0.10395
2.73	0.10273
2.74	0.10149
2.75	0.10044
2.76	0.099389
2.77	0.098504
2.78	0.097876
2.79	0.097353
2.8	0.09736
2.81	0.097278
2.82	0.097256
2.83	0.097197
2.84	0.097206
2.85	0.097044
2.86	0.097137
2.87	0.097238
2.88	0.097234
2.89	0.097446
2.9	0.097191
2.91	0.097207
2.92	0.097428
2.93	0.098257
2.94	0.098438
2.95	0.098431
2.96	0.098197
2.97	0.0982
2.98	0.098244
2.99	0.098736
3	0.099172
3.01	0.099188
3.02	0.098926
3.03	0.098595
3.04	0.098591
3.05	0.098799
3.06	0.098817
3.07	0.09885
3.08	0.098685
3.09	0.098832
3.1	0.098983
3.11	0.098676
3.12	0.098112
3.13	0.097457
3.14	0.096872
3.15	0.096083
3.16	0.095471
3.17	0.095425
3.18	0.095078
3.19	0.094587
3.2	0.094338
3.21	0.093959
3.22	0.093726
3.23	0.093849
3.24	0.094223
3.25	0.094426
3.26	0.094553
3.27	0.094902
3.28	0.095
3.29	0.095202
3.3	0.095558
3.31	0.09604
3.32	0.096736
3.33	0.097986
3.34	0.099355
3.35	0.10051
3.36	0.10172
3.37	0.10281
3.38	0.10369
3.39	0.10396
3.4	0.10433
3.41	0.10442
3.42	0.10503
3.43	0.10543
3.44	0.10565
3.45	0.10593
3.46	0.10625
3.47	0.10684
3.48	0.10738
3.49	0.1086
3.5	0.1097
3.51	0.11117
3.52	0.1125
3.53	0.11378
3.54	0.11528
3.55	0.11671
3.56	0.11781
3.57	0.11875
3.58	0.11977
3.59	0.12091
3.6	0.12196
3.61	0.12331
3.62	0.12458
3.63	0.126
3.64	0.12703
3.65	0.12832
3.66	0.12934
3.67	0.13022
3.68	0.13129
3.69	0.13213
3.7	0.13267
3.71	0.13343
3.72	0.13414
3.73	0.13471
3.74	0.13525
3.75	0.13558
3.76	0.13584
3.77	0.13624
3.78	0.13682
3.79	0.13769
3.8	0.13812
3.81	0.13889
3.82	0.1395
3.83	0.14039
3.84	0.14145
3.85	0.14257
3.86	0.14349
3.87	0.14469
3.88	0.1463
3.89	0.14752
3.9	0.14886
3.91	0.1501
3.92	0.15127
3.93	0.15172
3.94	0.15187
3.95	0.15242
3.96	0.15321
3.97	0.15367
3.98	0.15401
3.99	0.15444
4	0.15477
4.01	0.15472
4.02	0.15449
4.03	0.15458
4.04	0.15451
4.05	0.15421
4.06	0.15405
4.07	0.15408
4.08	0.15392
4.09	0.15421
4.1	0.15432
4.11	0.15397
4.12	0.15353
4.13	0.15298
4.14	0.15273
4.15	0.15243
4.16	0.15226
4.17	0.15224
4.18	0.15245
4.19	0.15265
4.2	0.15275
4.21	0.15263
4.22	0.15208
4.23	0.15093
4.24	0.14944
4.25	0.14817
4.26	0.14678
4.27	0.14577
4.28	0.14473
4.29	0.14394
4.3	0.1433
4.31	0.14282
4.32	0.14277
4.33	0.14298
4.34	0.14334
4.35	0.14396
4.36	0.14448
4.37	0.1456
4.38	0.14665
4.39	0.14763
4.4	0.14859
4.41	0.14972
4.42	0.15099
4.43	0.152
4.44	0.15275
4.45	0.15346
4.46	0.15477
4.47	0.1563
4.48	0.15723
4.49	0.1581
4.5	0.1588
4.51	0.15958
4.52	0.16047
4.53	0.1614
4.54	0.16178
4.55	0.162
4.56	0.16218
4.57	0.1623
4.58	0.16193
4.59	0.16097
4.6	0.16023
4.61	0.15968
4.62	0.159
4.63	0.15809
4.64	0.15691
4.65	0.15569
4.66	0.15434
4.67	0.15291
4.68	0.15159
4.69	0.15051
4.7	0.14983
4.71	0.14916
4.72	0.14848
4.73	0.14781
4.74	0.14696
4.75	0.14616
4.76	0.1454
4.77	0.1448
4.78	0.14395
4.79	0.14291
4.8	0.14224
4.81	0.14192
4.82	0.14154
4.83	0.1413
4.84	0.14138
4.85	0.14143
4.86	0.1418
4.87	0.1423
4.88	0.14256
4.89	0.14295
4.9	0.14322
4.91	0.14324
4.92	0.1432
4.93	0.14296
4.94	0.14293
4.95	0.14279
4.96	0.14265
4.97	0.14274
4.98	0.14299
4.99	0.14311
5	0.14323
5.01	0.1434
5.02	0.1434
5.03	0.1434
5.04	0.14284
5.05	0.14226
5.06	0.14175
5.07	0.14092
5.08	0.13995
5.09	0.1392
5.1	0.13835
5.11	0.13718
5.12	0.13618
5.13	0.13528
5.14	0.13438
5.15	0.13336
5.16	0.13215
5.17	0.13071
5.18	0.12929
5.19	0.12794
5.2	0.12641
5.21	0.12487
5.22	0.12332
5.23	0.12248
5.24	0.12163
5.25	0.12051
5.26	0.11982
5.27	0.11976
5.28	0.11994
5.29	0.12026
5.3	0.12071
5.31	0.12112
5.32	0.12197
5.33	0.12309
5.34	0.12386
5.35	0.12461
5.36	0.12501
5.37	0.1254
5.38	0.12583
5.39	0.12632
5.4	0.12715
5.41	0.12792
5.42	0.12848
5.43	0.12928
5.44	0.12985
5.45	0.13065
5.46	0.1311
5.47	0.13148
5.48	0.13226
5.49	0.13334
5.5	0.13466
5.51	0.13569
5.52	0.13661
5.53	0.13756
5.54	0.13867
5.55	0.13982
5.56	0.14094
5.57	0.14197
5.58	0.14296
5.59	0.14375
5.6	0.14454
5.61	0.14545
5.62	0.14621
5.63	0.14693
5.64	0.14755
5.65	0.14821
5.66	0.1489
5.67	0.14965
5.68	0.15034
5.69	0.15096
5.7	0.15159
5.71	0.15229
5.72	0.1528
5.73	0.15368
5.74	0.15479
5.75	0.15567
5.76	0.15662
5.77	0.15738
5.78	0.15808
5.79	0.15898
5.8	0.15984
5.81	0.16065
5.82	0.16097
5.83	0.161
5.84	0.16114
5.85	0.16112
5.86	0.1612
5.87	0.16109
5.88	0.1608
5.89	0.16038
5.9	0.16022
5.91	0.16029
5.92	0.16015
5.93	0.16004
5.94	0.16015
5.95	0.15959
5.96	0.15866
5.97	0.15741
5.98	0.15562
5.99	0.15373
6	0.15196
6.01	0.14988
6.02	0.14765
6.03	0.14578
6.04	0.14364
6.05	0.14127
6.06	0.13889
6.07	0.13606
6.08	0.13301
6.09	0.13
6.1	0.12736
6.11	0.12488
6.12	0.12243
6.13	0.12005
6.14	0.11787
6.15	0.11549
6.16	0.11331
6.17	0.11148
6.18	0.10982
6.19	0.10837
6.2	0.10707
6.21	0.10599
6.22	0.10479
6.23	0.10332
6.24	0.10183
6.25	0.10053
6.26	0.098933
6.27	0.097195
6.28	0.095546
6.29	0.093868
6.3	0.092134
6.31	0.090531
6.32	0.088902
6.33	0.087479
6.34	0.086335
6.35	0.085297
6.36	0.083877
6.37	0.0825
6.38	0.0812
6.39	0.080079
6.4	0.079266
6.41	0.078787
6.42	0.07853
6.43	0.078544
6.44	0.078573
6.45	0.078542
6.46	0.078299
6.47	0.078104
6.48	0.077869
6.49	0.077639
6.5	0.077341
6.51	0.07682
6.52	0.076339
6.53	0.075921
6.54	0.07545
6.55	0.074858
6.56	0.074106
6.57	0.073012
6.58	0.071962
6.59	0.071346
6.6	0.070794
6.61	0.070837
6.62	0.071045
6.63	0.071362
6.64	0.071587
6.65	0.072301
6.66	0.07299
6.67	0.073537
6.68	0.074148
6.69	0.074238
6.7	0.074139
6.71	0.074531
6.72	0.075067
6.73	0.075294
6.74	0.075649
6.75	0.075881
6.76	0.076168
6.77	0.076397
6.78	0.076587
6.79	0.076988
6.8	0.077163
6.81	0.077712
6.82	0.078307
6.83	0.078491
6.84	0.07901
6.85	0.079323
6.86	0.079553
6.87	0.079779
6.88	0.079453
6.89	0.079472
6.9	0.079509
6.91	0.079691
6.92	0.079908
6.93	0.080206
6.94	0.080603
6.95	0.081016
6.96	0.082006
6.97	0.082993
6.98	0.083934
6.99	0.084527
7	0.08461
7.01	0.084864
7.02	0.08514
7.03	0.085293
7.04	0.08508
7.05	0.084886
7.06	0.084301
7.07	0.083365
7.08	0.082537
7.09	0.081881
7.1	0.081
7.11	0.080574
7.12	0.080167
7.13	0.079911
7.14	0.079908
7.15	0.080252
7.16	0.080319
7.17	0.08055
7.18	0.080803
7.19	0.081136
7.2	0.082163
7.21	0.083315
7.22	0.084295
7.23	0.085215
7.24	0.086352
7.25	0.08761
7.26	0.089044
7.27	0.090808
7.28	0.092429
7.29	0.093578
7.3	0.094561
7.31	0.095723
7.32	0.096537
7.33	0.097049
7.34	0.097623
7.35	0.097905
7.36	0.097881
7.37	0.09771
7.38	0.097898
7.39	0.09809
7.4	0.098323
7.41	0.098932
7.42	0.099734
7.43	0.10046
7.44	0.10117
7.45	0.10182
7.46	0.10232
7.47	0.10295
7.48	0.10372
7.49	0.10435
7.5	0.10538
7.51	0.10667
7.52	0.10825
7.53	0.10975
7.54	0.11105
7.55	0.11218
7.56	0.11347
7.57	0.11492
7.58	0.1162
7.59	0.11705
7.6	0.11742
7.61	0.11763
7.62	0.11797
7.63	0.1183
7.64	0.11885
7.65	0.11965
7.66	0.12026
7.67	0.12104
7.68	0.12196
7.69	0.12321
7.7	0.125
7.71	0.1267
7.72	0.1283
7.73	0.12993
7.74	0.13125
7.75	0.13242
7.76	0.13318
7.77	0.13364
7.78	0.13411
7.79	0.13434
7.8	0.13468
7.81	0.13485
7.82	0.13534
7.83	0.13543
7.84	0.1355
7.85	0.1358
7.86	0.13584
7.87	0.13562
7.88	0.13562
7.89	0.13582
7.9	0.13636
7.91	0.13702
7.92	0.13747
7.93	0.13767
7.94	0.13814
7.95	0.13849
7.96	0.13902
7.97	0.13979
7.98	0.14062
7.99	0.1413
8	0.14206
8.01	0.14269
8.02	0.14335
8.03	0.14423
8.04	0.14478
8.05	0.14532
8.06	0.14577
8.07	0.14645
8.08	0.1473
8.09	0.1479
8.1	0.14835
8.11	0.14889
8.12	0.14926
8.13	0.14919
8.14	0.14892
8.15	0.14887
8.16	0.14938
8.17	0.14961
8.18	0.14974
8.19	0.15026
8.2	0.15099
8.21	0.15188
8.22	0.15274
8.23	0.15336
8.24	0.15413
8.25	0.15518
8.26	0.15627
8.27	0.15716
8.28	0.1581
8.29	0.159
8.3	0.15949
8.31	0.15974
8.32	0.16001
8.33	0.15987
8.34	0.15939
8.35	0.15883
8.36	0.15839
8.37	0.15826
8.38	0.15801
8.39	0.15765
8.4	0.15767
8.41	0.15811
8.42	0.15857
8.43	0.15917
8.44	0.15952
8.45	0.15997
8.46	0.16051
8.47	0.16096
8.48	0.16147
8.49	0.16206
8.5	0.16243
8.51	0.16256
8.52	0.16243
8.53	0.16268
8.54	0.16281
8.55	0.16272
8.56	0.163
8.57	0.16325
8.58	0.16347
8.59	0.16345
8.6	0.16341
8.61	0.16334
8.62	0.16316
8.63	0.16288
8.64	0.16233
8.65	0.16145
8.66	0.16046
8.67	0.1596
8.68	0.15871
8.69	0.15753
8.7	0.156
8.71	0.15399
8.72	0.15169
8.73	0.14923
8.74	0.14661
8.75	0.14408
8.76	0.14136
8.77	0.13878
8.78	0.13633
8.79	0.13404
8.8	0.13175
8.81	0.12971
8.82	0.12741
8.83	0.12526
8.84	0.12329
8.85	0.1212
8.86	0.11923
8.87	0.11729
8.88	0.11537
8.89	0.11353
8.9	0.11168
8.91	0.10946
8.92	0.1077
8.93	0.10616
8.94	0.10454
8.95	0.10306
8.96	0.10173
8.97	0.10054
8.98	0.099251
8.99	0.098309
9	0.097388
9.01	0.096159
9.02	0.094857
9.03	0.093757
9.04	0.092595
9.05	0.091561
9.06	0.090817
9.07	0.089985
9.08	0.089187
9.09	0.088253
9.1	0.087287
9.11	0.086432
9.12	0.085391
9.13	0.084452
9.14	0.083317
9.15	0.082142
9.16	0.08101
9.17	0.079881
9.18	0.078627
9.19	0.077933
9.2	0.07686
9.21	0.07571
9.22	0.074192
9.23	0.072776
9.24	0.0715
9.25	0.069824
9.26	0.06821
9.27	0.066596
9.28	0.065051
9.29	0.063757
9.3	0.0626
9.31	0.06147
9.32	0.060338
9.33	0.059472
9.34	0.05864
9.35	0.057872
9.36	0.057468
9.37	0.05684
9.38	0.056593
9.39	0.056357
9.4	0.055933
9.41	0.055458
9.42	0.055273
9.43	0.05505
9.44	0.054866
9.45	0.054698
9.46	0.054514
9.47	0.05474
9.48	0.055359
9.49	0.056009
9.5	0.056558
9.51	0.056996
9.52	0.057945
9.53	0.058827
9.54	0.059767
9.55	0.06072
9.56	0.061421
9.57	0.061667
9.58	0.061725
9.59	0.061927
9.6	0.062119
9.61	0.062153
9.62	0.061948
9.63	0.061364
9.64	0.060638
9.65	0.060263
9.66	0.059885
9.67	0.059218
9.68	0.058667
9.69	0.057948
9.7	0.057291
9.71	0.056656
9.72	0.056035
9.73	0.055405
9.74	0.054243
9.75	0.053192
9.76	0.052432
9.77	0.051749
9.78	0.051534
9.79	0.051388
9.8	0.051356
9.81	0.051383
9.82	0.051718
9.83	0.052467
9.84	0.053068
9.85	0.053811
9.86	0.054538
9.87	0.054985
9.88	0.055488
9.89	0.056068
9.9	0.056842
9.91	0.057851
9.92	0.05886
9.93	0.059672
9.94	0.06032
9.95	0.060933
9.96	0.061564
9.97	0.061883
9.98	0.061797
9.99	0.061327
10	0.060678
10.01	0.059806
10.02	0.058381
10.03	0.057277
10.04	0.056098
10.05	0.05518
10.06	0.054263
10.07	0.053554
10.08	0.053028
10.09	0.051985
10.1	0.050675
10.11	0.049186
10.12	0.047773
10.13	0.046238
10.14	0.044955
10.15	0.043999
10.16	0.043088
10.17	0.042463
10.18	0.041929
10.19	0.041309
10.2	0.040572
10.21	0.039885
10.22	0.038986
10.23	0.038004
10.24	0.036556
10.25	0.035131
10.26	0.034291
10.27	0.033714
10.28	0.033122
10.29	0.032583
10.3	0.03262
10.31	0.032855
10.32	0.033314
10.33	0.034188
10.34	0.035029
10.35	0.035906
10.36	0.037008
10.37	0.037963
10.38	0.038853
10.39	0.039935
10.4	0.041022
10.41	0.042036
10.42	0.043264
10.43	0.044563
10.44	0.045995
10.45	0.047174
10.46	0.048495
10.47	0.049503
10.48	0.050175
10.49	0.050819
10.5	0.051261
10.51	0.051852
10.52	0.052446
10.53	0.053442
10.54	0.054566
10.55	0.055565
10.56	0.056651
10.57	0.057728
10.58	0.058883
10.59	0.059902
10.6	0.060808
10.61	0.061528
10.62	0.062272
10.63	0.063187
10.64	0.064232
10.65	0.065475
10.66	0.066462
10.67	0.067809
10.68	0.068921
10.69	0.069923
10.7	0.070961
10.71	0.072001
10.72	0.072957
10.73	0.073818
10.74	0.074468
10.75	0.075129
10.76	0.07562
10.77	0.076479
10.78	0.077604
10.79	0.078182
10.8	0.078628
10.81	0.079156
10.82	0.079643
10.83	0.080527
10.84	0.081547
10.85	0.082628
10.86	0.083407
10.87	0.084192
10.88	0.084949
10.89	0.086118
10.9	0.087241
10.91	0.0886
10.92	0.089858
10.93	0.091066
10.94	0.092218
10.95	0.093208
10.96	0.094544
10.97	0.096034
10.98	0.097128
10.99	0.097869
11	0.098575
11.01	0.099244
11.02	0.099749
11.03	0.099964
11.04	0.099639
11.05	0.099229
11.06	0.099088
11.07	0.099113
11.08	0.099333
11.09	0.09979
11.1	0.10037
11.11	0.10116
11.12	0.10198
11.13	0.10298
11.14	0.10358
11.15	0.10399
11.16	0.10417
11.17	0.10421
11.18	0.1046
11.19	0.1049
11.2	0.10534
11.21	0.10621
11.22	0.10687
11.23	0.10782
11.24	0.10884
11.25	0.10983
11.26	0.11055
11.27	0.11121
11.28	0.11189
11.29	0.11248
11.3	0.11315
11.31	0.11393
11.32	0.1147
11.33	0.11572
11.34	0.11696
11.35	0.11836
11.36	0.11977
11.37	0.12123
11.38	0.12246
11.39	0.12352
11.4	0.1247
11.41	0.12597
11.42	0.12701
11.43	0.12827
11.44	0.12937
11.45	0.13039
11.46	0.13115
11.47	0.13195
11.48	0.13252
11.49	0.13315
11.5	0.13364
11.51	0.1333
11.52	0.1334
11.53	0.13352
11.54	0.13368
11.55	0.13395
11.56	0.13417
11.57	0.13433
11.58	0.13452
11.59	0.13475
11.6	0.13423
11.61	0.13377
11.62	0.13375
11.63	0.13408
11.64	0.13439
11.65	0.1348
11.66	0.13526
11.67	0.13575
11.68	0.13635
11.69	0.13658
11.7	0.13705
11.71	0.13741
11.72	0.13731
11.73	0.1374
11.74	0.1372
11.75	0.13696
11.76	0.13662
11.77	0.13667
11.78	0.1366
11.79	0.13653
11.8	0.13644
11.81	0.13636
11.82	0.13667
11.83	0.13701
11.84	0.13679
11.85	0.13661
11.86	0.1363
11.87	0.13587
11.88	0.13547
11.89	0.13473
11.9	0.13389
11.91	0.13309
11.92	0.13246
11.93	0.13215
11.94	0.13229
11.95	0.13254
11.96	0.13235
11.97	0.13184
11.98	0.13137
11.99	0.13054
12	0.13002
12.01	0.12943
12.02	0.1285
12.03	0.12743
12.04	0.1265
12.05	0.12583
12.06	0.12534
12.07	0.12464
12.08	0.12398
12.09	0.12304
12.1	0.12219
12.11	0.12145
12.12	0.12063
12.13	0.11969
12.14	0.11889
12.15	0.11837
12.16	0.118
12.17	0.11761
12.18	0.11744
12.19	0.11733
12.2	0.11744
12.21	0.11727
12.22	0.11734
12.23	0.1171
12.24	0.11645
12.25	0.11566
12.26	0.11459
12.27	0.11355
12.28	0.11274
12.29	0.11218
12.3	0.11185
12.31	0.11168
12.32	0.1114
12.33	0.11144
12.34	0.11115
12.35	0.11056
12.36	0.10952
12.37	0.10844
12.38	0.10745
12.39	0.10639
12.4	0.10529
12.41	0.1045
12.42	0.10377
12.43	0.10282
12.44	0.10184
12.45	0.10103
12.46	0.10016
12.47	0.099329
12.48	0.09854
12.49	0.097953
12.5	0.09716
12.51	0.096469
12.52	0.095758
12.53	0.094986
12.54	0.093871
12.55	0.092977
12.56	0.091888
12.57	0.090784
12.58	0.090276
12.59	0.090108
12.6	0.090238
12.61	0.090473
12.62	0.090464
12.63	0.090647
12.64	0.09061
12.65	0.09035
12.66	0.090386
12.67	0.09
12.68	0.089641
12.69	0.089197
12.7	0.088841
12.71	0.08849
12.72	0.088157
12.73	0.087816
12.74	0.087347
12.75	0.086701
12.76	0.086147
12.77	0.085474
12.78	0.084877
12.79	0.084157
12.8	0.083581
12.81	0.08284
12.82	0.081967
12.83	0.081561
12.84	0.081051
12.85	0.08089
12.86	0.080396
12.87	0.080148
12.88	0.080025
12.89	0.079733
12.9	0.079295
12.91	0.078671
12.92	0.078102
12.93	0.077324
12.94	0.076209
12.95	0.074995
12.96	0.073675
12.97	0.07263
12.98	0.072224
12.99	0.071424
13	0.070728
13.01	0.070342
13.02	0.069874
13.03	0.06958
13.04	0.068938
13.05	0.068296
13.06	0.067591
13.07	0.066828
13.08	0.066338
13.09	0.066023
13.1	0.065903
13.11	0.065522
13.12	0.065222
13.13	0.064808
13.14	0.064504
13.15	0.064294
13.16	0.063818
13.17	0.063191
13.18	0.062576
13.19	0.062172
13.2	0.061854
13.21	0.061745
13.22	0.0617
13.23	0.061637
13.24	0.061487
13.25	0.061252
13.26	0.060807
13.27	0.060566
13.28	0.060167
13.29	0.059084
13.3	0.057475
13.31	0.055996
13.32	0.054601
13.33	0.052949
13.34	0.05126
13.35	0.049853
13.36	0.048424
13.37	0.047045
13.38	0.045245
13.39	0.043471
13.4	0.0418
13.41	0.039756
13.42	0.03784
13.43	0.035771
13.44	0.033564
13.45	0.031923
13.46	0.030191
13.47	0.028647
13.48	0.027096
13.49	0.025375
13.5	0.023777
13.51	0.022251
13.52	0.021145
13.53	0.020026
13.54	0.019047
13.55	0.018296
13.56	0.01778
13.57	0.017378
13.58	0.016889
13.59	0.016036
13.6	0.015034
13.61	0.013748
13.62	0.012492
13.63	0.011199
13.64	0.010456
13.65	0.0098804
13.66	0.0091083
13.67	0.0078998
13.68	0.0068312
13.69	0.0058333
13.7	0.0052327
13.71	0.0043469
13.72	0.0032154
13.73	0.0023962
13.74	0.0015605
13.75	0.00055741
13.76	-0.00056732
13.77	-0.0010683
13.78	-0.0015605
13.79	-0.0021532
13.8	-0.0026166
13.81	-0.0031462
13.82	-0.003576
13.83	-0.0036214
13.84	-0.0039704
13.85	-0.0045161
13.86	-0.004743
13.87	-0.005115
13.88	-0.0059904
13.89	-0.0066533
13.9	-0.0073947
13.91	-0.0079992
13.92	-0.0085368
13.93	-0.0091293
13.94	-0.0096579
13.95	-0.0097249
13.96	-0.0098591
13.97	-0.00972
13.98	-0.0094361
13.99	-0.0091467
14	-0.0084413
14.01	-0.0074411
14.02	-0.0060809
14.03	-0.0047608
14.04	-0.0035768
14.05	-0.0026919
14.06	-0.0016815
14.07	-0.00048938
14.08	0.00070958
14.09	0.001411
14.1	0.0021904
14.11	0.0029024
14.12	0.0035364
14.13	0.0038688
14.14	0.0041076
14.15	0.0038214
14.16	0.0036505
14.17	0.0036061
14.18	0.0038949
14.19	0.0040631
14.2	0.0042581
14.21	0.0042286
14.22	0.0046794
14.23	0.0055555
14.24	0.0063473
14.25	0.0071034
14.26	0.0075855
14.27	0.0079827
14.28	0.0083929
14.29	0.0091729
14.3	0.010636
14.31	0.011564
14.32	0.012693
14.33	0.013943
14.34	0.015156
14.35	0.016454
14.36	0.017749
14.37	0.018811
14.38	0.019887
14.39	0.020951
14.4	0.022374
14.41	0.023666
14.42	0.025244
14.43	0.026436
14.44	0.027227
14.45	0.027706
14.46	0.028079
14.47	0.028684
14.48	0.029682
14.49	0.031405
14.5	0.033359
14.51	0.035727
14.52	0.037943
14.53	0.039947
14.54	0.042145
14.55	0.044242
14.56	0.04617
14.57	0.047998
14.58	0.04939
14.59	0.050556
14.6	0.05144
14.61	0.052337
14.62	0.052908
14.63	0.053305
14.64	0.053725
14.65	0.053844
14.66	0.054013
14.67	0.053824
14.68	0.05325
14.69	0.052503
14.7	0.051941
14.71	0.050898
14.72	0.049831
14.73	0.048928
14.74	0.047806
14.75	0.046666
14.76	0.04602
14.77	0.044817
14.78	0.043535
14.79	0.042543
14.8	0.041213
14.81	0.039762
14.82	0.03821
14.83	0.036861
14.84	0.035836
14.85	0.034958
14.86	0.033936
14.87	0.033434
14.88	0.03338
14.89	0.033425
14.9	0.033292
14.91	0.032737
14.92	0.032648
14.93	0.0331
14.94	0.033713
14.95	0.034312
14.96	0.034674
14.97	0.035142
14.98	0.035702
14.99	0.036331
15	0.037274
15.01	0.038197
15.02	0.038964
15.03	0.039546
15.04	0.03999
15.05	0.040494
15.06	0.041317
15.07	0.041926
15.08	0.042491
15.09	0.043274
15.1	0.044007
15.11	0.044714
15.12	0.045551
15.13	0.046668
15.14	0.047933
15.15	0.048694
15.16	0.049386
15.17	0.050289
15.18	0.051377
15.19	0.052295
15.2	0.05323
15.21	0.053955
15.22	0.054691
15.23	0.055283
15.24	0.056187
15.25	0.05711
15.26	0.057561
15.27	0.058124
15.28	0.058663
15.29	0.058905
15.3	0.059161
15.31	0.059709
15.32	0.060307
15.33	0.060974
15.34	0.061597
15.35	0.062677
15.36	0.064074
15.37	0.065344
15.38	0.066642
15.39	0.067962
15.4	0.069551
15.41	0.070881
15.42	0.072636
15.43	0.074334
15.44	0.07614
15.45	0.077521
15.46	0.078937
15.47	0.080333
15.48	0.081381
15.49	0.082665
15.5	0.084352
15.51	0.085538
15.52	0.086517
15.53	0.0874
15.54	0.088385
15.55	0.089529
15.56	0.090483
15.57	0.091255
15.58	0.091573
15.59	0.091681
15.6	0.092245
15.61	0.092667
15.62	0.093064
15.63	0.093223
15.64	0.093
15.65	0.092583
15.66	0.092217
15.67	0.09158
15.68	0.091024
15.69	0.090403
15.7	0.089965
15.71	0.089438
15.72	0.0887
15.73	0.088443
15.74	0.08829
15.75	0.08836
15.76	0.088637
15.77	0.088833
15.78	0.089299
15.79	0.090023
15.8	0.090692
15.81	0.091091
15.82	0.091922
15.83	0.092593
15.84	0.093545
15.85	0.094545
15.86	0.09537
15.87	0.096307
15.88	0.097576
15.89	0.098416
15.9	0.099554
15.91	0.10057
15.92	0.10155
15.93	0.10267
15.94	0.10389
15.95	0.10478
15.96	0.10545
15.97	0.1063
15.98	0.10732
15.99	0.10847
16	0.10955
16.01	0.11104
16.02	0.11245
16.03	0.11375
16.04	0.11494
16.05	0.1159
16.06	0.11676
16.07	0.11747
16.08	0.11796
16.09	0.11811
16.1	0.11863
16.11	0.11941
16.12	0.12035
16.13	0.12113
16.14	0.1218
16.15	0.12268
16.16	0.12348
16.17	0.12417
16.18	0.12487
16.19	0.12549
16.2	0.12605
16.21	0.12628
16.22	0.12642
16.23	0.12658
16.24	0.12649
16.25	0.12644
16.26	0.12661
16.27	0.12674
16.28	0.12667
16.29	0.12651
16.3	0.12659
16.31	0.12645
16.32	0.12637
16.33	0.126
16.34	0.12606
16.35	0.1261
16.36	0.12632
16.37	0.1262
16.38	0.12606
16.39	0.12572
16.4	0.12565
16.41	0.12624
16.42	0.12655
16.43	0.12692
16.44	0.127
16.45	0.12672
16.46	0.12627
16.47	0.12557
16.48	0.12514
16.49	0.12463
16.5	0.12399
16.51	0.12378
16.52	0.12416
16.53	0.12459
16.54	0.12474
16.55	0.12449
16.56	0.12374
16.57	0.1235
16.58	0.12351
16.59	0.12366
16.6	0.12356
16.61	0.12332
16.62	0.12321
16.63	0.12335
16.64	0.12373
16.65	0.12422
16.66	0.12486
16.67	0.12515
16.68	0.12513
16.69	0.12528
16.7	0.12542
16.71	0.12578
16.72	0.12618
16.73	0.12672
16.74	0.12711
16.75	0.12769
16.76	0.12827
16.77	0.1291
16.78	0.12992
16.79	0.13062
16.8	0.1315
16.81	0.13248
16.82	0.13395
16.83	0.13531
16.84	0.13646
16.85	0.1373
16.86	0.13779
16.87	0.13821
16.88	0.13878
16.89	0.13904
16.9	0.13913
16.91	0.1394
16.92	0.13962
16.93	0.13964
16.94	0.13973
16.95	0.13965
16.96	0.13921
16.97	0.13874
16.98	0.1382
16.99	0.13762
17	0.1369
17.01	0.13607
17.02	0.13515
17.03	0.13403
17.04	0.13288
17.05	0.13153
17.06	0.13048
17.07	0.12947
17.08	0.12847
17.09	0.12748
17.1	0.1267
17.11	0.12598
17.12	0.12531
17.13	0.1248
17.14	0.12403
17.15	0.12323
17.16	0.12257
17.17	0.12172
17.18	0.12137
17.19	0.12121
17.2	0.12096
17.21	0.12123
17.22	0.12127
17.23	0.12117
17.24	0.12133
17.25	0.12148
17.26	0.12129
17.27	0.12132
17.28	0.12146
17.29	0.12124
17.3	0.12127
17.31	0.12143
17.32	0.12149
17.33	0.12133
17.34	0.12096
17.35	0.12105
17.36	0.12092
17.37	0.12073
17.38	0.12068
17.39	0.12043
17.4	0.12041
17.41	0.12028
17.42	0.12
17.43	0.1198
17.44	0.11952
17.45	0.11928
17.46	0.11933
17.47	0.11938
17.48	0.1191
17.49	0.11889
17.5	0.11892
17.51	0.11866
17.52	0.11829
17.53	0.11782
17.54	0.11735
17.55	0.11652
17.56	0.11578
17.57	0.11521
17.58	0.11477
17.59	0.11423
17.6	0.11363
17.61	0.1131
17.62	0.11308
17.63	0.11305
17.64	0.11307
17.65	0.11304
17.66	0.11301
17.67	0.11309
17.68	0.11319
17.69	0.11332
17.7	0.11355
17.71	0.11337
17.72	0.1126
17.73	0.11171
17.74	0.11094
17.75	0.11033
17.76	0.10968
17.77	0.10845
17.78	0.10725
17.79	0.1061
17.8	0.10479
17.81	0.10289
17.82	0.10081
17.83	0.098661
17.84	0.096495
17.85	0.094322
17.86	0.092311
17.87	0.09056
17.88	0.088904
17.89	0.087205
17.9	0.085752
17.91	0.084434
17.92	0.083274
17.93	0.082294
17.94	0.081472
17.95	0.0803
17.96	0.079138
17.97	0.07797
17.98	0.077133
17.99	0.076323
18	0.075473
18.01	0.074413
18.02	0.073606
18.03	0.072874
18.04	0.071855
18.05	0.071074
18.06	0.070347
18.07	0.069508
18.08	0.069257
18.09	0.069021
18.1	0.068584
18.11	0.06848
18.12	0.068819
18.13	0.069015
18.14	0.068895
18.15	0.068909
18.16	0.068476
18.17	0.068163
18.18	0.067896
18.19	0.067964
18.2	0.067835
18.21	0.067957
18.22	0.068241
18.23	0.068376
18.24	0.068691
18.25	0.068996
18.26	0.069435
18.27	0.069644
18.28	0.069884
18.29	0.070131
18.3	0.070125
18.31	0.070068
18.32	0.070173
18.33	0.069998
18.34	0.069773
18.35	0.069723
18.36	0.069631
18.37	0.069919
18.38	0.07013
18.39	0.070518
18.4	0.070891
18.41	0.07153
18.42	0.072247
18.43	0.072876
18.44	0.07354
18.45	0.074359
18.46	0.075015
18.47	0.075441
18.48	0.075771
18.49	0.076166
18.5	0.076568
18.51	0.077028
18.52	0.077181
18.53	0.077458
18.54	0.077881
18.55	0.078676
18.56	0.079266
18.57	0.079416
18.58	0.079449
18.59	0.079463
18.6	0.079758
18.61	0.079811
18.62	0.079948
18.63	0.080653
18.64	0.081195
18.65	0.081609
18.66	0.081986
18.67	0.082233
18.68	0.082633
18.69	0.083033
18.7	0.082908
18.71	0.082606
18.72	0.082274
18.73	0.081796
18.74	0.081
18.75	0.080405
18.76	0.079758
18.77	0.079377
18.78	0.078662
18.79	0.077859
18.8	0.077078
18.81	0.07605
18.82	0.074333
18.83	0.07263
18.84	0.070809
18.85	0.069302
18.86	0.067604
18.87	0.06601
18.88	0.064546
18.89	0.063011
18.9	0.061258
18.91	0.059346
18.92	0.057171
18.93	0.055855
18.94	0.054624
18.95	0.053294
18.96	0.052004
18.97	0.051349
18.98	0.050871
18.99	0.050103
19	0.049406
19.01	0.048445
19.02	0.047132
19.03	0.045715
19.04	0.04463
19.05	0.043628
19.06	0.04295
19.07	0.042541
19.08	0.042251
19.09	0.042086
19.1	0.04193
19.11	0.041901
19.12	0.041695
19.13	0.04158
19.14	0.04179
19.15	0.042087
19.16	0.042368
19.17	0.0423
19.18	0.042387
19.19	0.042194
19.2	0.041856
19.21	0.041412
19.22	0.040807
19.23	0.040371
19.24	0.03991
19.25	0.039248
19.26	0.038829
19.27	0.038448
19.28	0.038207
19.29	0.037747
19.3	0.03736
19.31	0.037189
19.32	0.036881
19.33	0.036041
19.34	0.035268
19.35	0.034452
19.36	0.034018
19.37	0.033526
19.38	0.032882
19.39	0.032804
19.4	0.032568
19.41	0.032216
19.42	0.032257
19.43	0.032282
19.44	0.032108
19.45	0.03209
19.46	0.032277
19.47	0.032201
19.48	0.032006
19.49	0.031913
19.5	0.032386
19.51	0.032592
19.52	0.03305
19.53	0.033623
19.54	0.033852
19.55	0.033952
19.56	0.033826
19.57	0.033709
19.58	0.033415
19.59	0.033105
19.6	0.033244
19.61	0.033372
19.62	0.033382
19.63	0.03361
19.64	0.033911
19.65	0.033999
19.66	0.034205
19.67	0.034156
19.68	0.034134
19.69	0.03376
19.7	0.033618
19.71	0.033433
19.72	0.033007
19.73	0.032215
19.74	0.03156
19.75	0.0312
19.76	0.03094
19.77	0.030701
19.78	0.030159
19.79	0.029486
19.8	0.02873
19.81	0.028223
19.82	0.028025
19.83	0.028217
19.84	0.028115
19.85	0.028191
19.86	0.028675
19.87	0.029464
19.88	0.030429
19.89	0.031336
19.9	0.032446
19.91	0.033488
19.92	0.034121
19.93	0.034822
19.94	0.035438
19.95	0.03607
19.96	0.036444
19.97	0.036694
19.98	0.036993
19.99	0.037422
20	0.038066
20.01	0.038473
20.02	0.038579
20.03	0.039077
20.04	0.039498
20.05	0.039733
20.06	0.039931
20.07	0.039901
20.08	0.040286
20.09	0.040441
20.1	0.04028
20.11	0.040321
20.12	0.040064
20.13	0.039612
20.14	0.038998
20.15	0.038549
20.16	0.038228
20.17	0.038087
20.18	0.037763
20.19	0.037391
20.2	0.036767
20.21	0.03574
20.22	0.034697
20.23	0.033632
20.24	0.032269
20.25	0.030569
20.26	0.028969
20.27	0.027785
20.28	0.026425
20.29	0.025077
20.3	0.023796
20.31	0.022558
20.32	0.021367
20.33	0.020605
20.34	0.01987
20.35	0.019117
20.36	0.01872
20.37	0.018247
20.38	0.01773
20.39	0.017539
20.4	0.017209
20.41	0.017059
20.42	0.016892
20.43	0.016532
20.44	0.01617
20.45	0.016021
20.46	0.015475
20.47	0.014591
20.48	0.013706
20.49	0.013092
20.5	0.012399
20.51	0.012084
20.52	0.012155
20.53	0.012284
20.54	0.012728
20.55	0.01361
20.56	0.014327
20.57	0.015145
20.58	0.015721
20.59	0.015931
20.6	0.01612
20.61	0.016093
20.62	0.016045
20.63	0.016665
20.64	0.016944
20.65	0.016959
20.66	0.017
20.67	0.01725
20.68	0.017115
20.69	0.016696
20.7	0.016134
20.71	0.015269
20.72	0.014082
20.73	0.013302
20.74	0.012473
20.75	0.011706
20.76	0.011337
20.77	0.010796
20.78	0.010167
20.79	0.0095542
20.8	0.009082
20.81	0.0082887
20.82	0.0074606
20.83	0.0065448
20.84	0.0057406
20.85	0.0051437
20.86	0.0045626
20.87	0.0039407
20.88	0.0028937
20.89	0.0017741
20.9	0.0011267
20.91	0.00072446
20.92	0.00016395
20.93	-0.00040159
20.94	-0.00084258
20.95	-0.0011704
20.96	-0.0016035
20.97	-0.0021978
20.98	-0.0025808
20.99	-0.0033455
21	-0.0040257
21.01	-0.0042069
21.02	-0.0041869
21.03	-0.0041388
21.04	-0.0039007
21.05	-0.0037715
21.06	-0.0032683
21.07	-0.0027408
21.08	-0.0025273
21.09	-0.0022537
21.1	-0.0021717
21.11	-0.0020474
21.12	-0.0021168
21.13	-0.0023765
21.14	-0.0027034
21.15	-0.0030913
21.16	-0.0037122
21.17	-0.004063
21.18	-0.0045649
21.19	-0.0049287
21.2	-0.0051909
21.21	-0.0054673
21.22	-0.0056736
21.23	-0.0059493
21.24	-0.0063009
21.25	-0.0065289
21.26	-0.0068825
21.27	-0.0070369
21.28	-0.0068422
21.29	-0.0068164
21.3	-0.0062989
21.31	-0.0054442
21.32	-0.004472
21.33	-0.0036975
21.34	-0.0028264
21.35	-0.0016538
21.36	-0.00061921
21.37	0.00041341
21.38	0.0016444
21.39	0.0027025
21.4	0.0035898
21.41	0.0048494
21.42	0.0063645
21.43	0.0078467
21.44	0.0091913
21.45	0.010553
21.46	0.011928
21.47	0.013104
21.48	0.014443
21.49	0.015744
21.5	0.017025
21.51	0.018246
21.52	0.019287
21.53	0.020097
21.54	0.020928
21.55	0.022162
21.56	0.023422
21.57	0.024203
21.58	0.024605
21.59	0.02515
21.6	0.02565
21.61	0.026089
21.62	0.026808
21.63	0.027118
21.64	0.027651
21.65	0.028258
21.66	0.028962
21.67	0.030084
21.68	0.031038
21.69	0.031789
21.7	0.03245
21.71	0.033111
21.72	0.03365
21.73	0.034152
21.74	0.034816
21.75	0.035476
21.76	0.036442
21.77	0.03771
21.78	0.038903
21.79	0.039805
21.8	0.040874
21.81	0.041846
21.82	0.042822
21.83	0.043677
21.84	0.044498
21.85	0.045487
21.86	0.046753
21.87	0.048084
21.88	0.048977
21.89	0.049746
21.9	0.050764
21.91	0.051538
21.92	0.05201
21.93	0.052296
21.94	0.052874
21.95	0.053211
21.96	0.053382
21.97	0.053513
21.98	0.053871
21.99	0.05378
22	0.053764
22.01	0.053545
22.02	0.053082
22.03	0.052806
22.04	0.052889
22.05	0.053249
22.06	0.053155
22.07	0.053373
22.08	0.053674
22.09	0.05374
22.1	0.05405
22.11	0.054632
22.12	0.055202
22.13	0.055948
22.14	0.056762
22.15	0.05762
22.16	0.058375
22.17	0.059581
22.18	0.060778
22.19	0.061652
22.2	0.062305
22.21	0.063071
22.22	0.063877
22.23	0.064649
22.24	0.065469
22.25	0.0663
22.26	0.067227
22.27	0.068139
22.28	0.068967
22.29	0.069884
22.3	0.0707
22.31	0.071744
22.32	0.072835
22.33	0.073684
22.34	0.074458
22.35	0.075318
22.36	0.075958
22.37	0.076825
22.38	0.077203
22.39	0.077508
22.4	0.07781
22.41	0.078429
22.42	0.078812
22.43	0.078786
22.44	0.078682
22.45	0.078754
22.46	0.078865
22.47	0.078708
22.48	0.078495
22.49	0.078125
22.5	0.077583
22.51	0.077244
22.52	0.077117
22.53	0.076973
22.54	0.07661
22.55	0.076459
22.56	0.076775
22.57	0.076879
22.58	0.077038
22.59	0.077217
22.6	0.077535
22.61	0.077967
22.62	0.078323
22.63	0.07873
22.64	0.079123
22.65	0.079711
22.66	0.080431
22.67	0.080971
22.68	0.081481
22.69	0.082108
22.7	0.082883
22.71	0.083444
22.72	0.083594
22.73	0.08353
22.74	0.083184
22.75	0.082927
22.76	0.083365
22.77	0.083841
22.78	0.084339
22.79	0.085016
22.8	0.085402
22.81	0.085792
22.82	0.085917
22.83	0.086145
22.84	0.086378
22.85	0.086655
22.86	0.087086
22.87	0.087581
22.88	0.08819
22.89	0.088845
22.9	0.089521
22.91	0.089958
22.92	0.090273
22.93	0.090704
22.94	0.090932
22.95	0.091048
22.96	0.091042
22.97	0.091297
22.98	0.091607
22.99	0.091749
23	0.092118
23.01	0.091896
23.02	0.091772
23.03	0.09146
23.04	0.091261
23.05	0.091407
23.06	0.091597
23.07	0.09196
23.08	0.092468
23.09	0.093205
23.1	0.093825
23.11	0.094237
23.12	0.094454
23.13	0.094666
23.14	0.09484
23.15	0.09519
23.16	0.095369
23.17	0.095817
23.18	0.096328
23.19	0.0969
23.2	0.097658
23.21	0.098568
23.22	0.099539
23.23	0.10017
23.24	0.1007
23.25	0.10138
23.26	0.10187
23.27	0.1023
23.28	0.10267
23.29	0.10282
23.3	0.10258
23.31	0.10226
23.32	0.10156
23.33	0.10076
23.34	0.099927
23.35	0.099183
23.36	0.098289
23.37	0.097099
23.38	0.095849
23.39	0.094439
23.4	0.092691
23.41	0.091526
23.42	0.090421
23.43	0.089569
23.44	0.08872
23.45	0.087675
23.46	0.086773
23.47	0.085926
23.48	0.085002
23.49	0.084041
23.5	0.083386
23.51	0.082941
23.52	0.082338
23.53	0.081921
23.54	0.081497
23.55	0.081039
23.56	0.081037
23.57	0.080962
23.58	0.080808
23.59	0.08057
23.6	0.080491
23.61	0.080439
23.62	0.080541
23.63	0.080817
23.64	0.081345
23.65	0.081475
23.66	0.081616
23.67	0.081811
23.68	0.081833
23.69	0.082001
23.7	0.082226
23.71	0.08209
23.72	0.082004
23.73	0.081884
23.74	0.081834
23.75	0.081481
23.76	0.080977
23.77	0.080283
23.78	0.079848
23.79	0.079235
23.8	0.078312
23.81	0.076991
23.82	0.075762
23.83	0.074443
23.84	0.073178
23.85	0.071885
23.86	0.07093
23.87	0.070103
23.88	0.069471
23.89	0.069167
23.9	0.068808
23.91	0.068489
23.92	0.068144
23.93	0.067998
23.94	0.067759
23.95	0.067283
23.96	0.067045
23.97	0.066661
23.98	0.066257
23.99	0.066025
24	0.065921
24.01	0.065619
24.02	0.064878
24.03	0.063882
24.04	0.062794
24.05	0.061522
24.06	0.060436
24.07	0.058949
24.08	0.057533
24.09	0.056293
24.1	0.055536
24.11	0.054616
24.12	0.053631
24.13	0.052702
24.14	0.051971
24.15	0.050837
24.16	0.0498
24.17	0.048712
24.18	0.048172
24.19	0.047436
24.2	0.046765
24.21	0.045924
24.22	0.044854
24.23	0.043875
24.24	0.04284
24.25	0.041748
24.26	0.040645
24.27	0.03947
24.28	0.038682
24.29	0.037905
24.3	0.036877
24.31	0.035929
24.32	0.034717
24.33	0.033674
24.34	0.032668
24.35	0.03131
24.36	0.030188
24.37	0.029417
24.38	0.028897
24.39	0.028416
24.4	0.02749
24.41	0.026608
24.42	0.025694
24.43	0.02504
24.44	0.02473
24.45	0.024355
24.46	0.023668
24.47	0.023132
24.48	0.022788
24.49	0.02264
24.5	0.022325
24.51	0.021884
24.52	0.021187
24.53	0.0203
24.54	0.019045
24.55	0.01804
24.56	0.017438
24.57	0.01663
24.58	0.015727
24.59	0.014576
24.6	0.013422
24.61	0.012278
24.62	0.010595
24.63	0.0087559
24.64	0.006552
24.65	0.0041468
24.66	0.0016964
24.67	-0.00086339
24.68	-0.0036673
24.69	-0.0062604
24.7	-0.0088772
24.71	-0.011513
24.72	-0.014345
24.73	-0.017251
24.74	-0.019955
24.75	-0.022869
24.76	-0.025843
24.77	-0.028997
24.78	-0.032391
24.79	-0.035692
24.8	-0.038821
24.81	-0.041916
24.82	-0.045379
24.83	-0.048668
24.84	-0.051844
24.85	-0.054963
24.86	-0.058025
24.87	-0.06106
24.88	-0.064351
24.89	-0.067608
24.9	-0.070661
24.91	-0.073489
24.92	-0.076152
24.93	-0.078735
24.94	-0.081034
24.95	-0.083199
24.96	-0.085325
24.97	-0.087292
24.98	-0.089075
24.99	-0.090937
25	-0.092734
25.01	-0.094247
25.02	-0.095927
25.03	-0.097182
25.04	-0.098339
25.05	-0.099351
25.06	-0.10055
25.07	-0.10174
25.08	-0.10309
25.09	-0.10403
25.1	-0.10458
25.11	-0.10499
25.12	-0.10573
25.13	-0.10632
25.14	-0.10708
25.15	-0.10816
25.16	-0.10947
25.17	-0.11064
25.18	-0.11166
25.19	-0.1128
25.2	-0.11383
25.21	-0.11472
25.22	-0.11538
25.23	-0.11577
25.24	-0.11626
25.25	-0.11704
25.26	-0.11816
25.27	-0.11902
25.28	-0.11981
25.29	-0.12055
25.3	-0.12142
25.31	-0.12257
25.32	-0.12354
25.33	-0.12427
25.34	-0.12525
25.35	-0.12618
25.36	-0.12708
25.37	-0.12825
25.38	-0.12909
25.39	-0.12982
25.4	-0.13049
25.41	-0.13081
25.42	-0.13145
25.43	-0.13197
25.44	-0.13259
25.45	-0.1333
25.46	-0.13412
25.47	-0.13438
25.48	-0.13445
25.49	-0.13443
25.5	-0.134
25.51	-0.1333
25.52	-0.13279
25.53	-0.13202
25.54	-0.1314
25.55	-0.13074
25.56	-0.1303
25.57	-0.12999
25.58	-0.12949
25.59	-0.12929
25.6	-0.12889
25.61	-0.12886
25.62	-0.12887
25.63	-0.12879
25.64	-0.12912
25.65	-0.12916
25.66	-0.12889
25.67	-0.12859
25.68	-0.12821
25.69	-0.12777
25.7	-0.12717
25.71	-0.12662
25.72	-0.12589
25.73	-0.12509
25.74	-0.12428
25.75	-0.12367
25.76	-0.12305
25.77	-0.12245
25.78	-0.12189
25.79	-0.12116
25.8	-0.12042
25.81	-0.11999
25.82	-0.1198
25.83	-0.11947
25.84	-0.11943
25.85	-0.11935
25.86	-0.11899
25.87	-0.11876
25.88	-0.11874
25.89	-0.11847
25.9	-0.11793
25.91	-0.11759
25.92	-0.11733
25.93	-0.1172
25.94	-0.117
25.95	-0.11687
25.96	-0.11656
25.97	-0.11582
25.98	-0.11496
25.99	-0.11398
26	-0.1131
26.01	-0.11232
26.02	-0.11153
26.03	-0.11061
26.04	-0.11018
26.05	-0.1098
26.06	-0.10964
26.07	-0.10949
26.08	-0.109
26.09	-0.10859
26.1	-0.10813
26.11	-0.10774
26.12	-0.1074
26.13	-0.10708
26.14	-0.10669
26.15	-0.10639
26.16	-0.10617
26.17	-0.1058
26.18	-0.10542
26.19	-0.10511
26.2	-0.10453
26.21	-0.10383
26.22	-0.10332
26.23	-0.10315
26.24	-0.10297
26.25	-0.10248
26.26	-0.10227
26.27	-0.10228
26.28	-0.10226
26.29	-0.10234
26.3	-0.10247
26.31	-0.1026
26.32	-0.10264
26.33	-0.10279
26.34	-0.10306
26.35	-0.10297
26.36	-0.10274
26.37	-0.10197
26.38	-0.10096
26.39	-0.10006
26.4	-0.098954
26.41	-0.098013
26.42	-0.097397
26.43	-0.09692
26.44	-0.096495
26.45	-0.096168
26.46	-0.096292
26.47	-0.096268
26.48	-0.096037
26.49	-0.095784
26.5	-0.095543
26.51	-0.095233
26.52	-0.095153
26.53	-0.095311
26.54	-0.095679
26.55	-0.096109
26.56	-0.096694
26.57	-0.097152
26.58	-0.097354
26.59	-0.097725
26.6	-0.09817
26.61	-0.098484
26.62	-0.098876
26.63	-0.099153
26.64	-0.099322
26.65	-0.099786
26.66	-0.10015
26.67	-0.10063
26.68	-0.10134
26.69	-0.10247
26.7	-0.10374
26.71	-0.10472
26.72	-0.1057
26.73	-0.10659
26.74	-0.10771
26.75	-0.10873
26.76	-0.11014
26.77	-0.11158
26.78	-0.11307
26.79	-0.11458
26.8	-0.11602
26.81	-0.11733
26.82	-0.11876
26.83	-0.11991
26.84	-0.1207
26.85	-0.12126
26.86	-0.12192
26.87	-0.12264
26.88	-0.12304
26.89	-0.12347
26.9	-0.12379
26.91	-0.12427
26.92	-0.12483
26.93	-0.12549
26.94	-0.12646
26.95	-0.12756
26.96	-0.12846
26.97	-0.12923
26.98	-0.12978
26.99	-0.13043
27	-0.13103
27.01	-0.13159
27.02	-0.13199
27.03	-0.13257
27.04	-0.1331
27.05	-0.13391
27.06	-0.13448
27.07	-0.13503
27.08	-0.1357
27.09	-0.13592
27.1	-0.13612
27.11	-0.13632
27.12	-0.13678
27.13	-0.13727
27.14	-0.13749
27.15	-0.13771
27.16	-0.13794
27.17	-0.13817
27.18	-0.13822
27.19	-0.13811
27.2	-0.13822
27.21	-0.13834
27.22	-0.13823
27.23	-0.13807
27.24	-0.13808
27.25	-0.13794
27.26	-0.13791
27.27	-0.13771
27.28	-0.13742
27.29	-0.1369
27.3	-0.13664
27.31	-0.13607
27.32	-0.1353
27.33	-0.1349
27.34	-0.1348
27.35	-0.13478
27.36	-0.1351
27.37	-0.13505
27.38	-0.135
27.39	-0.13494
27.4	-0.1349
27.41	-0.13486
27.42	-0.13501
27.43	-0.13488
27.44	-0.13487
27.45	-0.13485
27.46	-0.13517
27.47	-0.13541
27.48	-0.13522
27.49	-0.1353
27.5	-0.13555
27.51	-0.13579
27.52	-0.13626
27.53	-0.13685
27.54	-0.13758
27.55	-0.1383
27.56	-0.13904
27.57	-0.13998
27.58	-0.14078
27.59	-0.14186
27.6	-0.14286
27.61	-0.14342
27.62	-0.14382
27.63	-0.14412
27.64	-0.14449
27.65	-0.1447
27.66	-0.1452
27.67	-0.14554
27.68	-0.14583
27.69	-0.14613
27.7	-0.14623
27.71	-0.14644
27.72	-0.14653
27.73	-0.1466
27.74	-0.14679
27.75	-0.14699
27.76	-0.14708
27.77	-0.14701
27.78	-0.14668
27.79	-0.14639
27.8	-0.14619
27.81	-0.14598
27.82	-0.146
27.83	-0.14629
27.84	-0.14664
27.85	-0.14676
27.86	-0.14695
27.87	-0.1472
27.88	-0.14737
27.89	-0.14761
27.9	-0.14779
27.91	-0.14795
27.92	-0.14839
27.93	-0.14877
27.94	-0.14906
27.95	-0.14939
27.96	-0.14987
27.97	-0.15014
27.98	-0.15027
27.99	-0.15027
28	-0.15044
28.01	-0.15073
28.02	-0.15098
28.03	-0.15149
28.04	-0.15209
28.05	-0.15285
28.06	-0.15352
28.07	-0.15403
28.08	-0.15443
28.09	-0.15467
28.1	-0.15465
28.11	-0.15457
28.12	-0.15442
28.13	-0.15414
28.14	-0.15388
28.15	-0.15349
28.16	-0.15293
28.17	-0.15207
28.18	-0.15137
28.19	-0.15069
28.2	-0.14976
28.21	-0.14855
28.22	-0.14746
28.23	-0.14639
28.24	-0.14536
28.25	-0.14464
28.26	-0.14403
28.27	-0.14346
28.28	-0.14291
28.29	-0.14226
28.3	-0.14179
28.31	-0.1413
28.32	-0.14056
28.33	-0.1401
28.34	-0.13946
28.35	-0.1386
28.36	-0.13778
28.37	-0.13688
28.38	-0.13634
28.39	-0.13589
28.4	-0.13559
28.41	-0.13529
28.42	-0.13529
28.43	-0.13555
28.44	-0.13636
28.45	-0.1371
28.46	-0.13754
28.47	-0.13803
28.48	-0.13858
28.49	-0.13904
28.5	-0.1399
28.51	-0.14078
28.52	-0.14158
28.53	-0.14222
28.54	-0.14301
28.55	-0.14392
28.56	-0.14489
28.57	-0.14644
28.58	-0.14792
28.59	-0.14898
28.6	-0.14973
28.61	-0.15067
28.62	-0.15184
28.63	-0.15294
28.64	-0.15414
28.65	-0.1548
28.66	-0.15529
28.67	-0.15562
28.68	-0.15605
28.69	-0.15683
28.7	-0.15777
28.71	-0.15833
28.72	-0.15872
28.73	-0.15917
28.74	-0.15982
28.75	-0.16076
28.76	-0.16114
28.77	-0.16154
28.78	-0.16194
28.79	-0.16253
28.8	-0.1631
28.81	-0.16377
28.82	-0.16431
28.83	-0.16479
28.84	-0.16513
28.85	-0.16564
28.86	-0.16597
28.87	-0.16603
28.88	-0.16636
28.89	-0.16687
28.9	-0.16718
28.91	-0.16763
28.92	-0.16825
28.93	-0.16885
28.94	-0.16954
28.95	-0.17054
28.96	-0.17149
28.97	-0.17224
28.98	-0.17314
28.99	-0.17395
29	-0.17469
29.01	-0.17531
29.02	-0.17552
29.03	-0.17545
29.04	-0.17521
29.05	-0.17474
29.06	-0.17387
29.07	-0.17305
29.08	-0.17221
29.09	-0.17161
29.1	-0.17146
29.11	-0.17129
29.12	-0.1706
29.13	-0.17003
29.14	-0.16946
29.15	-0.16893
29.16	-0.16836
29.17	-0.16807
29.18	-0.16794
29.19	-0.16755
29.2	-0.1673
29.21	-0.16702
29.22	-0.16687
29.23	-0.16657
29.24	-0.16631
29.25	-0.16598
29.26	-0.1657
29.27	-0.16537
29.28	-0.16494
29.29	-0.16479
29.3	-0.16473
29.31	-0.16467
29.32	-0.16445
29.33	-0.16428
29.34	-0.16437
29.35	-0.1644
29.36	-0.16448
29.37	-0.16459
29.38	-0.16481
29.39	-0.16481
29.4	-0.16493
29.41	-0.16516
29.42	-0.16552
29.43	-0.16564
29.44	-0.1655
29.45	-0.16558
29.46	-0.16553
29.47	-0.16524
29.48	-0.16474
29.49	-0.16413
29.5	-0.16338
29.51	-0.1627
29.52	-0.16192
29.53	-0.16121
29.54	-0.16048
29.55	-0.15962
29.56	-0.15884
29.57	-0.15779
29.58	-0.15639
29.59	-0.15526
29.6	-0.15413
29.61	-0.15316
29.62	-0.15213
29.63	-0.15107
29.64	-0.15006
29.65	-0.14905
29.66	-0.14826
29.67	-0.14764
29.68	-0.14686
29.69	-0.14628
29.7	-0.14582
29.71	-0.14535
29.72	-0.14474
29.73	-0.14455
29.74	-0.14417
29.75	-0.14398
29.76	-0.14354
29.77	-0.14358
29.78	-0.14349
29.79	-0.1435
29.8	-0.14367
29.81	-0.14373
29.82	-0.14404
29.83	-0.14455
29.84	-0.14483
29.85	-0.14542
29.86	-0.1459
29.87	-0.1465
29.88	-0.14682
29.89	-0.1468
29.9	-0.14652
29.91	-0.14578
29.92	-0.14528
29.93	-0.14459
29.94	-0.1437
29.95	-0.14286
29.96	-0.14192
29.97	-0.14139
29.98	-0.14101
29.99	-0.14021
30	-0.13976
30.01	-0.13935
30.02	-0.13911
30.03	-0.13876
30.04	-0.13825
30.05	-0.13784
30.06	-0.13741
30.07	-0.1371
30.08	-0.13674
30.09	-0.13584
30.1	-0.13523
30.11	-0.13442
30.12	-0.13358
30.13	-0.13259
30.14	-0.1316
30.15	-0.13043
30.16	-0.12954
30.17	-0.12879
30.18	-0.12784
30.19	-0.12718
30.2	-0.12638
30.21	-0.1255
30.22	-0.12479
30.23	-0.12413
30.24	-0.12337
30.25	-0.12268
30.26	-0.12241
30.27	-0.1222
30.28	-0.12243
30.29	-0.12316
30.3	-0.12367
30.31	-0.12407
30.32	-0.12478
30.33	-0.1256
30.34	-0.12657
30.35	-0.12754
30.36	-0.1283
30.37	-0.12911
30.38	-0.13012
30.39	-0.13084
30.4	-0.13151
30.41	-0.1322
30.42	-0.13288
30.43	-0.13357
30.44	-0.13428
30.45	-0.13504
30.46	-0.13553
30.47	-0.13622
30.48	-0.13683
30.49	-0.13754
30.5	-0.13806
30.51	-0.13867
30.52	-0.1391
30.53	-0.13945
30.54	-0.13972
30.55	-0.13972
30.56	-0.13939
30.57	-0.13917
30.58	-0.139
30.59	-0.13888
30.6	-0.13887
30.61	-0.13867
30.62	-0.13825
30.63	-0.13756
30.64	-0.13695
30.65	-0.13653
30.66	-0.1362
30.67	-0.13573
30.68	-0.13529
30.69	-0.13512
30.7	-0.13493
30.71	-0.13469
30.72	-0.13458
30.73	-0.13426
30.74	-0.13369
30.75	-0.13303
30.76	-0.13253
30.77	-0.13198
30.78	-0.13112
30.79	-0.13032
30.8	-0.12985
30.81	-0.12947
30.82	-0.12925
30.83	-0.12894
30.84	-0.12845
30.85	-0.12769
30.86	-0.12693
30.87	-0.12609
30.88	-0.12523
30.89	-0.1246
30.9	-0.12391
30.91	-0.1234
30.92	-0.123
30.93	-0.12264
30.94	-0.1222
30.95	-0.12135
30.96	-0.12051
30.97	-0.11985
30.98	-0.11918
30.99	-0.11841
31	-0.11765
31.01	-0.11688
31.02	-0.11588
31.03	-0.11494
31.04	-0.11401
31.05	-0.11327
31.06	-0.11236
31.07	-0.11141
31.08	-0.11066
31.09	-0.10995
31.1	-0.10924
31.11	-0.10858
31.12	-0.10803
31.13	-0.1075
31.14	-0.10676
31.15	-0.1059
31.16	-0.10497
31.17	-0.10421
31.18	-0.10356
31.19	-0.10291
31.2	-0.10203
31.21	-0.10119
31.22	-0.10005
31.23	-0.099033
31.24	-0.097674
31.25	-0.096313
31.26	-0.094831
31.27	-0.093274
31.28	-0.091643
31.29	-0.089981
31.3	-0.088089
31.31	-0.086156
31.32	-0.084077
31.33	-0.08204
31.34	-0.079844
31.35	-0.077452
31.36	-0.074926
31.37	-0.072453
31.38	-0.069917
31.39	-0.067305
31.4	-0.064819
31.41	-0.062638
31.42	-0.060462
31.43	-0.058638
31.44	-0.05692
31.45	-0.055112
31.46	-0.053189
31.47	-0.051466
31.48	-0.04947
31.49	-0.047419
31.5	-0.04559
31.51	-0.043848
31.52	-0.042078
31.53	-0.039892
31.54	-0.037448
31.55	-0.034964
31.56	-0.032549
31.57	-0.030442
31.58	-0.02835
31.59	-0.026529
31.6	-0.024371
31.61	-0.022271
31.62	-0.020328
31.63	-0.018471
31.64	-0.016745
31.65	-0.015103
31.66	-0.013456
31.67	-0.012118
31.68	-0.01108
31.69	-0.010244
31.7	-0.0090446
31.71	-0.0076876
31.72	-0.0064296
31.73	-0.0049635
31.74	-0.0037237
31.75	-0.0028
31.76	-0.0016102
31.77	-0.00026736
31.78	0.0010029
31.79	0.002216
31.8	0.0030918
31.81	0.0038518
31.82	0.0045526
31.83	0.0054207
31.84	0.0063233
31.85	0.0070417
31.86	0.0078638
31.87	0.0087186
31.88	0.0095809
31.89	0.010278
31.9	0.010844
31.91	0.011549
31.92	0.012548
31.93	0.013113
31.94	0.013775
31.95	0.014184
31.96	0.014417
31.97	0.014539
31.98	0.014972
31.99	0.015263
32	0.01562
32.01	0.015924
32.02	0.016154
32.03	0.016482
32.04	0.016893
32.05	0.017264
32.06	0.017747
32.07	0.018067
32.08	0.018301
32.09	0.018399
32.1	0.018523
32.11	0.018219
32.12	0.018052
32.13	0.017963
32.14	0.017921
32.15	0.018149
32.16	0.018562
32.17	0.018803
32.18	0.019031
32.19	0.019296
32.2	0.019801
32.21	0.020648
32.22	0.021529
32.23	0.022425
32.24	0.023403
32.25	0.02434
32.26	0.025372
32.27	0.026126
32.28	0.026632
32.29	0.026987
32.3	0.027187
32.31	0.027323
32.32	0.027592
32.33	0.027706
32.34	0.027981
32.35	0.028196
32.36	0.028028
32.37	0.027788
32.38	0.027424
32.39	0.026714
32.4	0.025944
32.41	0.025073
32.42	0.024216
32.43	0.023229
32.44	0.021936
32.45	0.020526
32.46	0.01902
32.47	0.017475
32.48	0.015694
32.49	0.013979
32.5	0.011985
32.51	0.010005
32.52	0.0081878
32.53	0.0063898
32.54	0.0044507
32.55	0.0028035
32.56	0.0013641
32.57	-0.00025931
32.58	-0.0019579
32.59	-0.0034206
32.6	-0.0051503
32.61	-0.0068106
32.62	-0.0083563
32.63	-0.010021
32.64	-0.011292
32.65	-0.012499
32.66	-0.013883
32.67	-0.015281
32.68	-0.016569
32.69	-0.017923
32.7	-0.019355
32.71	-0.020823
32.72	-0.022453
32.73	-0.023958
32.74	-0.025113
32.75	-0.026102
32.76	-0.027133
32.77	-0.027802
32.78	-0.0285
32.79	-0.029253
32.8	-0.030231
32.81	-0.030995
32.82	-0.031681
32.83	-0.032239
32.84	-0.032977
32.85	-0.033729
32.86	-0.034205
32.87	-0.03469
32.88	-0.034913
32.89	-0.035082
32.9	-0.03545
32.91	-0.03589
32.92	-0.036373
32.93	-0.036615
32.94	-0.037101
32.95	-0.037977
32.96	-0.038719
32.97	-0.039706
32.98	-0.04061
32.99	-0.041732
33	-0.042945
33.01	-0.043989
33.02	-0.045175
33.03	-0.046299
33.04	-0.04745
33.05	-0.04866
33.06	-0.049667
33.07	-0.050538
33.08	-0.051215
33.09	-0.052003
33.1	-0.052651
33.11	-0.053309
33.12	-0.05353
33.13	-0.053726
33.14	-0.054075
33.15	-0.054499
33.16	-0.055195
33.17	-0.056224
33.18	-0.057078
33.19	-0.057738
33.2	-0.058458
33.21	-0.0592
33.22	-0.06022
33.23	-0.060964
33.24	-0.061991
33.25	-0.062719
33.26	-0.063048
33.27	-0.063463
33.28	-0.063982
33.29	-0.064483
33.3	-0.064772
33.31	-0.065263
33.32	-0.066057
33.33	-0.066898
33.34	-0.067916
33.35	-0.068788
33.36	-0.069857
33.37	-0.071166
33.38	-0.072663
33.39	-0.073767
33.4	-0.074992
33.41	-0.076527
33.42	-0.077977
33.43	-0.079579
33.44	-0.080971
33.45	-0.082497
33.46	-0.083907
33.47	-0.085513
33.48	-0.087145
33.49	-0.088545
33.5	-0.089517
33.51	-0.090277
33.52	-0.091143
33.53	-0.091824
33.54	-0.092461
33.55	-0.093084
33.56	-0.093555
33.57	-0.093874
33.58	-0.094188
33.59	-0.094396
33.6	-0.094562
33.61	-0.09466
33.62	-0.094801
33.63	-0.095122
33.64	-0.095285
33.65	-0.095376
33.66	-0.095438
33.67	-0.095548
33.68	-0.095224
33.69	-0.094577
33.7	-0.093717
33.71	-0.093316
33.72	-0.092621
33.73	-0.091878
33.74	-0.090882
33.75	-0.089965
33.76	-0.089076
33.77	-0.088295
33.78	-0.087533
33.79	-0.086812
33.8	-0.086265
33.81	-0.085644
33.82	-0.084891
33.83	-0.083993
33.84	-0.082825
33.85	-0.081723
33.86	-0.080622
33.87	-0.079612
33.88	-0.078444
33.89	-0.077675
33.9	-0.076576
33.91	-0.075414
33.92	-0.074436
33.93	-0.073712
33.94	-0.072816
33.95	-0.071947
33.96	-0.070953
33.97	-0.070052
33.98	-0.069504
33.99	-0.069102
34	-0.068488
34.01	-0.067958
34.02	-0.067518
34.03	-0.067211
34.04	-0.067232
34.05	-0.06694
34.06	-0.066628
34.07	-0.066503
34.08	-0.066504
34.09	-0.066474
34.1	-0.066513
34.11	-0.066008
34.12	-0.065539
34.13	-0.064998
34.14	-0.064537
34.15	-0.063764
34.16	-0.063214
34.17	-0.062774
34.18	-0.062398
34.19	-0.061911
34.2	-0.061119
34.21	-0.060017
34.22	-0.058914
34.23	-0.057669
34.24	-0.056775
34.25	-0.05625
34.26	-0.05608
34.27	-0.056061
34.28	-0.055846
34.29	-0.055726
34.3	-0.055669
34.31	-0.055649
34.32	-0.056066
34.33	-0.056395
34.34	-0.05686
34.35	-0.057446
34.36	-0.058279
34.37	-0.059207
34.38	-0.060093
34.39	-0.060883
34.4	-0.061213
34.41	-0.061602
34.42	-0.061827
34.43	-0.061889
34.44	-0.062079
34.45	-0.062288
34.46	-0.062387
34.47	-0.062605
34.48	-0.06298
34.49	-0.063189
34.5	-0.063365
34.51	-0.063873
34.52	-0.064424
34.53	-0.064701
34.54	-0.065135
34.55	-0.065879
34.56	-0.066545
34.57	-0.067101
34.58	-0.067988
34.59	-0.068678
34.6	-0.069347
34.61	-0.070013
34.62	-0.070598
34.63	-0.071071
34.64	-0.071194
34.65	-0.071379
34.66	-0.071395
34.67	-0.071189
34.68	-0.071015
34.69	-0.071128
34.7	-0.071309
34.71	-0.071298
34.72	-0.071232
34.73	-0.071299
34.74	-0.071347
34.75	-0.071321
34.76	-0.07153
34.77	-0.071944
34.78	-0.072335
34.79	-0.072674
34.8	-0.073044
34.81	-0.073412
34.82	-0.073946
34.83	-0.074244
34.84	-0.0749
34.85	-0.075819
34.86	-0.076871
34.87	-0.07809
34.88	-0.078884
34.89	-0.079608
34.9	-0.08037
34.91	-0.080984
34.92	-0.08168
34.93	-0.0821
34.94	-0.082643
34.95	-0.083212
34.96	-0.083738
34.97	-0.083928
34.98	-0.084072
34.99	-0.084106
35	-0.084046
35.01	-0.083763
35.02	-0.083734
35.03	-0.083623
35.04	-0.083626
35.05	-0.083675
35.06	-0.083796
35.07	-0.083827
35.08	-0.083897
35.09	-0.083887
35.1	-0.083713
35.11	-0.083877
35.12	-0.083931
35.13	-0.08403
35.14	-0.084111
35.15	-0.084291
35.16	-0.084726
35.17	-0.085373
35.18	-0.086342
35.19	-0.087255
35.2	-0.087996
35.21	-0.088452
35.22	-0.08876
35.23	-0.08904
35.24	-0.089304
35.25	-0.08929
35.26	-0.089243
35.27	-0.089204
35.28	-0.088995
35.29	-0.088667
35.3	-0.088236
35.31	-0.087688
35.32	-0.087333
35.33	-0.086968
35.34	-0.086479
35.35	-0.086477
35.36	-0.086774
35.37	-0.087063
35.38	-0.087398
35.39	-0.087757
35.4	-0.088203
35.41	-0.088616
35.42	-0.088843
35.43	-0.089105
35.44	-0.089288
35.45	-0.089353
35.46	-0.089247
35.47	-0.089199
35.48	-0.089255
35.49	-0.088992
35.5	-0.088858
35.51	-0.088641
35.52	-0.088444
35.53	-0.088385
35.54	-0.088439
35.55	-0.088541
35.56	-0.088688
35.57	-0.088712
35.58	-0.08862
35.59	-0.088434
35.6	-0.088138
35.61	-0.087938
35.62	-0.087723
35.63	-0.087489
35.64	-0.087393
35.65	-0.087455
35.66	-0.087581
35.67	-0.087898
35.68	-0.087721
35.69	-0.087308
35.7	-0.086848
35.71	-0.08652
35.72	-0.086011
35.73	-0.085268
35.74	-0.084543
35.75	-0.083734
35.76	-0.082895
35.77	-0.081848
35.78	-0.081081
35.79	-0.080241
35.8	-0.079303
35.81	-0.07836
35.82	-0.07739
35.83	-0.076371
35.84	-0.075451
35.85	-0.074386
35.86	-0.073411
35.87	-0.072212
35.88	-0.071198
35.89	-0.070517
35.9	-0.069869
35.91	-0.069153
35.92	-0.068634
35.93	-0.067854
35.94	-0.067025
35.95	-0.066199
35.96	-0.065394
35.97	-0.064655
35.98	-0.063825
35.99	-0.062915
36	-0.061815
36.01	-0.060613
36.02	-0.05937
36.03	-0.058283
36.04	-0.057192
36.05	-0.056131
36.06	-0.05498
36.07	-0.053733
36.08	-0.052478
36.09	-0.051359
36.1	-0.05025
36.11	-0.0489
36.12	-0.047527
36.13	-0.046312
36.14	-0.04537
36.15	-0.044416
36.16	-0.043536
36.17	-0.042651
36.18	-0.041749
36.19	-0.040751
36.2	-0.039589
36.21	-0.038455
36.22	-0.037491
36.23	-0.036725
36.24	-0.036092
36.25	-0.03542
36.26	-0.034794
36.27	-0.034477
36.28	-0.034344
36.29	-0.034329
36.3	-0.033924
36.31	-0.033409
36.32	-0.033125
36.33	-0.032964
36.34	-0.032774
36.35	-0.032435
36.36	-0.032025
36.37	-0.031494
36.38	-0.03127
36.39	-0.031168
36.4	-0.031216
36.41	-0.031298
36.42	-0.031499
36.43	-0.031422
36.44	-0.031375
36.45	-0.031154
36.46	-0.031219
36.47	-0.031115
36.48	-0.031056
36.49	-0.031205
36.5	-0.031595
36.51	-0.03218
36.52	-0.032542
36.53	-0.033053
36.54	-0.033476
36.55	-0.03426
36.56	-0.034964
36.57	-0.035441
36.58	-0.036007
36.59	-0.036279
36.6	-0.036603
36.61	-0.036803
36.62	-0.037193
36.63	-0.03751
36.64	-0.03763
36.65	-0.037666
36.66	-0.037829
36.67	-0.037942
36.68	-0.03798
36.69	-0.037973
36.7	-0.038012
36.71	-0.037875
36.72	-0.037825
36.73	-0.038082
36.74	-0.038545
36.75	-0.039051
36.76	-0.039481
36.77	-0.039434
36.78	-0.039249
36.79	-0.039355
36.8	-0.039231
36.81	-0.038671
36.82	-0.037985
36.83	-0.03751
36.84	-0.037077
36.85	-0.036843
36.86	-0.036453
36.87	-0.03599
36.88	-0.035206
36.89	-0.034241
36.9	-0.033376
36.91	-0.032511
36.92	-0.031591
36.93	-0.030373
36.94	-0.029317
36.95	-0.028195
36.96	-0.027048
36.97	-0.026131
36.98	-0.025131
36.99	-0.024161
37	-0.02319
37.01	-0.02214
37.02	-0.021052
37.03	-0.020107
37.04	-0.019274
37.05	-0.018512
37.06	-0.017703
37.07	-0.016921
37.08	-0.016246
37.09	-0.015669
37.1	-0.014881
37.11	-0.014248
37.12	-0.01348
37.13	-0.013089
37.14	-0.012827
37.15	-0.012707
37.16	-0.012644
37.17	-0.012668
37.18	-0.012638
37.19	-0.01286
37.2	-0.013195
37.21	-0.013109
37.22	-0.012731
37.23	-0.012481
37.24	-0.0122
37.25	-0.012111
37.26	-0.011854
37.27	-0.011816
37.28	-0.01153
37.29	-0.010713
37.3	-0.0095253
37.31	-0.0087016
37.32	-0.0081399
37.33	-0.007293
37.34	-0.0064919
37.35	-0.0058934
37.36	-0.0053759
37.37	-0.0049326
37.38	-0.0046067
37.39	-0.0043332
37.4	-0.0039055
37.41	-0.0036725
37.42	-0.0035528
37.43	-0.0033795
37.44	-0.0034077
37.45	-0.0033045
37.46	-0.0030427
37.47	-0.0027243
37.48	-0.0024123
37.49	-0.0016693
37.5	-0.0010478
37.51	-0.00022876
37.52	0.0004432
37.53	0.00109
37.54	0.0013959
37.55	0.0018308
37.56	0.0019795
37.57	0.0019671
37.58	0.0024163
37.59	0.0025617
37.6	0.0027399
37.61	0.0031256
37.62	0.0035631
37.63	0.0038349
37.64	0.0040471
37.65	0.0043168
37.66	0.0047902
37.67	0.0049728
37.68	0.0052056
37.69	0.0052575
37.7	0.0052929
37.71	0.0053991
37.72	0.0052627
37.73	0.0051588
37.74	0.0050016
37.75	0.0047236
37.76	0.0045999
37.77	0.0045285
37.78	0.0042914
37.79	0.0042793
37.8	0.0042845
37.81	0.0042566
37.82	0.004491
37.83	0.0048404
37.84	0.0049453
37.85	0.0052329
37.86	0.0055849
37.87	0.0058297
37.88	0.0059146
37.89	0.0058833
37.9	0.0057353
37.91	0.0056688
37.92	0.0054525
37.93	0.00528
37.94	0.0050772
37.95	0.0048147
37.96	0.0045385
37.97	0.0042426
37.98	0.0041879
37.99	0.0041214
38	0.0039905
38.01	0.0038289
38.02	0.0037405
38.03	0.0040215
38.04	0.0040756
38.05	0.0040816
38.06	0.0039625
38.07	0.0039303
38.08	0.0042261
38.09	0.0046653
38.1	0.0049481
38.11	0.0051236
38.12	0.0055804
38.13	0.0060746
38.14	0.0065142
38.15	0.0068788
38.16	0.0072736
38.17	0.0075971
38.18	0.0077643
38.19	0.007898
38.2	0.0082511
38.21	0.0086528
38.22	0.0091462
38.23	0.0095135
38.24	0.009575
38.25	0.0097435
38.26	0.0097628
38.27	0.0097887
38.28	0.009735
38.29	0.0098473
38.3	0.01008
38.31	0.010624
38.32	0.011235
38.33	0.01189
38.34	0.012448
38.35	0.013061
38.36	0.013292
38.37	0.013468
38.38	0.013725
38.39	0.013977
38.4	0.01412
38.41	0.014107
38.42	0.014197
38.43	0.0143
38.44	0.014179
38.45	0.013696
38.46	0.013286
38.47	0.012637
38.48	0.011773
38.49	0.010775
38.5	0.0095228
38.51	0.008101
38.52	0.0067651
38.53	0.0054568
38.54	0.0037847
38.55	0.0019875
38.56	0.00038314
38.57	-0.0010696
38.58	-0.0025881
38.59	-0.0041815
38.6	-0.0055198
38.61	-0.0067438
38.62	-0.0077764
38.63	-0.0082781
38.64	-0.0088492
38.65	-0.0094923
38.66	-0.010117
38.67	-0.010821
38.68	-0.011207
38.69	-0.011715
38.7	-0.012253
38.71	-0.012861
38.72	-0.013609
38.73	-0.014381
38.74	-0.015343
38.75	-0.016367
38.76	-0.017646
38.77	-0.019094
38.78	-0.020503
38.79	-0.021882
38.8	-0.022939
38.81	-0.023913
38.82	-0.0248
38.83	-0.025871
38.84	-0.02673
38.85	-0.027829
38.86	-0.028827
38.87	-0.029611
38.88	-0.030395
38.89	-0.031051
38.9	-0.031787
38.91	-0.032631
38.92	-0.033522
38.93	-0.034512
38.94	-0.035523
38.95	-0.036773
38.96	-0.038123
38.97	-0.039417
38.98	-0.041025
38.99	-0.042449
39	-0.043727
39.01	-0.045251
39.02	-0.046715
39.03	-0.048272
39.04	-0.049684
39.05	-0.050944
39.06	-0.052208
39.07	-0.053423
39.08	-0.054281
39.09	-0.05526
39.1	-0.055983
39.11	-0.056633
39.12	-0.057047
39.13	-0.057243
39.14	-0.057137
39.15	-0.056988
39.16	-0.057257
39.17	-0.05735
39.18	-0.057334
39.19	-0.057203
39.2	-0.056835
39.21	-0.056266
39.22	-0.055886
39.23	-0.055846
39.24	-0.055725
39.25	-0.055725
39.26	-0.055648
39.27	-0.0556
39.28	-0.055724
39.29	-0.055964
39.3	-0.055937
39.31	-0.055943
39.32	-0.055848
39.33	-0.055801
39.34	-0.055944
39.35	-0.056181
39.36	-0.056335
39.37	-0.056454
39.38	-0.056782
39.39	-0.057385
39.4	-0.058264
39.41	-0.059199
39.42	-0.060216
39.43	-0.060951
39.44	-0.061805
39.45	-0.062378
39.46	-0.062884
39.47	-0.063438
39.48	-0.063973
39.49	-0.06472
39.5	-0.065253
39.51	-0.065828
39.52	-0.066617
39.53	-0.067435
39.54	-0.068126
39.55	-0.068959
39.56	-0.069674
39.57	-0.070142
39.58	-0.070558
39.59	-0.071169
39.6	-0.071604
39.61	-0.071844
39.62	-0.071991
39.63	-0.071806
39.64	-0.071211
39.65	-0.07064
39.66	-0.070282
39.67	-0.069773
39.68	-0.069742
39.69	-0.069765
39.7	-0.069549
39.71	-0.069468
39.72	-0.069396
39.73	-0.06918
39.74	-0.068841
39.75	-0.068607
39.76	-0.068347
39.77	-0.068084
39.78	-0.067862
39.79	-0.067479
39.8	-0.06724
39.81	-0.066971
39.82	-0.066824
39.83	-0.066496
39.84	-0.066305
39.85	-0.066193
39.86	-0.066065
39.87	-0.066227
39.88	-0.066606
39.89	-0.066971
39.9	-0.067444
39.91	-0.067822
39.92	-0.068335
39.93	-0.069281
39.94	-0.069994
39.95	-0.070496
39.96	-0.071026
39.97	-0.071532
39.98	-0.072087
39.99	-0.072641
40	-0.073142
40.01	-0.073942
40.02	-0.074439
40.03	-0.074996
40.04	-0.075611
40.05	-0.075969
40.06	-0.076324
40.07	-0.076673
40.08	-0.077154
40.09	-0.077659
40.1	-0.078156
40.11	-0.078863
40.12	-0.079401
40.13	-0.08024
40.14	-0.081479
40.15	-0.082648
40.16	-0.083887
40.17	-0.085048
40.18	-0.086122
40.19	-0.08715
40.2	-0.088226
40.21	-0.089271
40.22	-0.09035
40.23	-0.09138
40.24	-0.092201
40.25	-0.093232
40.26	-0.094066
40.27	-0.094779
40.28	-0.095716
40.29	-0.09661
40.3	-0.097517
40.31	-0.098223
40.32	-0.099011
40.33	-0.099752
40.34	-0.1005
40.35	-0.1011
40.36	-0.10199
40.37	-0.10291
40.38	-0.10406
40.39	-0.10523
40.4	-0.10633
40.41	-0.10745
40.42	-0.10851
40.43	-0.10955
40.44	-0.11066
40.45	-0.11173
40.46	-0.11272
40.47	-0.11351
40.48	-0.11444
40.49	-0.11532
40.5	-0.11588
40.51	-0.11645
40.52	-0.11726
40.53	-0.11769
40.54	-0.1179
40.55	-0.11794
40.56	-0.11766
40.57	-0.11722
40.58	-0.11682
40.59	-0.11638
40.6	-0.11606
40.61	-0.11556
40.62	-0.11495
40.63	-0.11432
40.64	-0.11354
40.65	-0.11312
40.66	-0.11288
40.67	-0.11275
40.68	-0.11269
40.69	-0.11248
40.7	-0.1127
40.71	-0.11291
40.72	-0.11289
40.73	-0.11288
40.74	-0.11267
40.75	-0.11244
40.76	-0.11262
40.77	-0.11269
40.78	-0.11277
40.79	-0.113
40.8	-0.11322
40.81	-0.11363
40.82	-0.11387
40.83	-0.11417
40.84	-0.11455
40.85	-0.11475
40.86	-0.11477
40.87	-0.11457
40.88	-0.11448
40.89	-0.11442
40.9	-0.11462
40.91	-0.11496
40.92	-0.11517
40.93	-0.11523
40.94	-0.11558
40.95	-0.11606
40.96	-0.11655
40.97	-0.11723
40.98	-0.11757
40.99	-0.11825
41	-0.11906
41.01	-0.11981
41.02	-0.12048
41.03	-0.12115
41.04	-0.12193
41.05	-0.12239
41.06	-0.12305
41.07	-0.12378
41.08	-0.12474
41.09	-0.12584
41.1	-0.12681
41.11	-0.12774
41.12	-0.12865
41.13	-0.12974
41.14	-0.13071
41.15	-0.13161
41.16	-0.1327
41.17	-0.1336
41.18	-0.13436
41.19	-0.13551
41.2	-0.1366
41.21	-0.13764
41.22	-0.13847
41.23	-0.13932
41.24	-0.14033
41.25	-0.14117
41.26	-0.14171
41.27	-0.14221
41.28	-0.14284
41.29	-0.14351
41.3	-0.14424
41.31	-0.14518
41.32	-0.14623
41.33	-0.14739
41.34	-0.14835
41.35	-0.14941
41.36	-0.15018
41.37	-0.15083
41.38	-0.15152
41.39	-0.15185
41.4	-0.15231
41.41	-0.15282
41.42	-0.15321
41.43	-0.15342
41.44	-0.15362
41.45	-0.15387
41.46	-0.15399
41.47	-0.15409
41.48	-0.15408
41.49	-0.15383
41.5	-0.15372
41.51	-0.1535
41.52	-0.15348
41.53	-0.15363
41.54	-0.1536
41.55	-0.15352
41.56	-0.15313
41.57	-0.15285
41.58	-0.15258
41.59	-0.15213
41.6	-0.15178
41.61	-0.1515
41.62	-0.15104
41.63	-0.15045
41.64	-0.14972
41.65	-0.14881
41.66	-0.14803
41.67	-0.14721
41.68	-0.14626
41.69	-0.14539
41.7	-0.14452
41.71	-0.14358
41.72	-0.1426
41.73	-0.14171
41.74	-0.14105
41.75	-0.14036
41.76	-0.13969
41.77	-0.13891
41.78	-0.13815
41.79	-0.13749
41.8	-0.13687
41.81	-0.13619
41.82	-0.13543
41.83	-0.13489
41.84	-0.13464
41.85	-0.13449
41.86	-0.13406
41.87	-0.13368
41.88	-0.13311
41.89	-0.13278
41.9	-0.13245
41.91	-0.13189
41.92	-0.13136
41.93	-0.13083
41.94	-0.13038
41.95	-0.12995
41.96	-0.12959
41.97	-0.12915
41.98	-0.12861
41.99	-0.12801
42	-0.12758
42.01	-0.12695
42.02	-0.12661
42.03	-0.12649
42.04	-0.12607
42.05	-0.12573
42.06	-0.12528
42.07	-0.12476
42.08	-0.12454
42.09	-0.12466
42.1	-0.12489
42.11	-0.12528
42.12	-0.12572
42.13	-0.12599
42.14	-0.12639
42.15	-0.12672
42.16	-0.12687
42.17	-0.12708
42.18	-0.12739
42.19	-0.12762
42.2	-0.12789
42.21	-0.12805
42.22	-0.12809
42.23	-0.12804
42.24	-0.12791
42.25	-0.1277
42.26	-0.12762
42.27	-0.12747
42.28	-0.1274
42.29	-0.12718
42.3	-0.12702
42.31	-0.12685
42.32	-0.12651
42.33	-0.12618
42.34	-0.12599
42.35	-0.1258
42.36	-0.12576
42.37	-0.12591
42.38	-0.12599
42.39	-0.1261
42.4	-0.12627
42.41	-0.12639
42.42	-0.1264
42.43	-0.12637
42.44	-0.12637
42.45	-0.12647
42.46	-0.12678
42.47	-0.12712
42.48	-0.12753
42.49	-0.12781
42.5	-0.12818
42.51	-0.12848
42.52	-0.1285
42.53	-0.1283
42.54	-0.12795
42.55	-0.12761
42.56	-0.12701
42.57	-0.12607
42.58	-0.12541
42.59	-0.12488
42.6	-0.12457
42.61	-0.12449
42.62	-0.12434
42.63	-0.12439
42.64	-0.12436
42.65	-0.1242
42.66	-0.12428
42.67	-0.12457
42.68	-0.12495
42.69	-0.12535
42.7	-0.12597
42.71	-0.12635
42.72	-0.1267
42.73	-0.12692
42.74	-0.12687
42.75	-0.12671
42.76	-0.12664
42.77	-0.12671
42.78	-0.12679
42.79	-0.12669
42.8	-0.12645
42.81	-0.12603
42.82	-0.12582
42.83	-0.12545
42.84	-0.12489
42.85	-0.12407
42.86	-0.12312
42.87	-0.12231
42.88	-0.12162
42.89	-0.12077
42.9	-0.12
42.91	-0.11922
42.92	-0.11866
42.93	-0.11839
42.94	-0.1183
42.95	-0.11823
42.96	-0.11828
42.97	-0.11829
42.98	-0.11817
42.99	-0.11826
43	-0.11853
43.01	-0.11861
43.02	-0.11887
43.03	-0.11915
43.04	-0.11931
43.05	-0.1195
43.06	-0.11999
43.07	-0.12045
43.08	-0.12083
43.09	-0.12091
43.1	-0.12084
43.11	-0.12087
43.12	-0.12093
43.13	-0.12096
43.14	-0.1212
43.15	-0.1216
43.16	-0.12196
43.17	-0.12243
43.18	-0.12295
43.19	-0.12332
43.2	-0.12363
43.21	-0.12412
43.22	-0.12464
43.23	-0.12535
43.24	-0.12581
43.25	-0.12646
43.26	-0.12698
43.27	-0.12755
43.28	-0.12803
43.29	-0.12824
43.3	-0.12834
43.31	-0.12857
43.32	-0.12868
43.33	-0.12857
43.34	-0.12847
43.35	-0.12849
43.36	-0.12831
43.37	-0.12848
43.38	-0.12859
43.39	-0.12891
43.4	-0.1295
43.41	-0.13011
43.42	-0.13052
43.43	-0.13079
43.44	-0.13099
43.45	-0.13155
43.46	-0.1318
43.47	-0.13215
43.48	-0.13265
43.49	-0.13287
43.5	-0.1329
43.51	-0.1331
43.52	-0.13327
43.53	-0.1337
43.54	-0.13391
43.55	-0.13419
43.56	-0.13446
43.57	-0.13463
43.58	-0.13473
43.59	-0.13494
43.6	-0.13524
43.61	-0.13547
43.62	-0.13581
43.63	-0.13611
43.64	-0.1365
43.65	-0.13697
43.66	-0.13755
43.67	-0.13793
43.68	-0.13838
43.69	-0.13884
43.7	-0.13933
43.71	-0.13982
43.72	-0.14045
43.73	-0.14078
43.74	-0.14114
43.75	-0.14148
43.76	-0.14182
43.77	-0.14211
43.78	-0.14245
43.79	-0.14272
43.8	-0.14289
43.81	-0.14312
43.82	-0.14327
43.83	-0.14318
43.84	-0.14314
43.85	-0.14315
43.86	-0.1431
43.87	-0.14322
43.88	-0.14342
43.89	-0.14361
43.9	-0.14402
43.91	-0.14428
43.92	-0.14427
43.93	-0.14441
43.94	-0.14459
43.95	-0.14476
43.96	-0.1449
43.97	-0.1451
43.98	-0.14496
43.99	-0.14474
44	-0.14461
44.01	-0.14455
44.02	-0.14459
44.03	-0.1447
44.04	-0.1446
44.05	-0.14451
44.06	-0.14435
44.07	-0.14406
44.08	-0.14374
44.09	-0.14334
44.1	-0.14295
44.11	-0.14226
44.12	-0.14155
44.13	-0.14081
44.14	-0.14006
44.15	-0.13925
44.16	-0.13828
44.17	-0.13719
44.18	-0.136
44.19	-0.13488
44.2	-0.13368
44.21	-0.13249
44.22	-0.1312
44.23	-0.12974
44.24	-0.12841
44.25	-0.12732
44.26	-0.12618
44.27	-0.12478
44.28	-0.12352
44.29	-0.12211
44.3	-0.12076
44.31	-0.11955
44.32	-0.11834
44.33	-0.11704
44.34	-0.11573
44.35	-0.11456
44.36	-0.11344
44.37	-0.11224
44.38	-0.11119
44.39	-0.11022
44.4	-0.10951
44.41	-0.10895
44.42	-0.10863
44.43	-0.10824
44.44	-0.10796
44.45	-0.10781
44.46	-0.10785
44.47	-0.10771
44.48	-0.10743
44.49	-0.10713
44.5	-0.10688
44.51	-0.10653
44.52	-0.10632
44.53	-0.10595
44.54	-0.1054
44.55	-0.10466
44.56	-0.10401
44.57	-0.10327
44.58	-0.10274
44.59	-0.10236
44.6	-0.10176
44.61	-0.10107
44.62	-0.10068
44.63	-0.10031
44.64	-0.099536
44.65	-0.098879
44.66	-0.098048
44.67	-0.097153
44.68	-0.096345
44.69	-0.095609
44.7	-0.094823
44.71	-0.094404
44.72	-0.094012
44.73	-0.093591
44.74	-0.093381
44.75	-0.093423
44.76	-0.093352
44.77	-0.09328
44.78	-0.09329
44.79	-0.093395
44.8	-0.093554
44.81	-0.093534
44.82	-0.093514
44.83	-0.093464
44.84	-0.093389
44.85	-0.093283
44.86	-0.09312
44.87	-0.093041
44.88	-0.092834
44.89	-0.092714
44.9	-0.092576
44.91	-0.092624
44.92	-0.092844
44.93	-0.093023
44.94	-0.093181
44.95	-0.093626
44.96	-0.094128
44.97	-0.094553
44.98	-0.094897
44.99	-0.095144
45	-0.095376
45.01	-0.095459
45.02	-0.095616
45.03	-0.09557
45.04	-0.095568
45.05	-0.095471
45.06	-0.095237
45.07	-0.094936
45.08	-0.094382
45.09	-0.093827
45.1	-0.093252
45.11	-0.092548
45.12	-0.091902
45.13	-0.090996
45.14	-0.090026
45.15	-0.088956
45.16	-0.087912
45.17	-0.087095
45.18	-0.086047
45.19	-0.084934
45.2	-0.083908
45.21	-0.082854
45.22	-0.08192
45.23	-0.081446
45.24	-0.080783
45.25	-0.080112
45.26	-0.079409
45.27	-0.078972
45.28	-0.078632
45.29	-0.078392
45.3	-0.078348
45.31	-0.078332
45.32	-0.0786
45.33	-0.078804
45.34	-0.078955
45.35	-0.078861
45.36	-0.078722
45.37	-0.078436
45.38	-0.07813
45.39	-0.078033
45.4	-0.077678
45.41	-0.077086
45.42	-0.076256
45.43	-0.075558
45.44	-0.074875
45.45	-0.074155
45.46	-0.073304
45.47	-0.072678
45.48	-0.072314
45.49	-0.072069
45.5	-0.071835
45.51	-0.071639
45.52	-0.071539
45.53	-0.071459
45.54	-0.071491
45.55	-0.07156
45.56	-0.071438
45.57	-0.071471
45.58	-0.071342
45.59	-0.071119
45.6	-0.070839
45.61	-0.070451
45.62	-0.069994
45.63	-0.069699
45.64	-0.069159
45.65	-0.068762
45.66	-0.068342
45.67	-0.067881
45.68	-0.067356
45.69	-0.066677
45.7	-0.066034
45.71	-0.065277
45.72	-0.064964
45.73	-0.064717
45.74	-0.064499
45.75	-0.064349
45.76	-0.064268
45.77	-0.064287
45.78	-0.0641
45.79	-0.063845
45.8	-0.06372
45.81	-0.063566
45.82	-0.063614
45.83	-0.063829
45.84	-0.064328
45.85	-0.064699
45.86	-0.065201
45.87	-0.065632
45.88	-0.066008
45.89	-0.066581
45.9	-0.067031
45.91	-0.067124
45.92	-0.067227
45.93	-0.067093
45.94	-0.067048
45.95	-0.067005
45.96	-0.066684
45.97	-0.06659
45.98	-0.066317
45.99	-0.065915
46	-0.065603
46.01	-0.065447
46.02	-0.065342
46.03	-0.065516
46.04	-0.065626
46.05	-0.065948
46.06	-0.06616
46.07	-0.066349
46.08	-0.066495
46.09	-0.066701
46.1	-0.067089
46.11	-0.067335
46.12	-0.06765
46.13	-0.067832
46.14	-0.067769
46.15	-0.067645
46.16	-0.06736
46.17	-0.067147
46.18	-0.066947
46.19	-0.066749
46.2	-0.066452
46.21	-0.066179
46.22	-0.065984
46.23	-0.065994
46.24	-0.066034
46.25	-0.065845
46.26	-0.065445
46.27	-0.065066
46.28	-0.064672
46.29	-0.064179
46.3	-0.063664
46.31	-0.06339
46.32	-0.063258
46.33	-0.06301
46.34	-0.062728
46.35	-0.06257
46.36	-0.062401
46.37	-0.062424
46.38	-0.062521
46.39	-0.06268
46.4	-0.062892
46.41	-0.063005
46.42	-0.063203
46.43	-0.063188
46.44	-0.06319
46.45	-0.062983
46.46	-0.062934
46.47	-0.062735
46.48	-0.062511
46.49	-0.062298
46.5	-0.062156
46.51	-0.062028
46.52	-0.062025
46.53	-0.061968
46.54	-0.061685
46.55	-0.061616
46.56	-0.06146
46.57	-0.061327
46.58	-0.061136
46.59	-0.061034
46.6	-0.060784
46.61	-0.060561
46.62	-0.060117
46.63	-0.059671
46.64	-0.059104
46.65	-0.05892
46.66	-0.058647
46.67	-0.058301
46.68	-0.057835
46.69	-0.057508
46.7	-0.057243
46.71	-0.057147
46.72	-0.056956
46.73	-0.056915
46.74	-0.05684
46.75	-0.056643
46.76	-0.056412
46.77	-0.056253
46.78	-0.055823
46.79	-0.05504
46.8	-0.054369
46.81	-0.053655
46.82	-0.052779
46.83	-0.052129
46.84	-0.051227
46.85	-0.050352
46.86	-0.049634
46.87	-0.048912
46.88	-0.048499
46.89	-0.048194
46.9	-0.047976
46.91	-0.047967
46.92	-0.047962
46.93	-0.048071
46.94	-0.048197
46.95	-0.048352
46.96	-0.04857
46.97	-0.048796
46.98	-0.049021
46.99	-0.049097
47	-0.04915
47.01	-0.049067
47.02	-0.049197
47.03	-0.049428
47.04	-0.049556
47.05	-0.049431
47.06	-0.049304
47.07	-0.049406
47.08	-0.049395
47.09	-0.049624
47.1	-0.049784
47.11	-0.050034
47.12	-0.050419
47.13	-0.050999
47.14	-0.051703
47.15	-0.052266
47.16	-0.052653
47.17	-0.052847
47.18	-0.052926
47.19	-0.052906
47.2	-0.053063
47.21	-0.053126
47.22	-0.05312
47.23	-0.053179
47.24	-0.053504
47.25	-0.053835
47.26	-0.054219
47.27	-0.054624
47.28	-0.054705
47.29	-0.05492
47.3	-0.055109
47.31	-0.055297
47.32	-0.055546
47.33	-0.055727
47.34	-0.055805
47.35	-0.055928
47.36	-0.056035
47.37	-0.056123
47.38	-0.056282
47.39	-0.056624
47.4	-0.057035
47.41	-0.057338
47.42	-0.057617
47.43	-0.057699
47.44	-0.05758
47.45	-0.057612
47.46	-0.057459
47.47	-0.05736
47.48	-0.057193
47.49	-0.05702
47.5	-0.056768
47.51	-0.056532
47.52	-0.05622
47.53	-0.055994
47.54	-0.05572
47.55	-0.05537
47.56	-0.054914
47.57	-0.054482
47.58	-0.054246
47.59	-0.054204
47.6	-0.054229
47.61	-0.054216
47.62	-0.054152
47.63	-0.054072
47.64	-0.054229
47.65	-0.054323
47.66	-0.054415
47.67	-0.054341
47.68	-0.054118
47.69	-0.053944
47.7	-0.053556
47.71	-0.053085
47.72	-0.052717
47.73	-0.052434
47.74	-0.052092
47.75	-0.051887
47.76	-0.051676
47.77	-0.051447
47.78	-0.051477
47.79	-0.051744
47.8	-0.051908
47.81	-0.051954
47.82	-0.051914
47.83	-0.052028
47.84	-0.052119
47.85	-0.052291
47.86	-0.052447
47.87	-0.052675
47.88	-0.052937
47.89	-0.053083
47.9	-0.053271
47.91	-0.053579
47.92	-0.05389
47.93	-0.054347
47.94	-0.05485
47.95	-0.055365
47.96	-0.056042
47.97	-0.056765
47.98	-0.057478
47.99	-0.058303
48	-0.059104
48.01	-0.059834
48.02	-0.060431
48.03	-0.061052
48.04	-0.061541
48.05	-0.06218
48.06	-0.062682
48.07	-0.063079
48.08	-0.063271
48.09	-0.06364
48.1	-0.063836
48.11	-0.063977
48.12	-0.064339
48.13	-0.064746
48.14	-0.065373
48.15	-0.065935
48.16	-0.066714
48.17	-0.067639
48.18	-0.068286
48.19	-0.068766
48.2	-0.069124
48.21	-0.069374
48.22	-0.069878
48.23	-0.070459
48.24	-0.070992
48.25	-0.071377
48.26	-0.071589
48.27	-0.071722
48.28	-0.071709
48.29	-0.071828
48.3	-0.071746
48.31	-0.0716
48.32	-0.07146
48.33	-0.071396
48.34	-0.071228
48.35	-0.070866
48.36	-0.070184
48.37	-0.069577
48.38	-0.068944
48.39	-0.06807
48.4	-0.067331
48.41	-0.066835
48.42	-0.066652
48.43	-0.066518
48.44	-0.066422
48.45	-0.066224
48.46	-0.066065
48.47	-0.065788
48.48	-0.06544
48.49	-0.065066
48.5	-0.064776
48.51	-0.064655
48.52	-0.064562
48.53	-0.064373
48.54	-0.064119
48.55	-0.063866
48.56	-0.063605
48.57	-0.063442
48.58	-0.06319
48.59	-0.06302
48.6	-0.062983
48.61	-0.063205
48.62	-0.063473
48.63	-0.063653
48.64	-0.063822
48.65	-0.063998
48.66	-0.064146
48.67	-0.064347
48.68	-0.064843
48.69	-0.065148
48.7	-0.065364
48.71	-0.065435
48.72	-0.065594
48.73	-0.06586
48.74	-0.066215
48.75	-0.066395
48.76	-0.066477
48.77	-0.066648
48.78	-0.066574
48.79	-0.066531
48.8	-0.066513
48.81	-0.066523
48.82	-0.066668
48.83	-0.066693
48.84	-0.066499
48.85	-0.066451
48.86	-0.066346
48.87	-0.066283
48.88	-0.066154
48.89	-0.065874
48.9	-0.065641
48.91	-0.06546
48.92	-0.065396
48.93	-0.065318
48.94	-0.065401
48.95	-0.065557
48.96	-0.065632
48.97	-0.065651
48.98	-0.065538
48.99	-0.065395
49	-0.065274
49.01	-0.065166
49.02	-0.06517
49.03	-0.065238
49.04	-0.065298
49.05	-0.065166
49.06	-0.065087
49.07	-0.064894
49.08	-0.064645
49.09	-0.064303
49.1	-0.063823
49.11	-0.063202
49.12	-0.062724
49.13	-0.06238
49.14	-0.062151
49.15	-0.061978
49.16	-0.061802
49.17	-0.06165
49.18	-0.061562
49.19	-0.061325
49.2	-0.061101
49.21	-0.060983
49.22	-0.060921
49.23	-0.06092
49.24	-0.060781
49.25	-0.060416
49.26	-0.06035
49.27	-0.06033
49.28	-0.060361
49.29	-0.060431
49.3	-0.060237
49.31	-0.060154
49.32	-0.060217
49.33	-0.060252
49.34	-0.060076
49.35	-0.059892
49.36	-0.059798
49.37	-0.059956
49.38	-0.059946
49.39	-0.060035
49.4	-0.060243
49.41	-0.060459
49.42	-0.060542
49.43	-0.060744
49.44	-0.06098
49.45	-0.061199
49.46	-0.061605
49.47	-0.061927
49.48	-0.062311
49.49	-0.062751
49.5	-0.063239
49.51	-0.063845
49.52	-0.064633
49.53	-0.065532
49.54	-0.066413
49.55	-0.06708
49.56	-0.067657
49.57	-0.068216
49.58	-0.068939
49.59	-0.069552
49.6	-0.070285
49.61	-0.070925
49.62	-0.071551
49.63	-0.072248
49.64	-0.072695
49.65	-0.073012
49.66	-0.073354
49.67	-0.073346
49.68	-0.073418
49.69	-0.073441
49.7	-0.073502
49.71	-0.073516
49.72	-0.073515
49.73	-0.073569
49.74	-0.073745
49.75	-0.07414
49.76	-0.074538
49.77	-0.074925
49.78	-0.07537
49.79	-0.075682
49.8	-0.075782
49.81	-0.075893
49.82	-0.076262
49.83	-0.076673
49.84	-0.077089
49.85	-0.077316
49.86	-0.077665
49.87	-0.078126
49.88	-0.078366
49.89	-0.07862
49.9	-0.078991
49.91	-0.079333
49.92	-0.07953
49.93	-0.079686
49.94	-0.07988
49.95	-0.080182
49.96	-0.080757
49.97	-0.081415
49.98	-0.082227
49.99	-0.082713
50	-0.083146
50.01	-0.083672
50.02	-0.084041
50.03	-0.084357
50.04	-0.08452
50.05	-0.084528
50.06	-0.084828
50.07	-0.085231
50.08	-0.085697
50.09	-0.086227
50.1	-0.086581
50.11	-0.086899
50.12	-0.087138
50.13	-0.0872
50.14	-0.087078
50.15	-0.086744
50.16	-0.086416
50.17	-0.085717
50.18	-0.084676
50.19	-0.083612
50.2	-0.082729
50.21	-0.082239
50.22	-0.081791
50.23	-0.081313
50.24	-0.08099
50.25	-0.080711
50.26	-0.080466
50.27	-0.080038
50.28	-0.079413
50.29	-0.078575
50.3	-0.07789
50.31	-0.077387
50.32	-0.076905
50.33	-0.076485
50.34	-0.076001
50.35	-0.075595
50.36	-0.075127
50.37	-0.074802
50.38	-0.074454
50.39	-0.073932
50.4	-0.073803
50.41	-0.07359
50.42	-0.073571
50.43	-0.073457
50.44	-0.073477
50.45	-0.073433
50.46	-0.073535
50.47	-0.073504
50.48	-0.073475
50.49	-0.073423
50.5	-0.073476
50.51	-0.073313
50.52	-0.073303
50.53	-0.073426
50.54	-0.073122
50.55	-0.073005
50.56	-0.073055
50.57	-0.073251
50.58	-0.073453
50.59	-0.073759
50.6	-0.074185
50.61	-0.074473
50.62	-0.074973
50.63	-0.075257
50.64	-0.075401
50.65	-0.075685
50.66	-0.075916
50.67	-0.076054
50.68	-0.076241
50.69	-0.076447
50.7	-0.076422
50.71	-0.076365
50.72	-0.076271
50.73	-0.076265
50.74	-0.076158
50.75	-0.076134
50.76	-0.07601
50.77	-0.075841
50.78	-0.07556
50.79	-0.075343
50.8	-0.075194
50.81	-0.075042
50.82	-0.074832
50.83	-0.074701
50.84	-0.074789
50.85	-0.074853
50.86	-0.074642
50.87	-0.074254
50.88	-0.074025
50.89	-0.073756
50.9	-0.073726
50.91	-0.073516
50.92	-0.073441
50.93	-0.073656
50.94	-0.074078
50.95	-0.074395
50.96	-0.074834
50.97	-0.075274
50.98	-0.075769
50.99	-0.076404
51	-0.077085
51.01	-0.077448
51.02	-0.077697
51.03	-0.077785
51.04	-0.077528
51.05	-0.077344
51.06	-0.077102
51.07	-0.076825
51.08	-0.076515
51.09	-0.076258
51.1	-0.075974
51.11	-0.075814
51.12	-0.075781
51.13	-0.075706
51.14	-0.075815
51.15	-0.075822
51.16	-0.075852
51.17	-0.076131
51.18	-0.076384
51.19	-0.0765
51.2	-0.076595
51.21	-0.076882
51.22	-0.077124
51.23	-0.077407
51.24	-0.07775
51.25	-0.078188
51.26	-0.078468
51.27	-0.07883
51.28	-0.079246
51.29	-0.079686
51.3	-0.080206
51.31	-0.08056
51.32	-0.080512
51.33	-0.080369
51.34	-0.080404
51.35	-0.080337
51.36	-0.080183
51.37	-0.079785
51.38	-0.079467
51.39	-0.079245
51.4	-0.078934
51.41	-0.07862
51.42	-0.078184
51.43	-0.077934
51.44	-0.077764
51.45	-0.077562
51.46	-0.077532
51.47	-0.077468
51.48	-0.077325
51.49	-0.077206
51.5	-0.077186
51.51	-0.077428
51.52	-0.077559
51.53	-0.077603
51.54	-0.077635
51.55	-0.077728
51.56	-0.077766
51.57	-0.077803
51.58	-0.077819
51.59	-0.077876
51.6	-0.078023
51.61	-0.078109
51.62	-0.078181
51.63	-0.078378
51.64	-0.078516
51.65	-0.078477
51.66	-0.078368
51.67	-0.078288
51.68	-0.078341
51.69	-0.078599
51.7	-0.078748
51.71	-0.078862
51.72	-0.078868
51.73	-0.079075
51.74	-0.079381
51.75	-0.079764
51.76	-0.080103
51.77	-0.080502
51.78	-0.081115
51.79	-0.081863
51.8	-0.082766
51.81	-0.083529
51.82	-0.08416
51.83	-0.084744
51.84	-0.085495
51.85	-0.086103
51.86	-0.086954
51.87	-0.087707
51.88	-0.088586
51.89	-0.089434
51.9	-0.090085
51.91	-0.090874
51.92	-0.091484
51.93	-0.092084
51.94	-0.092845
51.95	-0.093402
51.96	-0.09404
51.97	-0.09491
51.98	-0.095889
51.99	-0.096702
52	-0.097614
52.01	-0.098693
52.02	-0.099682
52.03	-0.10077
52.04	-0.10198
52.05	-0.10317
52.06	-0.10443
52.07	-0.10563
52.08	-0.10699
52.09	-0.10818
52.1	-0.10924
52.11	-0.11041
52.12	-0.11153
52.13	-0.1126
52.14	-0.11367
52.15	-0.11469
52.16	-0.11554
52.17	-0.11639
52.18	-0.11727
52.19	-0.11804
52.2	-0.11886
52.21	-0.11952
52.22	-0.12007
52.23	-0.12053
52.24	-0.12083
52.25	-0.12104
52.26	-0.12144
52.27	-0.12175
52.28	-0.12182
52.29	-0.12181
52.3	-0.12185
52.31	-0.12193
52.32	-0.12202
52.33	-0.12205
52.34	-0.1221
52.35	-0.12229
52.36	-0.12249
52.37	-0.12259
52.38	-0.12267
52.39	-0.12277
52.4	-0.12257
52.41	-0.12235
52.42	-0.12192
52.43	-0.12141
52.44	-0.12088
52.45	-0.12033
52.46	-0.1197
52.47	-0.11908
52.48	-0.11842
52.49	-0.11779
52.5	-0.11701
52.51	-0.11613
52.52	-0.11541
52.53	-0.11489
52.54	-0.11447
52.55	-0.11397
52.56	-0.11377
52.57	-0.11339
52.58	-0.11308
52.59	-0.11278
52.6	-0.11243
52.61	-0.11215
52.62	-0.11172
52.63	-0.1116
52.64	-0.1115
52.65	-0.11135
52.66	-0.11116
52.67	-0.11086
52.68	-0.11067
52.69	-0.11046
52.7	-0.11015
52.71	-0.10989
52.72	-0.10979
52.73	-0.10961
52.74	-0.10936
52.75	-0.10915
52.76	-0.10872
52.77	-0.10831
52.78	-0.10787
52.79	-0.10734
52.8	-0.10675
52.81	-0.10627
52.82	-0.10589
52.83	-0.10549
52.84	-0.10488
52.85	-0.10414
52.86	-0.10341
52.87	-0.10286
52.88	-0.10243
52.89	-0.10179
52.9	-0.10122
52.91	-0.10067
52.92	-0.10013
52.93	-0.099451
52.94	-0.098844
52.95	-0.098403
52.96	-0.09776
52.97	-0.097332
52.98	-0.096639
52.99	-0.096059
53	-0.095468
53.01	-0.094783
53.02	-0.094173
53.03	-0.093568
53.04	-0.092922
53.05	-0.092298
53.06	-0.091759
53.07	-0.091382
53.08	-0.090996
53.09	-0.090575
53.1	-0.090184
53.11	-0.089696
53.12	-0.089153
53.13	-0.088506
53.14	-0.08803
53.15	-0.087683
53.16	-0.087183
53.17	-0.086878
53.18	-0.086583
53.19	-0.086297
53.2	-0.086057
53.21	-0.085958
53.22	-0.085576
53.23	-0.085105
53.24	-0.08481
53.25	-0.084568
53.26	-0.08442
53.27	-0.084128
53.28	-0.083714
53.29	-0.083238
53.3	-0.082624
53.31	-0.081958
53.32	-0.081338
53.33	-0.080936
53.34	-0.080497
53.35	-0.08003
53.36	-0.079617
53.37	-0.079257
53.38	-0.078689
53.39	-0.078364
53.4	-0.077947
53.41	-0.077412
53.42	-0.076992
53.43	-0.07666
53.44	-0.07622
53.45	-0.075814
53.46	-0.075406
53.47	-0.074926
53.48	-0.07434
53.49	-0.073895
53.5	-0.073543
53.51	-0.072993
53.52	-0.072389
53.53	-0.071669
53.54	-0.070707
53.55	-0.069944
53.56	-0.069076
53.57	-0.068182
53.58	-0.067634
53.59	-0.067167
53.6	-0.066701
53.61	-0.0663
53.62	-0.065979
53.63	-0.065749
53.64	-0.065534
53.65	-0.065318
53.66	-0.064943
53.67	-0.064458
53.68	-0.064008
53.69	-0.063318
53.7	-0.062541
53.71	-0.061879
53.72	-0.060996
53.73	-0.060058
53.74	-0.059313
53.75	-0.058599
53.76	-0.057842
53.77	-0.057144
53.78	-0.05631
53.79	-0.055645
53.8	-0.055107
53.81	-0.054455
53.82	-0.053807
53.83	-0.053264
53.84	-0.052576
53.85	-0.051944
53.86	-0.05141
53.87	-0.050826
53.88	-0.050055
53.89	-0.049175
53.9	-0.048237
53.91	-0.047434
53.92	-0.046352
53.93	-0.04543
53.94	-0.044634
53.95	-0.044109
53.96	-0.043638
53.97	-0.043107
53.98	-0.042704
53.99	-0.042178
54	-0.04174
54.01	-0.041327
54.02	-0.0408
54.03	-0.040272
54.04	-0.039663
54.05	-0.039054
54.06	-0.038445
54.07	-0.037816
54.08	-0.037227
54.09	-0.036687
54.1	-0.036112
54.11	-0.035699
54.12	-0.035168
54.13	-0.034763
54.14	-0.034313
54.15	-0.033632
54.16	-0.033079
54.17	-0.032452
54.18	-0.031948
54.19	-0.031231
54.2	-0.030411
54.21	-0.029546
54.22	-0.02866
54.23	-0.027956
54.24	-0.027321
54.25	-0.026637
54.26	-0.025771
54.27	-0.025001
54.28	-0.024128
54.29	-0.023064
54.3	-0.021972
54.31	-0.020897
54.32	-0.019744
54.33	-0.018627
54.34	-0.017758
54.35	-0.016967
54.36	-0.01642
54.37	-0.015749
54.38	-0.015219
54.39	-0.014594
54.4	-0.013994
54.41	-0.013254
54.42	-0.012351
54.43	-0.011537
54.44	-0.010873
54.45	-0.010211
54.46	-0.009468
54.47	-0.008755
54.48	-0.008281
54.49	-0.0080939
54.5	-0.0078402
54.51	-0.0076556
54.52	-0.0074942
54.53	-0.0074058
54.54	-0.0072706
54.55	-0.0072612
54.56	-0.0073317
54.57	-0.0070755
54.58	-0.0068141
54.59	-0.006508
54.6	-0.0061161
54.61	-0.0058827
54.62	-0.005631
54.63	-0.0054685
54.64	-0.0051167
54.65	-0.0046275
54.66	-0.0042415
54.67	-0.0038694
54.68	-0.0037505
54.69	-0.0038133
54.7	-0.0037135
54.71	-0.0038885
54.72	-0.0040673
54.73	-0.0044192
54.74	-0.0046624
54.75	-0.0047202
54.76	-0.0044269
54.77	-0.0042014
54.78	-0.0041228
54.79	-0.0041077
54.8	-0.004119
54.81	-0.0042325
54.82	-0.0043678
54.83	-0.0043549
54.84	-0.0042012
54.85	-0.0040242
54.86	-0.0039308
54.87	-0.0037956
54.88	-0.0036775
54.89	-0.0034956
54.9	-0.0035249
54.91	-0.0034504
54.92	-0.0030715
54.93	-0.0027746
54.94	-0.0025467
54.95	-0.0023398
54.96	-0.0022314
54.97	-0.0022432
54.98	-0.0022418
54.99	-0.0022383
55	-0.0024292
55.01	-0.0025451
55.02	-0.0026294
55.03	-0.0027364
55.04	-0.0027467
55.05	-0.0026692
55.06	-0.0025554
55.07	-0.0023739
55.08	-0.0022001
55.09	-0.0019655
55.1	-0.0016852
55.11	-0.0016285
55.12	-0.001671
55.13	-0.0016161
55.14	-0.0014715
55.15	-0.001455
55.16	-0.0012849
55.17	-0.0011028
55.18	-0.0009531
55.19	-0.00084344
55.2	-0.00053625
55.21	-0.00019058
55.22	-0.00012437
55.23	-4.2323e-05
55.24	0.00014526
55.25	0.00046212
55.26	0.0010082
55.27	0.0015048
55.28	0.0019796
55.29	0.0025825
55.3	0.003348
55.31	0.004093
55.32	0.0046633
55.33	0.0054613
55.34	0.006286
55.35	0.0072693
55.36	0.0081847
55.37	0.0090443
55.38	0.0097979
55.39	0.010321
55.4	0.010821
55.41	0.011109
55.42	0.011195
55.43	0.011081
55.44	0.011065
55.45	0.011061
55.46	0.011122
55.47	0.011169
55.48	0.011223
55.49	0.011322
55.5	0.011369
55.51	0.011443
55.52	0.011645
55.53	0.011875
55.54	0.012112
55.55	0.012317
55.56	0.012505
55.57	0.012859
55.58	0.013144
55.59	0.013458
55.6	0.013556
55.61	0.01356
55.62	0.013793
55.63	0.013934
55.64	0.014003
55.65	0.013898
55.66	0.013967
55.67	0.014037
55.68	0.014081
55.69	0.014036
55.7	0.013995
55.71	0.013903
55.72	0.013817
55.73	0.013776
55.74	0.013666
55.75	0.013471
55.76	0.013188
55.77	0.012968
55.78	0.012925
55.79	0.013079
55.8	0.013168
55.81	0.013448
55.82	0.013777
55.83	0.014115
55.84	0.014733
55.85	0.015234
55.86	0.015633
55.87	0.01611
55.88	0.016541
55.89	0.016986
55.9	0.017307
55.91	0.017643
55.92	0.017952
55.93	0.01831
55.94	0.018636
55.95	0.018859
55.96	0.019015
55.97	0.019175
55.98	0.01927
55.99	0.019427
56	0.019557
56.01	0.019684
56.02	0.01984
56.03	0.020008
56.04	0.020197
56.05	0.020383
56.06	0.020705
56.07	0.021114
56.08	0.0214
56.09	0.021591
56.1	0.021952
56.11	0.022452
56.12	0.022995
56.13	0.023797
56.14	0.024663
56.15	0.025413
56.16	0.02628
56.17	0.026999
56.18	0.027672
56.19	0.028298
56.2	0.028704
56.21	0.029154
56.22	0.029695
56.23	0.030194
56.24	0.030638
56.25	0.031
56.26	0.031222
56.27	0.031375
56.28	0.031386
56.29	0.03156
56.3	0.031638
56.31	0.03169
56.32	0.031827
56.33	0.031819
56.34	0.031793
56.35	0.03162
56.36	0.0315
56.37	0.031399
56.38	0.03139
56.39	0.03143
56.4	0.03158
56.41	0.031713
56.42	0.031803
56.43	0.031783
56.44	0.031579
56.45	0.031382
56.46	0.030926
56.47	0.030483
56.48	0.029988
56.49	0.029561
56.5	0.029072
56.51	0.028365
56.52	0.027752
56.53	0.027025
56.54	0.026216
56.55	0.025434
56.56	0.024665
56.57	0.023975
56.58	0.02339
56.59	0.0228
56.6	0.022164
56.61	0.021593
56.62	0.021015
56.63	0.020485
56.64	0.01991
56.65	0.019349
56.66	0.018655
56.67	0.018114
56.68	0.017527
56.69	0.016857
56.7	0.016024
56.71	0.015147
56.72	0.014306
56.73	0.013398
56.74	0.012404
56.75	0.011229
56.76	0.010043
56.77	0.0090102
56.78	0.0079536
56.79	0.0068337
56.8	0.0056807
56.81	0.0047378
56.82	0.0039103
56.83	0.0031091
56.84	0.002367
56.85	0.0015961
56.86	0.00083096
56.87	0.0001382
56.88	-0.000524
56.89	-0.0011828
56.9	-0.001803
56.91	-0.002416
56.92	-0.0031153
56.93	-0.0037795
56.94	-0.0044412
56.95	-0.005338
56.96	-0.0063029
56.97	-0.007331
56.98	-0.0084543
56.99	-0.0094229
57	-0.01025
57.01	-0.011092
57.02	-0.01208
57.03	-0.013023
57.04	-0.013962
57.05	-0.01494
57.06	-0.015744
57.07	-0.016654
57.08	-0.017581
57.09	-0.018451
57.1	-0.019433
57.11	-0.02042
57.12	-0.021522
57.13	-0.022532
57.14	-0.023404
57.15	-0.024089
57.16	-0.024565
57.17	-0.024995
57.18	-0.02554
57.19	-0.026047
57.2	-0.026613
57.21	-0.027008
57.22	-0.02731
57.23	-0.027498
57.24	-0.027838
57.25	-0.028299
57.26	-0.028649
57.27	-0.028939
57.28	-0.029279
57.29	-0.029824
57.3	-0.030355
57.31	-0.031004
57.32	-0.031504
57.33	-0.031956
57.34	-0.032578
57.35	-0.033087
57.36	-0.033546
57.37	-0.033997
57.38	-0.034449
57.39	-0.034776
57.4	-0.035068
57.41	-0.035054
57.42	-0.034958
57.43	-0.034892
57.44	-0.034743
57.45	-0.03456
57.46	-0.034285
57.47	-0.033934
57.48	-0.033615
57.49	-0.03342
57.5	-0.033223
57.51	-0.033033
57.52	-0.032901
57.53	-0.032874
57.54	-0.03284
57.55	-0.032889
57.56	-0.033003
57.57	-0.033167
57.58	-0.033367
57.59	-0.033545
57.6	-0.033619
57.61	-0.033702
57.62	-0.033893
57.63	-0.034055
57.64	-0.034046
57.65	-0.034135
57.66	-0.034131
57.67	-0.034144
57.68	-0.034242
57.69	-0.034533
57.7	-0.034806
57.71	-0.034992
57.72	-0.035408
57.73	-0.035794
57.74	-0.036217
57.75	-0.036601
57.76	-0.036921
57.77	-0.037068
57.78	-0.037296
57.79	-0.037576
57.8	-0.037892
57.81	-0.038172
57.82	-0.038567
57.83	-0.038964
57.84	-0.039297
57.85	-0.039467
57.86	-0.039522
57.87	-0.039706
57.88	-0.039827
57.89	-0.039844
57.9	-0.039942
57.91	-0.040101
57.92	-0.0401
57.93	-0.039975
57.94	-0.039769
57.95	-0.039586
57.96	-0.039455
57.97	-0.039275
57.98	-0.03914
57.99	-0.03893
58	-0.038648
58.01	-0.038446
58.02	-0.038275
58.03	-0.037918
58.04	-0.037525
58.05	-0.037137
58.06	-0.036941
58.07	-0.036762
58.08	-0.036745
58.09	-0.036399
58.1	-0.035968
58.11	-0.035461
58.12	-0.035024
58.13	-0.034511
58.14	-0.033904
58.15	-0.033546
58.16	-0.033245
58.17	-0.032907
58.18	-0.032435
58.19	-0.031868
58.2	-0.031318
58.21	-0.030751
58.22	-0.030298
58.23	-0.029977
58.24	-0.02965
58.25	-0.029369
58.26	-0.028997
58.27	-0.02879
58.28	-0.028583
58.29	-0.028301
58.3	-0.028032
58.31	-0.027493
58.32	-0.027089
58.33	-0.026737
58.34	-0.026318
58.35	-0.025889
58.36	-0.025495
58.37	-0.025178
58.38	-0.02487
58.39	-0.024424
58.4	-0.024048
58.41	-0.023521
58.42	-0.023187
58.43	-0.022912
58.44	-0.02245
58.45	-0.02198
58.46	-0.021526
58.47	-0.02116
58.48	-0.020748
58.49	-0.020276
58.5	-0.019761
58.51	-0.019205
58.52	-0.018792
58.53	-0.018571
58.54	-0.018305
58.55	-0.018141
58.56	-0.017954
58.57	-0.01776
58.58	-0.017752
58.59	-0.01768
58.6	-0.017775
58.61	-0.017856
58.62	-0.017968
58.63	-0.018119
58.64	-0.018088
58.65	-0.018196
58.66	-0.018399
58.67	-0.018486
58.68	-0.018494
58.69	-0.018526
58.7	-0.018796
58.71	-0.019041
58.72	-0.019242
58.73	-0.019387
58.74	-0.019545
58.75	-0.019847
58.76	-0.020065
58.77	-0.020222
58.78	-0.020339
58.79	-0.020445
58.8	-0.020428
58.81	-0.020274
58.82	-0.020245
58.83	-0.020213
58.84	-0.020091
58.85	-0.020082
58.86	-0.020115
58.87	-0.020189
58.88	-0.020461
58.89	-0.020697
58.9	-0.020967
58.91	-0.021327
58.92	-0.021881
58.93	-0.022318
58.94	-0.022635
58.95	-0.02303
58.96	-0.023394
58.97	-0.023918
58.98	-0.024375
58.99	-0.02462
59	-0.024979
59.01	-0.025421
59.02	-0.025723
59.03	-0.026026
59.04	-0.026392
59.05	-0.026843
59.06	-0.02744
59.07	-0.027882
59.08	-0.028211
59.09	-0.028577
59.1	-0.029109
59.11	-0.029634
59.12	-0.030156
59.13	-0.03065
59.14	-0.031031
59.15	-0.031401
59.16	-0.031834
59.17	-0.032273
59.18	-0.03265
59.19	-0.033166
59.2	-0.033559
59.21	-0.033937
59.22	-0.034364
59.23	-0.034742
59.24	-0.03504
59.25	-0.03524
59.26	-0.035395
59.27	-0.035484
59.28	-0.035567
59.29	-0.035646
59.3	-0.035691
59.31	-0.035741
59.32	-0.035891
59.33	-0.036068
59.34	-0.036325
59.35	-0.036489
59.36	-0.036614
59.37	-0.036861
59.38	-0.036983
59.39	-0.036941
59.4	-0.036909
59.41	-0.03679
59.42	-0.036656
59.43	-0.036583
59.44	-0.036429
59.45	-0.036339
59.46	-0.036489
59.47	-0.03656
59.48	-0.036472
59.49	-0.036513
59.5	-0.03665
59.51	-0.036601
59.52	-0.036649
59.53	-0.036671
59.54	-0.036808
59.55	-0.037008
59.56	-0.037139
59.57	-0.037307
59.58	-0.037452
59.59	-0.03787
59.6	-0.038301
59.61	-0.038965
59.62	-0.039535
59.63	-0.039997
59.64	-0.040389
59.65	-0.040806
59.66	-0.04123
59.67	-0.041626
59.68	-0.041874
59.69	-0.042226
59.7	-0.042566
59.71	-0.042904
59.72	-0.043231
59.73	-0.043243
59.74	-0.043407
59.75	-0.04339
59.76	-0.043287
59.77	-0.043113
59.78	-0.042818
59.79	-0.042505
59.8	-0.042237
59.81	-0.042118
59.82	-0.041912
59.83	-0.041627
59.84	-0.041342
59.85	-0.041075
59.86	-0.040879
59.87	-0.040659
59.88	-0.040414
59.89	-0.040446
59.9	-0.040416
59.91	-0.040392
59.92	-0.040435
59.93	-0.040446
59.94	-0.040538
59.95	-0.040603
59.96	-0.040806
59.97	-0.041051
59.98	-0.041292
59.99	-0.04144
60	-0.041531
60.01	-0.041495
60.02	-0.041393
60.03	-0.041125
60.04	-0.040672
60.05	-0.040289
60.06	-0.04001
60.07	-0.039743
60.08	-0.039466
60.09	-0.039436
60.1	-0.039318
60.11	-0.039095
60.12	-0.038934
60.13	-0.038685
60.14	-0.038547
60.15	-0.038499
60.16	-0.038413
60.17	-0.038297
60.18	-0.038299
60.19	-0.038274
60.2	-0.038225
60.21	-0.038016
60.22	-0.037817
60.23	-0.037619
60.24	-0.037419
60.25	-0.037068
60.26	-0.036691
60.27	-0.036361
60.28	-0.036032
60.29	-0.035857
60.3	-0.035727
60.31	-0.035562
60.32	-0.035374
60.33	-0.035313
60.34	-0.035247
60.35	-0.035172
60.36	-0.035059
60.37	-0.034875
60.38	-0.034699
60.39	-0.034504
60.4	-0.034326
60.41	-0.034119
60.42	-0.034067
60.43	-0.034008
60.44	-0.033866
60.45	-0.033811
60.46	-0.033841
60.47	-0.034055
60.48	-0.034388
60.49	-0.034787
60.5	-0.035218
60.51	-0.035571
60.52	-0.035927
60.53	-0.036346
60.54	-0.036883
60.55	-0.037437
60.56	-0.038057
60.57	-0.038663
60.58	-0.039169
60.59	-0.039611
60.6	-0.04001
60.61	-0.040227
60.62	-0.040546
60.63	-0.040921
60.64	-0.041356
60.65	-0.041836
60.66	-0.042306
60.67	-0.043034
60.68	-0.043851
60.69	-0.044638
60.7	-0.045362
60.71	-0.046001
60.72	-0.046507
60.73	-0.04701
60.74	-0.047485
60.75	-0.047993
60.76	-0.048431
60.77	-0.048969
60.78	-0.049418
60.79	-0.049927
60.8	-0.050446
60.81	-0.05088
60.82	-0.05126
60.83	-0.051589
60.84	-0.051988
60.85	-0.052444
60.86	-0.052895
60.87	-0.053323
60.88	-0.053497
60.89	-0.053637
60.9	-0.053805
60.91	-0.054002
60.92	-0.054046
60.93	-0.054157
60.94	-0.054073
60.95	-0.054133
60.96	-0.054275
60.97	-0.05465
60.98	-0.054814
60.99	-0.054948
61	-0.055167
61.01	-0.055237
61.02	-0.055281
61.03	-0.055286
61.04	-0.055118
61.05	-0.05481
61.06	-0.054364
61.07	-0.054002
61.08	-0.053632
61.09	-0.053279
61.1	-0.05298
61.11	-0.05263
61.12	-0.052299
61.13	-0.051826
61.14	-0.051265
61.15	-0.050646
61.16	-0.050195
61.17	-0.049774
61.18	-0.049513
61.19	-0.049307
61.2	-0.04909
61.21	-0.048948
61.22	-0.049001
61.23	-0.048968
61.24	-0.049116
61.25	-0.049377
61.26	-0.04965
61.27	-0.050101
61.28	-0.050623
61.29	-0.050898
61.3	-0.051014
61.31	-0.051098
61.32	-0.05114
61.33	-0.051292
61.34	-0.05141
61.35	-0.05161
61.36	-0.051884
61.37	-0.052239
61.38	-0.052495
61.39	-0.052726
61.4	-0.052798
61.41	-0.052902
61.42	-0.053016
61.43	-0.05307
61.44	-0.053007
61.45	-0.053126
61.46	-0.053236
61.47	-0.05333
61.48	-0.053558
61.49	-0.053775
61.5	-0.054122
61.51	-0.054421
61.52	-0.054613
61.53	-0.054914
61.54	-0.055155
61.55	-0.0553
61.56	-0.055435
61.57	-0.055552
61.58	-0.05559
61.59	-0.055719
61.6	-0.055808
61.61	-0.055793
61.62	-0.055705
61.63	-0.055507
61.64	-0.055294
61.65	-0.055197
61.66	-0.055192
61.67	-0.055208
61.68	-0.055357
61.69	-0.055629
61.7	-0.055951
61.71	-0.056357
61.72	-0.05677
61.73	-0.057065
61.74	-0.057329
61.75	-0.057574
61.76	-0.05789
61.77	-0.058341
61.78	-0.058581
61.79	-0.058953
61.8	-0.059244
61.81	-0.059437
61.82	-0.059499
61.83	-0.059667
61.84	-0.059715
61.85	-0.05973
61.86	-0.059681
61.87	-0.059624
61.88	-0.059526
61.89	-0.059403
61.9	-0.059315
61.91	-0.05919
61.92	-0.059136
61.93	-0.059216
61.94	-0.059287
61.95	-0.059204
61.96	-0.059281
61.97	-0.059285
61.98	-0.059185
61.99	-0.059085
62	-0.05895
62.01	-0.05882
62.02	-0.058617
62.03	-0.058485
62.04	-0.058259
62.05	-0.057968
62.06	-0.057791
62.07	-0.057514
62.08	-0.057416
62.09	-0.057382
62.1	-0.057277
62.11	-0.057348
62.12	-0.057433
62.13	-0.057332
62.14	-0.057307
62.15	-0.057396
62.16	-0.057554
62.17	-0.057685
62.18	-0.057703
62.19	-0.057682
62.2	-0.057591
62.21	-0.057565
62.22	-0.057561
62.23	-0.057517
62.24	-0.057295
62.25	-0.057086
62.26	-0.056889
62.27	-0.056768
62.28	-0.056758
62.29	-0.056585
62.3	-0.05652
62.31	-0.056418
62.32	-0.056275
62.33	-0.056198
62.34	-0.0561
62.35	-0.055921
62.36	-0.055793
62.37	-0.055595
62.38	-0.055592
62.39	-0.055616
62.4	-0.055576
62.41	-0.055381
62.42	-0.055106
62.43	-0.054893
62.44	-0.054812
62.45	-0.0547
62.46	-0.054617
62.47	-0.054635
62.48	-0.054641
62.49	-0.054671
62.5	-0.054731
62.51	-0.0547
62.52	-0.054553
62.53	-0.054403
62.54	-0.054341
62.55	-0.054341
62.56	-0.054472
62.57	-0.054633
62.58	-0.054753
62.59	-0.055012
62.6	-0.055347
62.61	-0.055631
62.62	-0.0558
62.63	-0.05597
62.64	-0.05624
62.65	-0.056551
62.66	-0.056724
62.67	-0.057006
62.68	-0.057259
62.69	-0.057591
62.7	-0.057918
62.71	-0.058387
62.72	-0.058829
62.73	-0.059228
62.74	-0.059633
62.75	-0.060074
62.76	-0.060508
62.77	-0.060874
62.78	-0.061195
62.79	-0.061456
62.8	-0.061761
62.81	-0.061923
62.82	-0.062059
62.83	-0.062099
62.84	-0.062102
62.85	-0.062167
62.86	-0.062153
62.87	-0.062221
62.88	-0.062221
62.89	-0.062371
62.9	-0.062624
62.91	-0.062821
62.92	-0.062967
62.93	-0.063153
62.94	-0.063365
62.95	-0.063637
62.96	-0.063945
62.97	-0.064276
62.98	-0.064672
62.99	-0.065045
63	-0.065353
63.01	-0.065775
63.02	-0.066205
63.03	-0.066568
63.04	-0.066811
63.05	-0.066988
63.06	-0.067079
63.07	-0.067203
63.08	-0.067204
63.09	-0.067179
63.1	-0.066986
63.11	-0.066781
63.12	-0.066527
63.13	-0.066224
63.14	-0.065905
63.15	-0.06558
63.16	-0.065362
63.17	-0.065297
63.18	-0.065256
63.19	-0.065308
63.2	-0.065236
63.21	-0.065072
63.22	-0.065008
63.23	-0.065006
63.24	-0.064933
63.25	-0.064831
63.26	-0.06475
63.27	-0.064598
63.28	-0.064464
63.29	-0.064409
63.3	-0.064407
63.31	-0.064379
63.32	-0.064247
63.33	-0.064095
63.34	-0.063731
63.35	-0.063398
63.36	-0.063011
63.37	-0.062556
63.38	-0.062184
63.39	-0.061777
63.4	-0.06137
63.41	-0.061044
63.42	-0.060747
63.43	-0.060522
63.44	-0.06033
63.45	-0.060073
63.46	-0.059875
63.47	-0.059798
63.48	-0.059703
63.49	-0.059576
63.5	-0.059462
63.51	-0.059415
63.52	-0.059333
63.53	-0.059357
63.54	-0.059264
63.55	-0.059134
63.56	-0.058982
63.57	-0.058787
63.58	-0.058591
63.59	-0.058435
63.6	-0.058396
63.61	-0.058343
63.62	-0.05828
63.63	-0.058072
63.64	-0.057883
63.65	-0.057618
63.66	-0.057291
63.67	-0.056943
63.68	-0.056674
63.69	-0.05631
63.7	-0.055967
63.71	-0.055589
63.72	-0.055242
63.73	-0.054956
63.74	-0.054703
63.75	-0.054491
63.76	-0.054299
63.77	-0.054181
63.78	-0.053928
63.79	-0.053769
63.8	-0.053694
63.81	-0.053512
63.82	-0.053237
63.83	-0.052906
63.84	-0.052516
63.85	-0.052196
63.86	-0.051889
63.87	-0.051483
63.88	-0.050992
63.89	-0.050441
63.9	-0.049906
63.91	-0.04938
63.92	-0.048747
63.93	-0.048173
63.94	-0.047562
63.95	-0.046872
63.96	-0.046211
63.97	-0.045729
63.98	-0.045272
63.99	-0.044832
64	-0.044341
64.01	-0.043871
64.02	-0.043415
64.03	-0.043003
64.04	-0.042593
64.05	-0.042009
64.06	-0.041565
64.07	-0.041142
64.08	-0.040895
64.09	-0.040637
64.1	-0.040448
64.11	-0.040212
64.12	-0.039998
64.13	-0.039771
64.14	-0.039511
64.15	-0.039134
64.16	-0.038786
64.17	-0.038443
64.18	-0.038054
64.19	-0.037742
64.2	-0.037406
64.21	-0.037159
64.22	-0.036804
64.23	-0.036405
64.24	-0.036141
64.25	-0.035906
64.26	-0.035634
64.27	-0.035408
64.28	-0.035177
64.29	-0.034924
64.3	-0.034801
64.31	-0.034685
64.32	-0.034559
64.33	-0.034514
64.34	-0.034445
64.35	-0.034377
64.36	-0.034319
64.37	-0.034303
64.38	-0.03427
64.39	-0.034208
64.4	-0.034063
64.41	-0.033875
64.42	-0.033643
64.43	-0.033352
64.44	-0.033106
64.45	-0.032922
64.46	-0.032771
64.47	-0.032513
64.48	-0.032177
64.49	-0.031824
64.5	-0.031537
64.51	-0.03127
64.52	-0.031152
64.53	-0.030951
64.54	-0.030863
64.55	-0.030792
64.56	-0.030798
64.57	-0.030651
64.58	-0.03062
64.59	-0.030504
64.6	-0.030358
64.61	-0.030206
64.62	-0.030046
64.63	-0.029781
64.64	-0.029537
64.65	-0.029397
64.66	-0.029226
64.67	-0.029128
64.68	-0.029067
64.69	-0.028993
64.7	-0.028978
64.71	-0.028955
64.72	-0.028851
64.73	-0.028805
64.74	-0.028904
64.75	-0.029021
64.76	-0.029197
64.77	-0.029477
64.78	-0.029711
64.79	-0.029834
64.8	-0.030032
64.81	-0.030235
64.82	-0.030402
64.83	-0.030674
64.84	-0.030807
64.85	-0.030893
64.86	-0.031009
64.87	-0.031189
64.88	-0.031331
64.89	-0.031472
64.9	-0.031505
64.91	-0.031547
64.92	-0.031704
64.93	-0.03167
64.94	-0.031735
64.95	-0.031829
64.96	-0.031939
64.97	-0.032091
64.98	-0.032206
64.99	-0.032245
65	-0.03235
65.01	-0.032355
65.02	-0.032396
65.03	-0.032428
65.04	-0.032572
65.05	-0.032801
65.06	-0.033047
65.07	-0.033356
65.08	-0.033633
65.09	-0.033883
65.1	-0.034084
65.11	-0.034257
65.12	-0.034416
65.13	-0.034499
65.14	-0.034616
65.15	-0.034669
65.16	-0.034718
65.17	-0.034746
65.18	-0.034705
65.19	-0.034678
65.2	-0.034541
65.21	-0.034459
65.22	-0.034359
65.23	-0.034269
65.24	-0.034131
65.25	-0.033959
65.26	-0.033835
65.27	-0.033652
65.28	-0.033419
65.29	-0.033281
65.3	-0.032988
65.31	-0.03268
65.32	-0.032351
65.33	-0.032125
65.34	-0.031954
65.35	-0.031766
65.36	-0.031612
65.37	-0.031497
65.38	-0.031347
65.39	-0.031284
65.4	-0.031215
65.41	-0.031088
65.42	-0.030917
65.43	-0.030725
65.44	-0.03057
65.45	-0.030342
65.46	-0.030099
65.47	-0.029749
65.48	-0.029468
65.49	-0.029136
65.5	-0.028776
65.51	-0.028454
65.52	-0.028115
65.53	-0.027761
65.54	-0.027487
65.55	-0.027235
65.56	-0.026968
65.57	-0.026746
65.58	-0.026668
65.59	-0.026657
65.6	-0.02674
65.61	-0.026859
65.62	-0.026861
65.63	-0.026866
65.64	-0.026965
65.65	-0.027027
65.66	-0.027149
65.67	-0.027378
65.68	-0.027566
65.69	-0.027796
65.7	-0.027884
65.71	-0.027962
65.72	-0.028027
65.73	-0.028211
65.74	-0.028459
65.75	-0.028665
65.76	-0.028725
65.77	-0.028757
65.78	-0.028863
65.79	-0.028848
65.8	-0.028845
65.81	-0.028904
65.82	-0.028988
65.83	-0.029041
65.84	-0.029204
65.85	-0.029192
65.86	-0.029154
65.87	-0.029132
65.88	-0.029069
65.89	-0.028927
65.9	-0.02882
65.91	-0.028729
65.92	-0.028572
65.93	-0.028453
65.94	-0.028234
65.95	-0.028081
65.96	-0.027874
65.97	-0.027635
65.98	-0.027396
65.99	-0.027169
66	-0.027043
66.01	-0.026876
66.02	-0.026579
66.03	-0.026373
66.04	-0.026128
66.05	-0.025945
66.06	-0.025825
66.07	-0.02566
66.08	-0.025421
66.09	-0.02512
66.1	-0.024724
66.11	-0.024396
66.12	-0.024053
66.13	-0.023728
66.14	-0.023352
66.15	-0.022983
66.16	-0.02264
66.17	-0.022306
66.18	-0.022069
66.19	-0.021888
66.2	-0.021679
66.21	-0.021457
66.22	-0.021184
66.23	-0.020987
66.24	-0.020785
66.25	-0.02054
66.26	-0.02034
66.27	-0.020142
66.28	-0.020045
66.29	-0.019853
66.3	-0.019648
66.31	-0.019502
66.32	-0.019375
66.33	-0.019255
66.34	-0.019197
66.35	-0.019189
66.36	-0.019274
66.37	-0.019327
66.38	-0.019372
66.39	-0.019331
66.4	-0.019374
66.41	-0.019511
66.42	-0.019635
66.43	-0.019819
66.44	-0.020039
66.45	-0.020288
66.46	-0.020545
66.47	-0.020644
66.48	-0.020795
66.49	-0.020892
66.5	-0.020933
66.51	-0.02092
66.52	-0.020809
66.53	-0.02068
66.54	-0.020549
66.55	-0.020411
66.56	-0.020204
66.57	-0.020006
66.58	-0.019817
66.59	-0.019632
66.6	-0.019493
66.61	-0.019372
66.62	-0.019235
66.63	-0.019136
66.64	-0.019104
66.65	-0.019066
66.66	-0.018992
66.67	-0.018867
66.68	-0.018774
66.69	-0.01862
66.7	-0.018454
66.71	-0.018249
66.72	-0.018081
66.73	-0.017985
66.74	-0.017934
66.75	-0.017844
66.76	-0.01772
66.77	-0.017646
66.78	-0.01764
66.79	-0.017592
66.8	-0.017459
66.81	-0.017326
66.82	-0.017173
66.83	-0.016949
66.84	-0.016706
66.85	-0.016487
66.86	-0.016324
66.87	-0.016143
66.88	-0.015922
66.89	-0.015633
66.9	-0.015447
66.91	-0.015339
66.92	-0.015258
66.93	-0.015184
66.94	-0.015131
66.95	-0.015067
66.96	-0.01506
66.97	-0.015037
66.98	-0.014938
66.99	-0.014881
67	-0.01471
67.01	-0.014553
67.02	-0.014393
67.03	-0.014252
67.04	-0.01414
67.05	-0.014005
67.06	-0.013807
67.07	-0.013618
67.08	-0.013422
67.09	-0.013238
67.1	-0.013083
67.11	-0.012902
67.12	-0.01272
67.13	-0.012495
67.14	-0.012411
67.15	-0.012324
67.16	-0.012241
67.17	-0.012154
67.18	-0.012092
67.19	-0.012049
67.2	-0.011984
67.21	-0.011927
67.22	-0.012017
67.23	-0.0121
67.24	-0.012133
67.25	-0.012169
67.26	-0.012138
67.27	-0.012074
67.28	-0.011981
67.29	-0.011843
67.3	-0.011659
67.31	-0.011529
67.32	-0.011377
67.33	-0.011255
67.34	-0.011158
67.35	-0.011057
67.36	-0.010994
67.37	-0.010878
67.38	-0.010769
67.39	-0.01068
67.4	-0.010563
67.41	-0.010556
67.42	-0.010516
67.43	-0.010471
67.44	-0.010513
67.45	-0.01056
67.46	-0.010631
67.47	-0.010654
67.48	-0.010625
67.49	-0.010615
67.5	-0.01054
67.51	-0.010522
67.52	-0.01051
67.53	-0.0105
67.54	-0.010501
67.55	-0.010423
67.56	-0.010354
67.57	-0.010238
67.58	-0.010109
67.59	-0.0099754
67.6	-0.0097452
67.61	-0.0094874
67.62	-0.0093005
67.63	-0.0091818
67.64	-0.0090824
67.65	-0.0089694
67.66	-0.0088959
67.67	-0.0088099
67.68	-0.0087697
67.69	-0.0087635
67.7	-0.0087441
67.71	-0.0088121
67.72	-0.0088485
67.73	-0.008885
67.74	-0.0089568
67.75	-0.009004
67.76	-0.0090116
67.77	-0.0090282
67.78	-0.00901
67.79	-0.0089304
67.8	-0.0088056
67.81	-0.0087822
67.82	-0.0087409
67.83	-0.0087225
67.84	-0.0086948
67.85	-0.0085885
67.86	-0.0084584
67.87	-0.0083932
67.88	-0.0082627
67.89	-0.0081051
67.9	-0.0079349
67.91	-0.0078333
67.92	-0.0077419
67.93	-0.0076492
67.94	-0.0076016
67.95	-0.0075384
67.96	-0.0075145
67.97	-0.0074145
67.98	-0.0073489
67.99	-0.0072701
68	-0.0073105
68.01	-0.007387
68.02	-0.0074646
68.03	-0.0074679
68.04	-0.0074626
68.05	-0.0074642
68.06	-0.0074398
68.07	-0.007317
68.08	-0.007226
68.09	-0.0071538
68.1	-0.0070745
68.11	-0.0069966
68.12	-0.0068545
68.13	-0.0067263
68.14	-0.0065807
68.15	-0.0064659
68.16	-0.0063421
68.17	-0.0061732
68.18	-0.0060562
68.19	-0.0059268
68.2	-0.0057406
68.21	-0.0056245
68.22	-0.0055497
68.23	-0.0054838
68.24	-0.0054312
68.25	-0.0054017
68.26	-0.0053366
68.27	-0.0052577
68.28	-0.0051898
68.29	-0.0050908
68.3	-0.0049835
68.31	-0.0048948
68.32	-0.004795
68.33	-0.004693
68.34	-0.0046031
68.35	-0.0045052
68.36	-0.0043891
68.37	-0.004271
68.38	-0.0041235
68.39	-0.0039627
68.4	-0.0038064
68.41	-0.0036693
68.42	-0.0035604
68.43	-0.0034888
68.44	-0.0033659
68.45	-0.0032168
68.46	-0.0031595
68.47	-0.0030605
68.48	-0.0029183
68.49	-0.002803
68.5	-0.0027194
68.51	-0.0026448
68.52	-0.002524
68.53	-0.0024338
68.54	-0.0023457
68.55	-0.0022759
68.56	-0.0022188
68.57	-0.0021051
68.58	-0.0020313
68.59	-0.0019558
68.6	-0.0018635
68.61	-0.0017949
68.62	-0.0017222
68.63	-0.0016879
68.64	-0.0016338
68.65	-0.0015514
68.66	-0.0014659
68.67	-0.0014096
68.68	-0.0014147
68.69	-0.0013807
68.7	-0.0013262
68.71	-0.0012708
68.72	-0.0012778
68.73	-0.0012966
68.74	-0.0012665
68.75	-0.001282
68.76	-0.0012616
68.77	-0.0012701
68.78	-0.0013178
68.79	-0.0013177
68.8	-0.0013533
68.81	-0.0014019
68.82	-0.0014492
68.83	-0.0015285
68.84	-0.0016083
68.85	-0.001701
68.86	-0.0017821
68.87	-0.0018707
68.88	-0.0019468
68.89	-0.0019659
68.9	-0.0019806
68.91	-0.0019419
68.92	-0.0019574
68.93	-0.0019821
68.94	-0.0019777
68.95	-0.0020127
68.96	-0.0020212
68.97	-0.0020102
68.98	-0.0020191
68.99	-0.0020228
69	-0.0020263
69.01	-0.0020607
69.02	-0.0021163
69.03	-0.0021283
69.04	-0.0021817
69.05	-0.0022323
69.06	-0.002265
69.07	-0.0023173
69.08	-0.002351
69.09	-0.0024286
69.1	-0.0024635
69.11	-0.0024866
69.12	-0.0024883
69.13	-0.0024689
69.14	-0.0024547
69.15	-0.0024364
69.16	-0.0023545
69.17	-0.0022448
69.18	-0.0021296
69.19	-0.0020298
69.2	-0.0019459
69.21	-0.0018682
69.22	-0.0017941
69.23	-0.0016968
69.24	-0.0016315
69.25	-0.0016031
69.26	-0.0015445
69.27	-0.0015038
69.28	-0.0014579
69.29	-0.001387
69.3	-0.0013289
69.31	-0.0012595
69.32	-0.0011859
69.33	-0.0011533
69.34	-0.0011208
69.35	-0.0010883
69.36	-0.0010529
69.37	-0.0010439
69.38	-0.0010097
69.39	-0.00097576
69.4	-0.00096372
69.41	-0.00092947
69.42	-0.00087231
69.43	-0.00086966
69.44	-0.00086141
69.45	-0.00088038
69.46	-0.00090744
69.47	-0.00086298
69.48	-0.00081809
69.49	-0.00079911
69.5	-0.00076914
69.51	-0.00074059
69.52	-0.00071044
69.53	-0.00067095
69.54	-0.00069
69.55	-0.0007085
69.56	-0.00075004
69.57	-0.00078694
69.58	-0.00078697
69.59	-0.00079383
69.6	-0.00075071
69.61	-0.00071022
69.62	-0.00069911
69.63	-0.00066857
69.64	-0.00064868
69.65	-0.00061849
69.66	-0.00060957
69.67	-0.00059072
69.68	-0.00056157
69.69	-0.00054567
69.7	-0.00048606
69.71	-0.00041822
69.72	-0.00036479
69.73	-0.00032613
69.74	-0.00033842
69.75	-0.00033935
69.76	-0.0003218
69.77	-0.00028772
69.78	-0.00025071
69.79	-0.00021525
69.8	-0.00019266
69.81	-0.00020013
69.82	-0.0002096
69.83	-0.00022712
69.84	-0.00022343
69.85	-0.00019868
69.86	-0.00020194
69.87	-0.00019746
69.88	-0.00019306
69.89	-0.00016636
69.9	-0.0001178
69.91	-9.2493e-05
69.92	-7.5806e-05
69.93	-7.3719e-05
69.94	-6.4066e-05
69.95	-5.454e-05
69.96	-6.5088e-05
69.97	-5.0592e-05
69.98	-4.0792e-05
69.99	-2.4555e-05
