0	1
0.01	0.99267
0.02	0.98557
0.03	0.97843
0.04	0.9716
0.05	0.96469
0.06	0.95805
0.07	0.95129
0.08	0.94453
0.09	0.93799
0.1	0.93142
0.11	0.92476
0.12	0.91825
0.13	0.91201
0.14	0.90586
0.15	0.90007
0.16	0.89435
0.17	0.88852
0.18	0.88234
0.19	0.87648
0.2	0.8705
0.21	0.86457
0.22	0.85868
0.23	0.85321
0.24	0.8481
0.25	0.84304
0.26	0.83807
0.27	0.83325
0.28	0.82836
0.29	0.82381
0.3	0.81937
0.31	0.81506
0.32	0.81081
0.33	0.80647
0.34	0.8023
0.35	0.79861
0.36	0.79501
0.37	0.79149
0.38	0.78803
0.39	0.78461
0.4	0.78135
0.41	0.77808
0.42	0.77505
0.43	0.77188
0.44	0.76877
0.45	0.76583
0.46	0.76291
0.47	0.76018
0.48	0.75766
0.49	0.75512
0.5	0.75232
0.51	0.74977
0.52	0.74713
0.53	0.74464
0.54	0.74204
0.55	0.73967
0.56	0.73724
0.57	0.73457
0.58	0.73168
0.59	0.72861
0.6	0.7256
0.61	0.72291
0.62	0.72027
0.63	0.71767
0.64	0.71525
0.65	0.7128
0.66	0.71046
0.67	0.70826
0.68	0.70615
0.69	0.70415
0.7	0.70228
0.71	0.7002
0.72	0.69818
0.73	0.69577
0.74	0.69293
0.75	0.69024
0.76	0.68763
0.77	0.68519
0.78	0.68259
0.79	0.67977
0.8	0.67706
0.81	0.67435
0.82	0.67174
0.83	0.66927
0.84	0.66683
0.85	0.66448
0.86	0.66217
0.87	0.65998
0.88	0.65802
0.89	0.65618
0.9	0.65424
0.91	0.65263
0.92	0.65075
0.93	0.64898
0.94	0.64698
0.95	0.64495
0.96	0.64257
0.97	0.64003
0.98	0.63748
0.99	0.63495
1	0.63247
1.01	0.62994
1.02	0.62735
1.03	0.62491
1.04	0.62251
1.05	0.62021
1.06	0.61796
1.07	0.61551
1.08	0.61284
1.09	0.61014
1.1	0.60748
1.11	0.60484
1.12	0.60226
1.13	0.5997
1.14	0.59719
1.15	0.59477
1.16	0.59227
1.17	0.58988
1.18	0.5871
1.19	0.5844
1.2	0.58159
1.21	0.57891
1.22	0.5761
1.23	0.57326
1.24	0.5703
1.25	0.56762
1.26	0.56503
1.27	0.56259
1.28	0.56019
1.29	0.5575
1.3	0.55481
1.31	0.55249
1.32	0.54992
1.33	0.54768
1.34	0.54555
1.35	0.54323
1.36	0.54082
1.37	0.53832
1.38	0.53585
1.39	0.53369
1.4	0.53139
1.41	0.52927
1.42	0.52718
1.43	0.52485
1.44	0.52221
1.45	0.51969
1.46	0.5172
1.47	0.51499
1.48	0.51279
1.49	0.5107
1.5	0.50863
1.51	0.50645
1.52	0.50397
1.53	0.50142
1.54	0.49882
1.55	0.49629
1.56	0.49376
1.57	0.49131
1.58	0.48891
1.59	0.48631
1.6	0.48378
1.61	0.48129
1.62	0.47889
1.63	0.47661
1.64	0.47422
1.65	0.47189
1.66	0.46978
1.67	0.46764
1.68	0.46536
1.69	0.46276
1.7	0.46028
1.71	0.45783
1.72	0.45567
1.73	0.45337
1.74	0.45086
1.75	0.44825
1.76	0.44554
1.77	0.44292
1.78	0.44043
1.79	0.43796
1.8	0.43548
1.81	0.43288
1.82	0.4305
1.83	0.42831
1.84	0.42639
1.85	0.42424
1.86	0.42226
1.87	0.42012
1.88	0.41834
1.89	0.41657
1.9	0.4148
1.91	0.41311
1.92	0.41114
1.93	0.40916
1.94	0.40689
1.95	0.40464
1.96	0.40233
1.97	0.40011
1.98	0.39795
1.99	0.39611
2	0.39415
2.01	0.39207
2.02	0.38981
2.03	0.38751
2.04	0.38496
2.05	0.38255
2.06	0.38001
2.07	0.37754
2.08	0.37531
2.09	0.3729
2.1	0.37057
2.11	0.36838
2.12	0.36613
2.13	0.36378
2.14	0.36178
2.15	0.35947
2.16	0.35705
2.17	0.35479
2.18	0.35254
2.19	0.35043
2.2	0.3486
2.21	0.34665
2.22	0.34473
2.23	0.34261
2.24	0.34059
2.25	0.33863
2.26	0.33666
2.27	0.33443
2.28	0.33255
2.29	0.33055
2.3	0.32853
2.31	0.32673
2.32	0.32502
2.33	0.32329
2.34	0.32186
2.35	0.32062
2.36	0.31939
2.37	0.31816
2.38	0.31659
2.39	0.3152
2.4	0.31397
2.41	0.31274
2.42	0.31151
2.43	0.31009
2.44	0.30854
2.45	0.30692
2.46	0.30517
2.47	0.30343
2.48	0.30166
2.49	0.29975
2.5	0.29798
2.51	0.29586
2.52	0.29376
2.53	0.2917
2.54	0.28968
2.55	0.28772
2.56	0.28565
2.57	0.28353
2.58	0.2817
2.59	0.27998
2.6	0.27849
2.61	0.27719
2.62	0.27606
2.63	0.2748
2.64	0.27365
2.65	0.27242
2.66	0.27122
2.67	0.27005
2.68	0.26902
2.69	0.26803
2.7	0.26677
2.71	0.26541
2.72	0.26406
2.73	0.26262
2.74	0.26128
2.75	0.2603
2.76	0.25924
2.77	0.25847
2.78	0.25775
2.79	0.25707
2.8	0.25629
2.81	0.25546
2.82	0.25468
2.83	0.2538
2.84	0.25299
2.85	0.25189
2.86	0.25087
2.87	0.24961
2.88	0.24822
2.89	0.24701
2.9	0.24603
2.91	0.24511
2.92	0.24456
2.93	0.24391
2.94	0.24332
2.95	0.24265
2.96	0.24232
2.97	0.2419
2.98	0.24144
2.99	0.241
3	0.24055
3.01	0.24019
3.02	0.23974
3.03	0.23928
3.04	0.23889
3.05	0.23861
3.06	0.23835
3.07	0.23799
3.08	0.2377
3.09	0.23739
3.1	0.23678
3.11	0.23642
3.12	0.23622
3.13	0.23621
3.14	0.23604
3.15	0.23581
3.16	0.23566
3.17	0.23609
3.18	0.23629
3.19	0.23624
3.2	0.23606
3.21	0.23573
3.22	0.23541
3.23	0.23491
3.24	0.2342
3.25	0.2335
3.26	0.23262
3.27	0.23166
3.28	0.23093
3.29	0.22991
3.3	0.22934
3.31	0.22875
3.32	0.22821
3.33	0.22786
3.34	0.22773
3.35	0.2277
3.36	0.22781
3.37	0.22753
3.38	0.22711
3.39	0.22646
3.4	0.22577
3.41	0.22492
3.42	0.22417
3.43	0.2235
3.44	0.22287
3.45	0.22198
3.46	0.22085
3.47	0.21965
3.48	0.21823
3.49	0.21669
3.5	0.21501
3.51	0.21331
3.52	0.21146
3.53	0.20984
3.54	0.2082
3.55	0.20637
3.56	0.20425
3.57	0.2021
3.58	0.19989
3.59	0.19783
3.6	0.19577
3.61	0.19388
3.62	0.19212
3.63	0.1906
3.64	0.18911
3.65	0.18777
3.66	0.18633
3.67	0.18478
3.68	0.18339
3.69	0.18162
3.7	0.17995
3.71	0.17846
3.72	0.17701
3.73	0.1757
3.74	0.17451
3.75	0.17359
3.76	0.17267
3.77	0.17138
3.78	0.16995
3.79	0.16886
3.8	0.16754
3.81	0.16633
3.82	0.16522
3.83	0.16441
3.84	0.16377
3.85	0.1633
3.86	0.16262
3.87	0.16187
3.88	0.16106
3.89	0.16037
3.9	0.15961
3.91	0.15902
3.92	0.1586
3.93	0.15796
3.94	0.15754
3.95	0.15732
3.96	0.15736
3.97	0.15747
3.98	0.15756
3.99	0.15736
4	0.15741
4.01	0.15774
4.02	0.15807
4.03	0.15848
4.04	0.15869
4.05	0.15907
4.06	0.15923
4.07	0.15924
4.08	0.15926
4.09	0.15922
4.1	0.15908
4.11	0.15897
4.12	0.15874
4.13	0.15835
4.14	0.15802
4.15	0.15757
4.16	0.15735
4.17	0.15695
4.18	0.15646
4.19	0.15608
4.2	0.15575
4.21	0.15559
4.22	0.15548
4.23	0.15548
4.24	0.15558
4.25	0.15561
4.26	0.1555
4.27	0.15498
4.28	0.15416
4.29	0.15327
4.3	0.15236
4.31	0.15157
4.32	0.15075
4.33	0.15007
4.34	0.14952
4.35	0.14905
4.36	0.14873
4.37	0.1482
4.38	0.14771
4.39	0.14702
4.4	0.14633
4.41	0.1454
4.42	0.14436
4.43	0.14337
4.44	0.14201
4.45	0.14049
4.46	0.13888
4.47	0.13725
4.48	0.13558
4.49	0.13404
4.5	0.13258
4.51	0.13146
4.52	0.13025
4.53	0.1292
4.54	0.12809
4.55	0.12667
4.56	0.1254
4.57	0.12391
4.58	0.12251
4.59	0.12136
4.6	0.12022
4.61	0.11934
4.62	0.11838
4.63	0.11732
4.64	0.11642
4.65	0.11515
4.66	0.11417
4.67	0.11325
4.68	0.11262
4.69	0.1121
4.7	0.11178
4.71	0.11155
4.72	0.11135
4.73	0.11087
4.74	0.1103
4.75	0.10995
4.76	0.10949
4.77	0.10914
4.78	0.10874
4.79	0.10861
4.8	0.10834
4.81	0.10787
4.82	0.10734
4.83	0.10684
4.84	0.10622
4.85	0.10583
4.86	0.10543
4.87	0.10496
4.88	0.10435
4.89	0.10428
4.9	0.10402
4.91	0.10379
4.92	0.10355
4.93	0.10326
4.94	0.10295
4.95	0.10259
4.96	0.10225
4.97	0.10178
4.98	0.10139
4.99	0.101
5	0.10043
5.01	0.099792
5.02	0.099045
5.03	0.098488
5.04	0.098017
5.05	0.097343
5.06	0.096826
5.07	0.096418
5.08	0.096427
5.09	0.096564
5.1	0.096756
5.11	0.097056
5.12	0.097379
5.13	0.097595
5.14	0.097705
5.15	0.09805
5.16	0.098423
5.17	0.098738
5.18	0.099369
5.19	0.10003
5.2	0.1004
5.21	0.10061
5.22	0.10071
5.23	0.10071
5.24	0.10107
5.25	0.10111
5.26	0.10127
5.27	0.10126
5.28	0.10141
5.29	0.10135
5.3	0.10123
5.31	0.10108
5.32	0.10066
5.33	0.10032
5.34	0.10019
5.35	0.10037
5.36	0.10033
5.37	0.10032
5.38	0.099949
5.39	0.09957
5.4	0.099171
5.41	0.098675
5.42	0.098125
5.43	0.097666
5.44	0.097295
5.45	0.096648
5.46	0.096179
5.47	0.095861
5.48	0.095446
5.49	0.095014
5.5	0.094985
5.51	0.094609
5.52	0.094092
5.53	0.093594
5.54	0.093254
5.55	0.092764
5.56	0.092537
5.57	0.092201
5.58	0.091682
5.59	0.091103
5.6	0.090375
5.61	0.089752
5.62	0.089178
5.63	0.088672
5.64	0.088318
5.65	0.088141
5.66	0.088161
5.67	0.088266
5.68	0.088328
5.69	0.088277
5.7	0.088085
5.71	0.087996
5.72	0.087998
5.73	0.088075
5.74	0.088557
5.75	0.088857
5.76	0.089102
5.77	0.08939
5.78	0.089877
5.79	0.090626
5.8	0.091437
5.81	0.092337
5.82	0.093033
5.83	0.093987
5.84	0.094753
5.85	0.095233
5.86	0.095758
5.87	0.096197
5.88	0.097034
5.89	0.097778
5.9	0.098594
5.91	0.099175
5.92	0.099618
5.93	0.099814
5.94	0.099995
5.95	0.10002
5.96	0.10034
5.97	0.10062
5.98	0.10066
5.99	0.10054
6	0.10037
6.01	0.099976
6.02	0.099501
6.03	0.099188
6.04	0.098896
6.05	0.09862
6.06	0.098388
6.07	0.098014
6.08	0.097696
6.09	0.097212
6.1	0.096685
6.11	0.09641
6.12	0.095907
6.13	0.095606
6.14	0.095181
6.15	0.09489
6.16	0.094724
6.17	0.094698
6.18	0.094372
6.19	0.094291
6.2	0.094413
6.21	0.094346
6.22	0.094544
6.23	0.094667
6.24	0.094773
6.25	0.094871
6.26	0.095185
6.27	0.0956
6.28	0.095946
6.29	0.095954
6.3	0.09594
6.31	0.096061
6.32	0.095714
6.33	0.095281
6.34	0.094988
6.35	0.094682
6.36	0.094336
6.37	0.094046
6.38	0.093802
6.39	0.093643
6.4	0.093785
6.41	0.094016
6.42	0.09408
6.43	0.094471
6.44	0.094906
6.45	0.095366
6.46	0.095786
6.47	0.096064
6.48	0.095937
6.49	0.095589
6.5	0.095106
6.51	0.094962
6.52	0.095147
6.53	0.095391
6.54	0.095444
6.55	0.095539
6.56	0.095458
6.57	0.095406
6.58	0.095176
6.59	0.09503
6.6	0.095154
6.61	0.095462
6.62	0.095885
6.63	0.096243
6.64	0.096458
6.65	0.096465
6.66	0.096513
6.67	0.096609
6.68	0.09682
6.69	0.097129
6.7	0.097477
6.71	0.098
6.72	0.098555
6.73	0.098996
6.74	0.09933
6.75	0.099717
6.76	0.099987
6.77	0.10028
6.78	0.10062
6.79	0.10096
6.8	0.10114
6.81	0.10144
6.82	0.10179
6.83	0.10207
6.84	0.10253
6.85	0.10302
6.86	0.10315
6.87	0.1034
6.88	0.10371
6.89	0.10419
6.9	0.10453
6.91	0.10484
6.92	0.10513
6.93	0.10523
6.94	0.10513
6.95	0.10491
6.96	0.10474
6.97	0.10466
6.98	0.10478
6.99	0.10469
7	0.10458
7.01	0.10466
7.02	0.10479
7.03	0.10492
7.04	0.105
7.05	0.10478
7.06	0.10418
7.07	0.1038
7.08	0.10335
7.09	0.10289
7.1	0.1024
7.11	0.10203
7.12	0.10137
7.13	0.10057
7.14	0.099672
7.15	0.098803
7.16	0.097965
7.17	0.097569
7.18	0.09721
7.19	0.096876
7.2	0.096779
7.21	0.096693
7.22	0.096499
7.23	0.096358
7.24	0.096074
7.25	0.095671
7.26	0.095162
7.27	0.094469
7.28	0.093739
7.29	0.093245
7.3	0.092781
7.31	0.092231
7.32	0.091712
7.33	0.09115
7.34	0.090568
7.35	0.090121
7.36	0.089687
7.37	0.089274
7.38	0.088997
7.39	0.088845
7.4	0.088848
7.41	0.088747
7.42	0.088877
7.43	0.088802
7.44	0.088759
7.45	0.088658
7.46	0.088633
7.47	0.088573
7.48	0.088315
7.49	0.088029
7.5	0.087847
7.51	0.087367
7.52	0.086677
7.53	0.085872
7.54	0.085077
7.55	0.084575
7.56	0.084149
7.57	0.083613
7.58	0.083057
7.59	0.082346
7.6	0.081693
7.61	0.081225
7.62	0.080956
7.63	0.080549
7.64	0.07987
7.65	0.079327
7.66	0.078681
7.67	0.077989
7.68	0.077408
7.69	0.076803
7.7	0.076196
7.71	0.075607
7.72	0.074866
7.73	0.074091
7.74	0.073494
7.75	0.072904
7.76	0.072338
7.77	0.07168
7.78	0.070759
7.79	0.069625
7.8	0.068713
7.81	0.067996
7.82	0.067293
7.83	0.066587
7.84	0.065866
7.85	0.06485
7.86	0.063636
7.87	0.062509
7.88	0.061746
7.89	0.060851
7.9	0.060164
7.91	0.059561
7.92	0.058954
7.93	0.058401
7.94	0.057698
7.95	0.056706
7.96	0.055715
7.97	0.05458
7.98	0.053446
7.99	0.0524
8	0.051523
8.01	0.050485
8.02	0.049628
8.03	0.048944
8.04	0.048174
8.05	0.047736
8.06	0.047345
8.07	0.046817
8.08	0.046334
8.09	0.04582
8.1	0.045368
8.11	0.045077
8.12	0.045032
8.13	0.044988
8.14	0.044885
8.15	0.044743
8.16	0.044414
8.17	0.044383
8.18	0.0445
8.19	0.04475
8.2	0.045059
8.21	0.045008
8.22	0.044898
8.23	0.044663
8.24	0.044504
8.25	0.044279
8.26	0.044113
8.27	0.044046
8.28	0.044118
8.29	0.044137
8.3	0.044395
8.31	0.044806
8.32	0.045325
8.33	0.046165
8.34	0.047222
8.35	0.048313
8.36	0.049551
8.37	0.050882
8.38	0.052214
8.39	0.053442
8.4	0.054483
8.41	0.055649
8.42	0.056636
8.43	0.057778
8.44	0.058785
8.45	0.059735
8.46	0.060529
8.47	0.061338
8.48	0.062255
8.49	0.063074
8.5	0.063904
8.51	0.064343
8.52	0.064925
8.53	0.065386
8.54	0.065954
8.55	0.066546
8.56	0.067262
8.57	0.067958
8.58	0.06849
8.59	0.06883
8.6	0.069197
8.61	0.069607
8.62	0.070233
8.63	0.071053
8.64	0.071972
8.65	0.072962
8.66	0.07375
8.67	0.074552
8.68	0.075433
8.69	0.076212
8.7	0.076671
8.71	0.077062
8.72	0.077578
8.73	0.078234
8.74	0.078866
8.75	0.079613
8.76	0.07997
8.77	0.080214
8.78	0.080524
8.79	0.080434
8.8	0.080572
8.81	0.080875
8.82	0.081031
8.83	0.081213
8.84	0.081279
8.85	0.08135
8.86	0.081498
8.87	0.081611
8.88	0.081793
8.89	0.082047
8.9	0.082599
8.91	0.083415
8.92	0.084419
8.93	0.085324
8.94	0.086119
8.95	0.087118
8.96	0.088205
8.97	0.08933
8.98	0.090539
8.99	0.091785
9	0.093159
9.01	0.094512
9.02	0.095757
9.03	0.097235
9.04	0.098557
9.05	0.099887
9.06	0.10084
9.07	0.10187
9.08	0.10304
9.09	0.10456
9.1	0.1059
9.11	0.10748
9.12	0.10911
9.13	0.11098
9.14	0.11269
9.15	0.11464
9.16	0.11646
9.17	0.11811
9.18	0.11964
9.19	0.12094
9.2	0.12234
9.21	0.12356
9.22	0.12506
9.23	0.12668
9.24	0.12851
9.25	0.13
9.26	0.1314
9.27	0.13275
9.28	0.13407
9.29	0.13548
9.3	0.137
9.31	0.13859
9.32	0.14031
9.33	0.14208
9.34	0.14401
9.35	0.14554
9.36	0.14698
9.37	0.14836
9.38	0.14975
9.39	0.15129
9.4	0.15299
9.41	0.15454
9.42	0.15608
9.43	0.15763
9.44	0.15906
9.45	0.16038
9.46	0.16171
9.47	0.16305
9.48	0.16422
9.49	0.16532
9.5	0.16629
9.51	0.16735
9.52	0.16822
9.53	0.16948
9.54	0.17061
9.55	0.17157
9.56	0.17235
9.57	0.17312
9.58	0.1738
9.59	0.17454
9.6	0.17547
9.61	0.17646
9.62	0.17749
9.63	0.17847
9.64	0.17955
9.65	0.18051
9.66	0.1815
9.67	0.1827
9.68	0.18372
9.69	0.18475
9.7	0.18573
9.71	0.1868
9.72	0.18797
9.73	0.18917
9.74	0.19008
9.75	0.19126
9.76	0.19234
9.77	0.19345
9.78	0.19443
9.79	0.19572
9.8	0.19718
9.81	0.19862
9.82	0.19988
9.83	0.20114
9.84	0.20233
9.85	0.20349
9.86	0.20453
9.87	0.20554
9.88	0.20644
9.89	0.20724
9.9	0.20806
9.91	0.20907
9.92	0.21006
9.93	0.2109
9.94	0.21142
9.95	0.21208
9.96	0.21251
9.97	0.21295
9.98	0.2134
9.99	0.21405
10	0.21471
10.01	0.21534
10.02	0.21592
10.03	0.21648
10.04	0.21727
10.05	0.21815
10.06	0.21906
10.07	0.21994
10.08	0.22094
10.09	0.22196
10.1	0.22292
10.11	0.22395
10.12	0.22488
10.13	0.2256
10.14	0.22624
10.15	0.22682
10.16	0.22734
10.17	0.22773
10.18	0.22793
10.19	0.22819
10.2	0.22859
10.21	0.22863
10.22	0.2289
10.23	0.22924
10.24	0.22952
10.25	0.22996
10.26	0.23033
10.27	0.23077
10.28	0.23122
10.29	0.23183
10.3	0.2321
10.31	0.23236
10.32	0.23281
10.33	0.23305
10.34	0.23333
10.35	0.23353
10.36	0.23381
10.37	0.23441
10.38	0.23504
10.39	0.23563
10.4	0.23615
10.41	0.23667
10.42	0.23704
10.43	0.23751
10.44	0.23768
10.45	0.23767
10.46	0.23766
10.47	0.23782
10.48	0.23811
10.49	0.23845
10.5	0.23858
10.51	0.23857
10.52	0.23859
10.53	0.2385
10.54	0.23841
10.55	0.2384
10.56	0.23834
10.57	0.23817
10.58	0.23813
10.59	0.23815
10.6	0.23847
10.61	0.23853
10.62	0.23843
10.63	0.23837
10.64	0.23866
10.65	0.23875
10.66	0.23883
10.67	0.23865
10.68	0.23857
10.69	0.23836
10.7	0.23806
10.71	0.23759
10.72	0.23699
10.73	0.23643
10.74	0.23584
10.75	0.23507
10.76	0.23438
10.77	0.23375
10.78	0.23297
10.79	0.23224
10.8	0.23178
10.81	0.23109
10.82	0.23057
10.83	0.23018
10.84	0.22967
10.85	0.22924
10.86	0.2288
10.87	0.22829
10.88	0.22762
10.89	0.227
10.9	0.22657
10.91	0.22579
10.92	0.2251
10.93	0.22424
10.94	0.22339
10.95	0.22259
10.96	0.22207
10.97	0.22164
10.98	0.22124
10.99	0.22065
11	0.22013
11.01	0.21913
11.02	0.21818
11.03	0.21699
11.04	0.2159
11.05	0.21499
11.06	0.2143
11.07	0.21345
11.08	0.21247
11.09	0.21144
11.1	0.21029
11.11	0.20906
11.12	0.20778
11.13	0.20656
11.14	0.20543
11.15	0.20453
11.16	0.2037
11.17	0.20272
11.18	0.20179
11.19	0.20045
11.2	0.19921
11.21	0.19812
11.22	0.19704
11.23	0.19589
11.24	0.19469
11.25	0.19341
11.26	0.19204
11.27	0.19093
11.28	0.18988
11.29	0.18887
11.3	0.18776
11.31	0.1866
11.32	0.1856
11.33	0.18473
11.34	0.18398
11.35	0.18357
11.36	0.18324
11.37	0.18291
11.38	0.18255
11.39	0.18226
11.4	0.1818
11.41	0.18148
11.42	0.1811
11.43	0.18083
11.44	0.18076
11.45	0.18063
11.46	0.18035
11.47	0.17987
11.48	0.17913
11.49	0.17831
11.5	0.17762
11.51	0.17718
11.52	0.17668
11.53	0.17632
11.54	0.17614
11.55	0.17603
11.56	0.1757
11.57	0.17537
11.58	0.17482
11.59	0.17409
11.6	0.17317
11.61	0.17196
11.62	0.17063
11.63	0.16922
11.64	0.16754
11.65	0.16562
11.66	0.16372
11.67	0.16162
11.68	0.15944
11.69	0.15728
11.7	0.15524
11.71	0.15341
11.72	0.15157
11.73	0.14981
11.74	0.14801
11.75	0.14649
11.76	0.14494
11.77	0.14351
11.78	0.14237
11.79	0.14142
11.8	0.14032
11.81	0.13928
11.82	0.1384
11.83	0.1375
11.84	0.13656
11.85	0.13546
11.86	0.13448
11.87	0.13345
11.88	0.13255
11.89	0.13153
11.9	0.13035
11.91	0.12917
11.92	0.12809
11.93	0.12715
11.94	0.12621
11.95	0.12543
11.96	0.12424
11.97	0.12298
11.98	0.12147
11.99	0.11998
12	0.11832
12.01	0.11686
12.02	0.11546
12.03	0.11405
12.04	0.11262
12.05	0.11111
12.06	0.10957
12.07	0.10801
12.08	0.10632
12.09	0.10452
12.1	0.10255
12.11	0.10072
12.12	0.098764
12.13	0.096975
12.14	0.095211
12.15	0.093458
12.16	0.091665
12.17	0.089609
12.18	0.087702
12.19	0.085941
12.2	0.084229
12.21	0.082428
12.22	0.080591
12.23	0.078762
12.24	0.07686
12.25	0.075167
12.26	0.073668
12.27	0.072167
12.28	0.07083
12.29	0.069586
12.3	0.068179
12.31	0.067081
12.32	0.066111
12.33	0.065124
12.34	0.064144
12.35	0.063176
12.36	0.06225
12.37	0.061295
12.38	0.060304
12.39	0.059563
12.4	0.058792
12.41	0.05782
12.42	0.056956
12.43	0.056287
12.44	0.055848
12.45	0.055533
12.46	0.055326
12.47	0.055081
12.48	0.054911
12.49	0.054937
12.5	0.054878
12.51	0.054939
12.52	0.054917
12.53	0.054676
12.54	0.054462
12.55	0.054235
12.56	0.053937
12.57	0.053826
12.58	0.053751
12.59	0.053756
12.6	0.053647
12.61	0.053686
12.62	0.053673
12.63	0.053672
12.64	0.053674
12.65	0.053538
12.66	0.05356
12.67	0.05353
12.68	0.053713
12.69	0.053871
12.7	0.054036
12.71	0.054299
12.72	0.054504
12.73	0.054563
12.74	0.054592
12.75	0.054598
12.76	0.054596
12.77	0.054669
12.78	0.05476
12.79	0.054934
12.8	0.054936
12.81	0.055132
12.82	0.055154
12.83	0.055147
12.84	0.055139
12.85	0.055082
12.86	0.055011
12.87	0.05492
12.88	0.054996
12.89	0.055055
12.9	0.054929
12.91	0.054921
12.92	0.054853
12.93	0.05483
12.94	0.05452
12.95	0.054181
12.96	0.053728
12.97	0.053274
12.98	0.052805
12.99	0.052213
13	0.051663
13.01	0.051184
13.02	0.050707
13.03	0.050004
13.04	0.049358
13.05	0.048724
13.06	0.048374
13.07	0.047925
13.08	0.047477
13.09	0.04733
13.1	0.046949
13.11	0.046377
13.12	0.045953
13.13	0.045488
13.14	0.044975
13.15	0.044479
13.16	0.043862
13.17	0.043479
13.18	0.043187
13.19	0.042835
13.2	0.04253
13.21	0.042473
13.22	0.042207
13.23	0.042066
13.24	0.042143
13.25	0.042297
13.26	0.042307
13.27	0.042403
13.28	0.042425
13.29	0.04237
13.3	0.04219
13.31	0.041934
13.32	0.041748
13.33	0.041593
13.34	0.041601
13.35	0.041336
13.36	0.041054
13.37	0.040735
13.38	0.040425
13.39	0.040157
13.4	0.03985
13.41	0.039459
13.42	0.03931
13.43	0.039542
13.44	0.039851
13.45	0.040069
13.46	0.040363
13.47	0.040588
13.48	0.0409
13.49	0.041378
13.5	0.04188
13.51	0.042354
13.52	0.042803
13.53	0.043312
13.54	0.044146
13.55	0.045242
13.56	0.046168
13.57	0.04696
13.58	0.047473
13.59	0.047991
13.6	0.048613
13.61	0.048881
13.62	0.048923
13.63	0.049036
13.64	0.049177
13.65	0.049258
13.66	0.049586
13.67	0.049917
13.68	0.05023
13.69	0.050454
13.7	0.050762
13.71	0.050881
13.72	0.051017
13.73	0.05136
13.74	0.051749
13.75	0.051854
13.76	0.051879
13.77	0.051892
13.78	0.051915
13.79	0.051911
13.8	0.052101
13.81	0.052313
13.82	0.052761
13.83	0.053414
13.84	0.054155
13.85	0.054958
13.86	0.055958
13.87	0.056916
13.88	0.057711
13.89	0.058365
13.9	0.058994
13.91	0.059646
13.92	0.060173
13.93	0.060616
13.94	0.061162
13.95	0.061703
13.96	0.062171
13.97	0.06253
13.98	0.062779
13.99	0.063125
14	0.063388
14.01	0.063407
14.02	0.063511
14.03	0.063457
14.04	0.063272
14.05	0.062938
14.06	0.062308
14.07	0.061529
14.08	0.060636
14.09	0.059759
14.1	0.058696
14.11	0.057745
14.12	0.056652
14.13	0.05565
14.14	0.054602
14.15	0.053938
14.16	0.053333
14.17	0.052598
14.18	0.051898
14.19	0.051258
14.2	0.050352
14.21	0.049583
14.22	0.048738
14.23	0.048013
14.24	0.047204
14.25	0.046637
14.26	0.04611
14.27	0.045583
14.28	0.045166
14.29	0.044753
14.3	0.044281
14.31	0.043987
14.32	0.043587
14.33	0.043004
14.34	0.042422
14.35	0.041877
14.36	0.041418
14.37	0.04104
14.38	0.040647
14.39	0.040396
14.4	0.040399
14.41	0.040225
14.42	0.040188
14.43	0.040348
14.44	0.040715
14.45	0.041071
14.46	0.04154
14.47	0.041687
14.48	0.041963
14.49	0.042266
14.5	0.042669
14.51	0.043167
14.52	0.043598
14.53	0.044088
14.54	0.044703
14.55	0.045507
14.56	0.046272
14.57	0.046819
14.58	0.047602
14.59	0.048502
14.6	0.049217
14.61	0.049896
14.62	0.050647
14.63	0.051391
14.64	0.052083
14.65	0.052943
14.66	0.053481
14.67	0.053903
14.68	0.054217
14.69	0.054537
14.7	0.054716
14.71	0.055185
14.72	0.055758
14.73	0.056117
14.74	0.056609
14.75	0.057154
14.76	0.057623
14.77	0.057888
14.78	0.057995
14.79	0.057985
14.8	0.057992
14.81	0.058111
14.82	0.058208
14.83	0.05817
14.84	0.058027
14.85	0.057973
14.86	0.057876
14.87	0.057563
14.88	0.057433
14.89	0.056981
14.9	0.056543
14.91	0.056082
14.92	0.055583
14.93	0.055091
14.94	0.054657
14.95	0.054567
14.96	0.054596
14.97	0.054918
14.98	0.055164
14.99	0.055239
15	0.055213
15.01	0.05545
15.02	0.055256
15.03	0.055123
15.04	0.054706
15.05	0.054343
15.06	0.053767
15.07	0.053298
15.08	0.052718
15.09	0.052088
15.1	0.051525
15.11	0.051238
15.12	0.05113
15.13	0.051054
15.14	0.051184
15.15	0.051093
15.16	0.051075
15.17	0.050765
15.18	0.050642
15.19	0.050567
15.2	0.05086
15.21	0.051352
15.22	0.051943
15.23	0.052652
15.24	0.053248
15.25	0.053887
15.26	0.054598
15.27	0.05553
15.28	0.056191
15.29	0.056672
15.3	0.057316
15.31	0.057939
15.32	0.058803
15.33	0.059775
15.34	0.060581
15.35	0.061225
15.36	0.061681
15.37	0.06214
15.38	0.062572
15.39	0.062909
15.4	0.063235
15.41	0.06365
15.42	0.063995
15.43	0.064394
15.44	0.064963
15.45	0.065345
15.46	0.0657
15.47	0.066035
15.48	0.066217
15.49	0.066517
15.5	0.067018
15.51	0.067531
15.52	0.067769
15.53	0.068218
15.54	0.068825
15.55	0.069235
15.56	0.069719
15.57	0.070408
15.58	0.07114
15.59	0.071897
15.6	0.072641
15.61	0.073331
15.62	0.074179
15.63	0.075188
15.64	0.076021
15.65	0.076779
15.66	0.077319
15.67	0.078114
15.68	0.078927
15.69	0.079909
15.7	0.080665
15.71	0.081294
15.72	0.081584
15.73	0.081774
15.74	0.081968
15.75	0.08223
15.76	0.082617
15.77	0.083062
15.78	0.083612
15.79	0.084485
15.8	0.0853
15.81	0.086017
15.82	0.086901
15.83	0.088114
15.84	0.089218
15.85	0.09026
15.86	0.091377
15.87	0.09245
15.88	0.093756
15.89	0.095287
15.9	0.09668
15.91	0.097998
15.92	0.099527
15.93	0.10113
15.94	0.10299
15.95	0.10491
15.96	0.10681
15.97	0.10862
15.98	0.11024
15.99	0.11201
16	0.1136
16.01	0.11503
16.02	0.11638
16.03	0.11761
16.04	0.1189
16.05	0.12029
16.06	0.12169
16.07	0.12299
16.08	0.12415
16.09	0.12514
16.1	0.12621
16.11	0.12742
16.12	0.12862
16.13	0.12974
16.14	0.13102
16.15	0.13229
16.16	0.13366
16.17	0.1348
16.18	0.13616
16.19	0.13744
16.2	0.13875
16.21	0.14013
16.22	0.1416
16.23	0.14284
16.24	0.14409
16.25	0.14553
16.26	0.14722
16.27	0.14868
16.28	0.15
16.29	0.15105
16.3	0.15218
16.31	0.15344
16.32	0.15458
16.33	0.15562
16.34	0.15666
16.35	0.1578
16.36	0.15887
16.37	0.1601
16.38	0.16122
16.39	0.16227
16.4	0.1632
16.41	0.16406
16.42	0.16478
16.43	0.1654
16.44	0.16594
16.45	0.16626
16.46	0.16669
16.47	0.16722
16.48	0.1678
16.49	0.16827
16.5	0.16856
16.51	0.16896
16.52	0.16945
16.53	0.1697
16.54	0.16994
16.55	0.17023
16.56	0.17047
16.57	0.17106
16.58	0.17162
16.59	0.17203
16.6	0.17262
16.61	0.17318
16.62	0.17361
16.63	0.17413
16.64	0.17467
16.65	0.17543
16.66	0.17605
16.67	0.17649
16.68	0.17721
16.69	0.17815
16.7	0.17904
16.71	0.18001
16.72	0.18108
16.73	0.18201
16.74	0.18316
16.75	0.18431
16.76	0.18545
16.77	0.1866
16.78	0.18779
16.79	0.18913
16.8	0.19058
16.81	0.1922
16.82	0.19354
16.83	0.19481
16.84	0.19602
16.85	0.19724
16.86	0.1985
16.87	0.19941
16.88	0.20037
16.89	0.20145
16.9	0.20262
16.91	0.20371
16.92	0.20451
16.93	0.20545
16.94	0.20639
16.95	0.2075
16.96	0.20864
16.97	0.20979
16.98	0.21091
16.99	0.21176
17	0.21271
17.01	0.21366
17.02	0.2145
17.03	0.21511
17.04	0.21572
17.05	0.2163
17.06	0.21673
17.07	0.21699
17.08	0.21738
17.09	0.21742
17.1	0.21768
17.11	0.21822
17.12	0.219
17.13	0.21973
17.14	0.22036
17.15	0.22081
17.16	0.22098
17.17	0.22128
17.18	0.22164
17.19	0.22193
17.2	0.22225
17.21	0.22272
17.22	0.22307
17.23	0.2233
17.24	0.22362
17.25	0.22397
17.26	0.22414
17.27	0.22426
17.28	0.22456
17.29	0.22465
17.3	0.22481
17.31	0.22492
17.32	0.22502
17.33	0.22524
17.34	0.22537
17.35	0.22568
17.36	0.22583
17.37	0.22599
17.38	0.22605
17.39	0.22605
17.4	0.22604
17.41	0.22581
17.42	0.22537
17.43	0.225
17.44	0.22433
17.45	0.2237
17.46	0.2231
17.47	0.22227
17.48	0.22144
17.49	0.22076
17.5	0.21997
17.51	0.21928
17.52	0.21869
17.53	0.21832
17.54	0.21777
17.55	0.21736
17.56	0.2167
17.57	0.21592
17.58	0.21516
17.59	0.21439
17.6	0.2136
17.61	0.21284
17.62	0.21219
17.63	0.21138
17.64	0.21067
17.65	0.20952
17.66	0.2083
17.67	0.20743
17.68	0.20698
17.69	0.20676
17.7	0.20662
17.71	0.20634
17.72	0.20601
17.73	0.20572
17.74	0.20527
17.75	0.2047
17.76	0.2041
17.77	0.20347
17.78	0.20287
17.79	0.20201
17.8	0.20103
17.81	0.20007
17.82	0.19929
17.83	0.19837
17.84	0.19742
17.85	0.1967
17.86	0.19566
17.87	0.19463
17.88	0.19344
17.89	0.19215
17.9	0.19085
17.91	0.18963
17.92	0.18836
17.93	0.18711
17.94	0.18602
17.95	0.18489
17.96	0.18365
17.97	0.18255
17.98	0.18139
17.99	0.18072
18	0.18025
18.01	0.17979
18.02	0.17925
18.03	0.17866
18.04	0.17815
18.05	0.1777
18.06	0.17736
18.07	0.17703
18.08	0.17696
18.09	0.17676
18.1	0.17636
18.11	0.17559
18.12	0.17476
18.13	0.17371
18.14	0.17274
18.15	0.17193
18.16	0.17117
18.17	0.17051
18.18	0.17007
18.19	0.16976
18.2	0.16924
18.21	0.16858
18.22	0.16787
18.23	0.1674
18.24	0.167
18.25	0.16673
18.26	0.16655
18.27	0.16634
18.28	0.16631
18.29	0.16613
18.3	0.16584
18.31	0.16555
18.32	0.16533
18.33	0.16514
18.34	0.16468
18.35	0.16432
18.36	0.16369
18.37	0.16297
18.38	0.16201
18.39	0.16125
18.4	0.16039
18.41	0.15958
18.42	0.15892
18.43	0.15819
18.44	0.15732
18.45	0.15652
18.46	0.15587
18.47	0.15552
18.48	0.15525
18.49	0.15496
18.5	0.15455
18.51	0.15415
18.52	0.15379
18.53	0.15345
18.54	0.1531
18.55	0.15285
18.56	0.15275
18.57	0.15276
18.58	0.15279
18.59	0.15254
18.6	0.15238
18.61	0.15228
18.62	0.15245
18.63	0.15263
18.64	0.15269
18.65	0.15247
18.66	0.15224
18.67	0.15212
18.68	0.15194
18.69	0.15181
18.7	0.15165
18.71	0.15182
18.72	0.15204
18.73	0.15227
18.74	0.15261
18.75	0.15301
18.76	0.15353
18.77	0.15414
18.78	0.15484
18.79	0.15564
18.8	0.15679
18.81	0.15786
18.82	0.15872
18.83	0.15947
18.84	0.16026
18.85	0.16094
18.86	0.16175
18.87	0.16236
18.88	0.16291
18.89	0.16332
18.9	0.16376
18.91	0.16431
18.92	0.1648
18.93	0.16502
18.94	0.1652
18.95	0.16554
18.96	0.16569
18.97	0.16609
18.98	0.16653
18.99	0.16702
19	0.16769
19.01	0.16831
19.02	0.16883
19.03	0.16913
19.04	0.16949
19.05	0.16981
19.06	0.17023
19.07	0.17053
19.08	0.17051
19.09	0.17026
19.1	0.16996
19.11	0.16983
19.12	0.16982
19.13	0.16962
19.14	0.16932
19.15	0.16909
19.16	0.16874
19.17	0.16834
19.18	0.16788
19.19	0.16762
19.2	0.16708
19.21	0.16664
19.22	0.1661
19.23	0.1659
19.24	0.16568
19.25	0.16536
19.26	0.16499
19.27	0.1645
19.28	0.16391
19.29	0.16341
19.3	0.16293
19.31	0.16207
19.32	0.16132
19.33	0.1606
19.34	0.16004
19.35	0.15961
19.36	0.15934
19.37	0.15893
19.38	0.15849
19.39	0.15804
19.4	0.15772
19.41	0.1575
19.42	0.15714
19.43	0.1566
19.44	0.15631
19.45	0.15578
19.46	0.15516
19.47	0.15439
19.48	0.1537
19.49	0.1532
19.5	0.15267
19.51	0.15213
19.52	0.15163
19.53	0.15095
19.54	0.15033
19.55	0.14953
19.56	0.14881
19.57	0.14808
19.58	0.14739
19.59	0.14664
19.6	0.14584
19.61	0.14514
19.62	0.1444
19.63	0.14366
19.64	0.14284
19.65	0.14225
19.66	0.14169
19.67	0.14125
19.68	0.14092
19.69	0.14045
19.7	0.14008
19.71	0.13984
19.72	0.13961
19.73	0.13932
19.74	0.13912
19.75	0.13911
19.76	0.13912
19.77	0.13911
19.78	0.13921
19.79	0.13916
19.8	0.13932
19.81	0.13944
19.82	0.13938
19.83	0.13953
19.84	0.13965
19.85	0.13972
19.86	0.13985
19.87	0.1396
19.88	0.13929
19.89	0.13913
19.9	0.1392
19.91	0.1396
19.92	0.14002
19.93	0.14038
19.94	0.14091
19.95	0.14162
19.96	0.14268
19.97	0.14373
19.98	0.14487
19.99	0.14598
20	0.14726
20.01	0.14835
20.02	0.14939
20.03	0.15039
20.04	0.15115
20.05	0.15178
20.06	0.15218
20.07	0.15272
20.08	0.15313
20.09	0.1535
20.1	0.15386
20.11	0.15415
20.12	0.15428
20.13	0.1545
20.14	0.15496
20.15	0.15519
20.16	0.15556
20.17	0.15612
20.18	0.15655
20.19	0.15705
20.2	0.15752
20.21	0.15811
20.22	0.15855
20.23	0.15914
20.24	0.15937
20.25	0.15959
20.26	0.15956
20.27	0.15962
20.28	0.15974
20.29	0.1598
20.3	0.1598
20.31	0.1599
20.32	0.16017
20.33	0.16048
20.34	0.16056
20.35	0.16062
20.36	0.16079
20.37	0.16103
20.38	0.16154
20.39	0.16203
20.4	0.16283
20.41	0.16325
20.42	0.16357
20.43	0.16373
20.44	0.1638
20.45	0.16398
20.46	0.16409
20.47	0.16438
20.48	0.1646
20.49	0.16499
20.5	0.16529
20.51	0.16571
20.52	0.16624
20.53	0.16672
20.54	0.16719
20.55	0.16764
20.56	0.16815
20.57	0.16873
20.58	0.16902
20.59	0.16923
20.6	0.16932
20.61	0.16933
20.62	0.16929
20.63	0.16932
20.64	0.16925
20.65	0.16879
20.66	0.16831
20.67	0.1676
20.68	0.16705
20.69	0.16659
20.7	0.16609
20.71	0.16573
20.72	0.16527
20.73	0.16501
20.74	0.16457
20.75	0.16447
20.76	0.16427
20.77	0.16395
20.78	0.1637
20.79	0.16343
20.8	0.16294
20.81	0.16243
20.82	0.16164
20.83	0.16083
20.84	0.15987
20.85	0.15873
20.86	0.15775
20.87	0.15694
20.88	0.15616
20.89	0.15549
20.9	0.15478
20.91	0.1541
20.92	0.15323
20.93	0.15241
20.94	0.15161
20.95	0.15078
20.96	0.14961
20.97	0.14848
20.98	0.14731
20.99	0.14615
21	0.14496
21.01	0.1439
21.02	0.14298
21.03	0.14198
21.04	0.14097
21.05	0.14012
21.06	0.13934
21.07	0.13862
21.08	0.13806
21.09	0.13756
21.1	0.13702
21.11	0.13647
21.12	0.136
21.13	0.13555
21.14	0.13505
21.15	0.13432
21.16	0.13359
21.17	0.13293
21.18	0.13232
21.19	0.13179
21.2	0.13122
21.21	0.13041
21.22	0.12962
21.23	0.12877
21.24	0.12799
21.25	0.12715
21.26	0.12644
21.27	0.12553
21.28	0.12453
21.29	0.12357
21.3	0.12274
21.31	0.12192
21.32	0.12119
21.33	0.12025
21.34	0.11911
21.35	0.11782
21.36	0.11657
21.37	0.1154
21.38	0.11441
21.39	0.11329
21.4	0.11239
21.41	0.11158
21.42	0.11075
21.43	0.10988
21.44	0.10914
21.45	0.10838
21.46	0.10751
21.47	0.10661
21.48	0.10572
21.49	0.10478
21.5	0.10391
21.51	0.10289
21.52	0.10161
21.53	0.10015
21.54	0.098728
21.55	0.09729
21.56	0.095945
21.57	0.094393
21.58	0.092894
21.59	0.091316
21.6	0.08989
21.61	0.088636
21.62	0.087539
21.63	0.086226
21.64	0.08495
21.65	0.083632
21.66	0.082607
21.67	0.081567
21.68	0.080571
21.69	0.079607
21.7	0.078545
21.71	0.077398
21.72	0.076113
21.73	0.07496
21.74	0.07381
21.75	0.072813
21.76	0.071953
21.77	0.071122
21.78	0.070136
21.79	0.069378
21.8	0.068808
21.81	0.068246
21.82	0.067665
21.83	0.066962
21.84	0.066239
21.85	0.065448
21.86	0.064809
21.87	0.064158
21.88	0.063573
21.89	0.063032
21.9	0.062548
21.91	0.061995
21.92	0.061437
21.93	0.060979
21.94	0.060925
21.95	0.060956
21.96	0.060906
21.97	0.060529
21.98	0.059966
21.99	0.059454
22	0.058981
22.01	0.058282
22.02	0.057403
22.03	0.056502
22.04	0.055512
22.05	0.054706
22.06	0.053886
22.07	0.053154
22.08	0.052276
22.09	0.051329
22.1	0.050462
22.11	0.049786
22.12	0.049136
22.13	0.048326
22.14	0.047411
22.15	0.046569
22.16	0.045645
22.17	0.04447
22.18	0.043395
22.19	0.042384
22.2	0.04144
22.21	0.040491
22.22	0.039599
22.23	0.038614
22.24	0.037707
22.25	0.036908
22.26	0.036038
22.27	0.03505
22.28	0.034076
22.29	0.03293
22.3	0.031649
22.31	0.030379
22.32	0.029343
22.33	0.028195
22.34	0.027001
22.35	0.025717
22.36	0.024671
22.37	0.023698
22.38	0.022559
22.39	0.02139
22.4	0.020159
22.41	0.019125
22.42	0.018059
22.43	0.017127
22.44	0.015947
22.45	0.015035
22.46	0.014042
22.47	0.012976
22.48	0.012079
22.49	0.01131
22.5	0.010412
22.51	0.009693
22.52	0.00908
22.53	0.0083914
22.54	0.0078115
22.55	0.0071648
22.56	0.0063778
22.57	0.0053155
22.58	0.0041626
22.59	0.0029066
22.6	0.0014353
22.61	0.00010394
22.62	-0.0012399
22.63	-0.0026499
22.64	-0.0040208
22.65	-0.0053078
22.66	-0.0066214
22.67	-0.0081034
22.68	-0.0094238
22.69	-0.010744
22.7	-0.012299
22.71	-0.013628
22.72	-0.014865
22.73	-0.016404
22.74	-0.01771
22.75	-0.019321
22.76	-0.021094
22.77	-0.022744
22.78	-0.024265
22.79	-0.026042
22.8	-0.028007
22.81	-0.02991
22.82	-0.03174
22.83	-0.033294
22.84	-0.035141
22.85	-0.037112
22.86	-0.039052
22.87	-0.04084
22.88	-0.042529
22.89	-0.043806
22.9	-0.044951
22.91	-0.046257
22.92	-0.047442
22.93	-0.048525
22.94	-0.049504
22.95	-0.050491
22.96	-0.051356
22.97	-0.052068
22.98	-0.05256
22.99	-0.052876
23	-0.053023
23.01	-0.052961
23.02	-0.05297
23.03	-0.052876
23.04	-0.052758
23.05	-0.052632
23.06	-0.052589
23.07	-0.052625
23.08	-0.052367
23.09	-0.052053
23.1	-0.05195
23.11	-0.051843
23.12	-0.051818
23.13	-0.051987
23.14	-0.052057
23.15	-0.052265
23.16	-0.05241
23.17	-0.052401
23.18	-0.052176
23.19	-0.051836
23.2	-0.051605
23.21	-0.051367
23.22	-0.051102
23.23	-0.050926
23.24	-0.050624
23.25	-0.050451
23.26	-0.050364
23.27	-0.050343
23.28	-0.050361
23.29	-0.050216
23.3	-0.050304
23.31	-0.050206
23.32	-0.050114
23.33	-0.050054
23.34	-0.049733
23.35	-0.049586
23.36	-0.049547
23.37	-0.049738
23.38	-0.049668
23.39	-0.049621
23.4	-0.049804
23.41	-0.049803
23.42	-0.050013
23.43	-0.05019
23.44	-0.050197
23.45	-0.050095
23.46	-0.050115
23.47	-0.050163
23.48	-0.050403
23.49	-0.050559
23.5	-0.050639
23.51	-0.05092
23.52	-0.051426
23.53	-0.051944
23.54	-0.052447
23.55	-0.052867
23.56	-0.053437
23.57	-0.054013
23.58	-0.05454
23.59	-0.054988
23.6	-0.055538
23.61	-0.05611
23.62	-0.0567
23.63	-0.057406
23.64	-0.05833
23.65	-0.059173
23.66	-0.060107
23.67	-0.061146
23.68	-0.061862
23.69	-0.062689
23.7	-0.063301
23.71	-0.063777
23.72	-0.06428
23.73	-0.064866
23.74	-0.065376
23.75	-0.065749
23.76	-0.0661
23.77	-0.066514
23.78	-0.066961
23.79	-0.067573
23.8	-0.068281
23.81	-0.069003
23.82	-0.069612
23.83	-0.070197
23.84	-0.070667
23.85	-0.071297
23.86	-0.071952
23.87	-0.072571
23.88	-0.073112
23.89	-0.0735
23.9	-0.073994
23.91	-0.074537
23.92	-0.075195
23.93	-0.075859
23.94	-0.076692
23.95	-0.077443
23.96	-0.078299
23.97	-0.078976
23.98	-0.079392
23.99	-0.079614
24	-0.07987
24.01	-0.080442
24.02	-0.080818
24.03	-0.081277
24.04	-0.081674
24.05	-0.082187
24.06	-0.082534
24.07	-0.082808
24.08	-0.083086
24.09	-0.083613
24.1	-0.084086
24.11	-0.084753
24.12	-0.085351
24.13	-0.085901
24.14	-0.086428
24.15	-0.086885
24.16	-0.087181
24.17	-0.087632
24.18	-0.088347
24.19	-0.089037
24.2	-0.089797
24.21	-0.09043
24.22	-0.091162
24.23	-0.091713
24.24	-0.092182
24.25	-0.092538
24.26	-0.092881
24.27	-0.093087
24.28	-0.093423
24.29	-0.093864
24.3	-0.094361
24.31	-0.094642
24.32	-0.094854
24.33	-0.095567
24.34	-0.096472
24.35	-0.097524
24.36	-0.098474
24.37	-0.099335
24.38	-0.1003
24.39	-0.10125
24.4	-0.10224
24.41	-0.10329
24.42	-0.10439
24.43	-0.10539
24.44	-0.10669
24.45	-0.10783
24.46	-0.10902
24.47	-0.11024
24.48	-0.11144
24.49	-0.11287
24.5	-0.1141
24.51	-0.11545
24.52	-0.11654
24.53	-0.11771
24.54	-0.11871
24.55	-0.11971
24.56	-0.12075
24.57	-0.12162
24.58	-0.12257
24.59	-0.12344
24.6	-0.12419
24.61	-0.12505
24.62	-0.12575
24.63	-0.1264
24.64	-0.12713
24.65	-0.12786
24.66	-0.12853
24.67	-0.12909
24.68	-0.12953
24.69	-0.12985
24.7	-0.13025
24.71	-0.13079
24.72	-0.13131
24.73	-0.13184
24.74	-0.13235
24.75	-0.13265
24.76	-0.13276
24.77	-0.13298
24.78	-0.13312
24.79	-0.13309
24.8	-0.1329
24.81	-0.13282
24.82	-0.13282
24.83	-0.13281
24.84	-0.13293
24.85	-0.13316
24.86	-0.13338
24.87	-0.13362
24.88	-0.13382
24.89	-0.13399
24.9	-0.13429
24.91	-0.13454
24.92	-0.13471
24.93	-0.13481
24.94	-0.13479
24.95	-0.1348
24.96	-0.13473
24.97	-0.13474
24.98	-0.13485
24.99	-0.13499
25	-0.13515
25.01	-0.13541
25.02	-0.13566
25.03	-0.13588
25.04	-0.13611
25.05	-0.13623
25.06	-0.13641
25.07	-0.13644
25.08	-0.13621
25.09	-0.13596
25.1	-0.13574
25.11	-0.13526
25.12	-0.13485
25.13	-0.13425
25.14	-0.13389
25.15	-0.13362
25.16	-0.13341
25.17	-0.13289
25.18	-0.13233
25.19	-0.13188
25.2	-0.13134
25.21	-0.13114
25.22	-0.13102
25.23	-0.13091
25.24	-0.13075
25.25	-0.13062
25.26	-0.13031
25.27	-0.12996
25.28	-0.1296
25.29	-0.129
25.3	-0.1285
25.31	-0.12818
25.32	-0.12795
25.33	-0.12779
25.34	-0.12761
25.35	-0.12751
25.36	-0.12735
25.37	-0.12729
25.38	-0.12716
25.39	-0.12698
25.4	-0.12675
25.41	-0.12648
25.42	-0.12623
25.43	-0.12619
25.44	-0.1259
25.45	-0.1255
25.46	-0.12473
25.47	-0.12416
25.48	-0.12351
25.49	-0.12294
25.5	-0.12232
25.51	-0.12201
25.52	-0.1216
25.53	-0.12135
25.54	-0.12125
25.55	-0.12099
25.56	-0.12088
25.57	-0.12113
25.58	-0.12133
25.59	-0.1218
25.6	-0.12222
25.61	-0.12247
25.62	-0.1225
25.63	-0.1225
25.64	-0.12256
25.65	-0.12244
25.66	-0.12235
25.67	-0.12213
25.68	-0.12199
25.69	-0.12176
25.7	-0.12147
25.71	-0.12105
25.72	-0.12071
25.73	-0.12029
25.74	-0.11982
25.75	-0.11916
25.76	-0.11835
25.77	-0.1178
25.78	-0.11742
25.79	-0.11699
25.8	-0.11667
25.81	-0.11642
25.82	-0.11613
25.83	-0.11577
25.84	-0.11521
25.85	-0.11467
25.86	-0.11419
25.87	-0.11354
25.88	-0.11287
25.89	-0.11213
25.9	-0.11139
25.91	-0.11051
25.92	-0.10977
25.93	-0.10902
25.94	-0.10831
25.95	-0.10746
25.96	-0.10656
25.97	-0.10549
25.98	-0.10416
25.99	-0.10297
26	-0.10191
26.01	-0.10096
26.02	-0.099924
26.03	-0.098825
26.04	-0.097777
26.05	-0.096676
26.06	-0.095563
26.07	-0.094773
26.08	-0.094098
26.09	-0.09362
26.1	-0.093079
26.11	-0.09244
26.12	-0.091932
26.13	-0.091292
26.14	-0.090761
26.15	-0.090399
26.16	-0.090217
26.17	-0.089849
26.18	-0.089164
26.19	-0.088472
26.2	-0.087794
26.21	-0.08703
26.22	-0.086283
26.23	-0.08534
26.24	-0.084398
26.25	-0.083549
26.26	-0.082805
26.27	-0.081811
26.28	-0.080861
26.29	-0.080053
26.3	-0.079011
26.31	-0.078055
26.32	-0.07719
26.33	-0.076494
26.34	-0.075881
26.35	-0.075493
26.36	-0.075043
26.37	-0.074286
26.38	-0.073526
26.39	-0.072671
26.4	-0.071711
26.41	-0.070506
26.42	-0.069275
26.43	-0.067807
26.44	-0.066266
26.45	-0.06473
26.46	-0.063249
26.47	-0.06184
26.48	-0.060487
26.49	-0.059365
26.5	-0.058395
26.51	-0.057349
26.52	-0.056301
26.53	-0.054933
26.54	-0.053407
26.55	-0.051851
26.56	-0.050309
26.57	-0.048721
26.58	-0.047267
26.59	-0.04588
26.6	-0.044391
26.61	-0.043012
26.62	-0.041703
26.63	-0.040273
26.64	-0.039028
26.65	-0.038012
26.66	-0.037002
26.67	-0.036017
26.68	-0.03484
26.69	-0.03344
26.7	-0.032304
26.71	-0.031182
26.72	-0.030157
26.73	-0.029175
26.74	-0.02788
26.75	-0.026566
26.76	-0.025219
26.77	-0.023914
26.78	-0.022954
26.79	-0.021965
26.8	-0.020741
26.81	-0.019572
26.82	-0.018587
26.83	-0.017747
26.84	-0.017067
26.85	-0.016519
26.86	-0.016144
26.87	-0.015931
26.88	-0.015661
26.89	-0.015662
26.9	-0.015914
26.91	-0.015992
26.92	-0.016084
26.93	-0.016364
26.94	-0.016644
26.95	-0.016866
26.96	-0.017115
26.97	-0.017306
26.98	-0.017314
26.99	-0.017201
27	-0.017011
27.01	-0.016799
27.02	-0.016635
27.03	-0.016498
27.04	-0.016221
27.05	-0.016199
27.06	-0.01591
27.07	-0.015444
27.08	-0.014927
27.09	-0.01465
27.1	-0.014356
27.11	-0.014106
27.12	-0.0136
27.13	-0.013099
27.14	-0.012451
27.15	-0.011951
27.16	-0.011349
27.17	-0.010719
27.18	-0.0099859
27.19	-0.0092781
27.2	-0.0085111
27.21	-0.0076611
27.22	-0.0067442
27.23	-0.0058132
27.24	-0.0048325
27.25	-0.0038089
27.26	-0.0027527
27.27	-0.0018889
27.28	-0.0010245
27.29	1.8169e-05
27.3	0.0013043
27.31	0.0022833
27.32	0.0031357
27.33	0.0038663
27.34	0.0047608
27.35	0.0055869
27.36	0.0065406
27.37	0.0075203
27.38	0.008465
27.39	0.0093727
27.4	0.010062
27.41	0.010833
27.42	0.011622
27.43	0.012231
27.44	0.012893
27.45	0.013479
27.46	0.014187
27.47	0.014741
27.48	0.015327
27.49	0.01607
27.5	0.016748
27.51	0.017373
27.52	0.017897
27.53	0.018441
27.54	0.018999
27.55	0.019603
27.56	0.019967
27.57	0.020192
27.58	0.020168
27.59	0.020102
27.6	0.019994
27.61	0.019906
27.62	0.019819
27.63	0.019842
27.64	0.019752
27.65	0.019637
27.66	0.019392
27.67	0.019127
27.68	0.018784
27.69	0.018641
27.7	0.018574
27.71	0.018625
27.72	0.018822
27.73	0.019037
27.74	0.019094
27.75	0.019336
27.76	0.019586
27.77	0.019758
27.78	0.020087
27.79	0.020422
27.8	0.020824
27.81	0.021154
27.82	0.021382
27.83	0.02161
27.84	0.021802
27.85	0.021826
27.86	0.022036
27.87	0.022323
27.88	0.022669
27.89	0.0229
27.9	0.023205
27.91	0.023483
27.92	0.023623
27.93	0.02375
27.94	0.023831
27.95	0.023831
27.96	0.023729
27.97	0.023424
27.98	0.023147
27.99	0.022965
28	0.022709
28.01	0.022356
28.02	0.021801
28.03	0.021229
28.04	0.020771
28.05	0.020273
28.06	0.019685
28.07	0.018886
28.08	0.018013
28.09	0.017117
28.1	0.016222
28.11	0.015445
28.12	0.014458
28.13	0.0135
28.14	0.012595
28.15	0.011714
28.16	0.010828
28.17	0.0097872
28.18	0.0088544
28.19	0.0078825
28.2	0.007012
28.21	0.005941
28.22	0.0049129
28.23	0.0040155
28.24	0.0031955
28.25	0.0024843
28.26	0.0017203
28.27	0.00080258
28.28	-5.8335e-05
28.29	-0.0010558
28.3	-0.0020056
28.31	-0.0030019
28.32	-0.0039711
28.33	-0.0047539
28.34	-0.0056745
28.35	-0.0065213
28.36	-0.0074296
28.37	-0.0085307
28.38	-0.0099031
28.39	-0.011153
28.4	-0.012386
28.41	-0.013613
28.42	-0.014598
28.43	-0.015482
28.44	-0.016431
28.45	-0.017309
28.46	-0.01808
28.47	-0.018942
28.48	-0.019731
28.49	-0.020376
28.5	-0.021336
28.51	-0.022383
28.52	-0.02343
28.53	-0.024263
28.54	-0.025216
28.55	-0.026059
28.56	-0.026951
28.57	-0.027909
28.58	-0.028731
28.59	-0.029417
28.6	-0.030024
28.61	-0.030663
28.62	-0.031357
28.63	-0.032201
28.64	-0.03298
28.65	-0.033751
28.66	-0.034421
28.67	-0.034965
28.68	-0.035527
28.69	-0.035956
28.7	-0.036719
28.71	-0.037391
28.72	-0.038061
28.73	-0.038799
28.74	-0.03956
28.75	-0.040439
28.76	-0.041252
28.77	-0.042198
28.78	-0.043074
28.79	-0.044128
28.8	-0.045239
28.81	-0.046526
28.82	-0.047886
28.83	-0.049118
28.84	-0.050138
28.85	-0.051129
28.86	-0.052432
28.87	-0.053783
28.88	-0.055092
28.89	-0.056605
28.9	-0.057982
28.91	-0.059253
28.92	-0.060471
28.93	-0.061823
28.94	-0.06302
28.95	-0.064135
28.96	-0.065414
28.97	-0.066649
28.98	-0.067935
28.99	-0.069344
29	-0.070655
29.01	-0.071984
29.02	-0.073707
29.03	-0.075254
29.04	-0.077084
29.05	-0.078727
29.06	-0.08032
29.07	-0.0818
29.08	-0.083606
29.09	-0.085065
29.1	-0.086478
29.11	-0.087914
29.12	-0.089297
29.13	-0.090669
29.14	-0.09185
29.15	-0.092987
29.16	-0.093941
29.17	-0.094828
29.18	-0.095579
29.19	-0.096113
29.2	-0.096707
29.21	-0.097168
29.22	-0.097608
29.23	-0.097904
29.24	-0.098056
29.25	-0.098004
29.26	-0.097804
29.27	-0.097658
29.28	-0.09765
29.29	-0.09765
29.3	-0.09771
29.31	-0.097715
29.32	-0.097559
29.33	-0.097576
29.34	-0.097807
29.35	-0.09832
29.36	-0.098857
29.37	-0.099648
29.38	-0.10043
29.39	-0.10107
29.4	-0.10164
29.41	-0.10217
29.42	-0.10274
29.43	-0.10322
29.44	-0.1036
29.45	-0.10399
29.46	-0.10431
29.47	-0.1046
29.48	-0.10516
29.49	-0.10562
29.5	-0.10603
29.51	-0.1063
29.52	-0.10674
29.53	-0.10706
29.54	-0.10733
29.55	-0.10757
29.56	-0.10757
29.57	-0.1079
29.58	-0.10823
29.59	-0.10876
29.6	-0.10938
29.61	-0.10989
29.62	-0.11039
29.63	-0.11083
29.64	-0.11106
29.65	-0.11137
29.66	-0.11152
29.67	-0.11171
29.68	-0.11227
29.69	-0.11282
29.7	-0.11363
29.71	-0.11436
29.72	-0.1149
29.73	-0.1155
29.74	-0.11606
29.75	-0.11685
29.76	-0.11765
29.77	-0.11858
29.78	-0.11916
29.79	-0.11974
29.8	-0.12033
29.81	-0.12079
29.82	-0.12118
29.83	-0.12147
29.84	-0.12177
29.85	-0.12219
29.86	-0.1224
29.87	-0.12262
29.88	-0.1228
29.89	-0.12279
29.9	-0.12272
29.91	-0.12252
29.92	-0.12234
29.93	-0.12224
29.94	-0.12216
29.95	-0.12216
29.96	-0.12215
29.97	-0.12217
29.98	-0.12196
29.99	-0.12168
30	-0.12127
30.01	-0.12079
30.02	-0.12029
30.03	-0.11987
30.04	-0.11946
30.05	-0.11923
30.06	-0.11883
30.07	-0.1185
30.08	-0.11812
30.09	-0.11769
30.1	-0.1173
30.11	-0.11712
30.12	-0.11701
30.13	-0.11686
30.14	-0.11677
30.15	-0.11652
30.16	-0.11638
30.17	-0.1162
30.18	-0.11603
30.19	-0.11575
30.2	-0.11556
30.21	-0.11539
30.22	-0.11541
30.23	-0.11536
30.24	-0.11526
30.25	-0.11505
30.26	-0.11479
30.27	-0.11461
30.28	-0.11457
30.29	-0.11464
30.3	-0.11484
30.31	-0.1151
30.32	-0.11535
30.33	-0.11559
30.34	-0.11577
30.35	-0.11583
30.36	-0.11577
30.37	-0.11584
30.38	-0.11593
30.39	-0.11588
30.4	-0.11596
30.41	-0.11609
30.42	-0.11601
30.43	-0.11597
30.44	-0.11584
30.45	-0.11565
30.46	-0.1153
30.47	-0.11501
30.48	-0.11466
30.49	-0.11448
30.5	-0.11444
30.51	-0.11441
30.52	-0.11428
30.53	-0.11435
30.54	-0.11447
30.55	-0.11435
30.56	-0.11426
30.57	-0.11411
30.58	-0.11403
30.59	-0.11382
30.6	-0.11359
30.61	-0.11328
30.62	-0.11282
30.63	-0.11246
30.64	-0.11201
30.65	-0.11162
30.66	-0.111
30.67	-0.1102
30.68	-0.10929
30.69	-0.10829
30.7	-0.10739
30.71	-0.10672
30.72	-0.10614
30.73	-0.10566
30.74	-0.10531
30.75	-0.1053
30.76	-0.10538
30.77	-0.10553
30.78	-0.10579
30.79	-0.10606
30.8	-0.10639
30.81	-0.10672
30.82	-0.10709
30.83	-0.10722
30.84	-0.10729
30.85	-0.10727
30.86	-0.10724
30.87	-0.10727
30.88	-0.10761
30.89	-0.10789
30.9	-0.10821
30.91	-0.10868
30.92	-0.10923
30.93	-0.10968
30.94	-0.11015
30.95	-0.11051
30.96	-0.11093
30.97	-0.11121
30.98	-0.11148
30.99	-0.11172
31	-0.11187
31.01	-0.11221
31.02	-0.11267
31.03	-0.11305
31.04	-0.11349
31.05	-0.11393
31.06	-0.11432
31.07	-0.11475
31.08	-0.11513
31.09	-0.11553
31.1	-0.11585
31.11	-0.11625
31.12	-0.1168
31.13	-0.11727
31.14	-0.11763
31.15	-0.11786
31.16	-0.1181
31.17	-0.1183
31.18	-0.1189
31.19	-0.11951
31.2	-0.12015
31.21	-0.12072
31.22	-0.12125
31.23	-0.12171
31.24	-0.12212
31.25	-0.1225
31.26	-0.12299
31.27	-0.12333
31.28	-0.12377
31.29	-0.12419
31.3	-0.12453
31.31	-0.12486
31.32	-0.12534
31.33	-0.12588
31.34	-0.12643
31.35	-0.12701
31.36	-0.12776
31.37	-0.12827
31.38	-0.12889
31.39	-0.12945
31.4	-0.12991
31.41	-0.13032
31.42	-0.1306
31.43	-0.13106
31.44	-0.13161
31.45	-0.13226
31.46	-0.13263
31.47	-0.13299
31.48	-0.13347
31.49	-0.13392
31.5	-0.13448
31.51	-0.13524
31.52	-0.13584
31.53	-0.1363
31.54	-0.13666
31.55	-0.13678
31.56	-0.13673
31.57	-0.13653
31.58	-0.13611
31.59	-0.13584
31.6	-0.13574
31.61	-0.13529
31.62	-0.13494
31.63	-0.1345
31.64	-0.13427
31.65	-0.13425
31.66	-0.13429
31.67	-0.13413
31.68	-0.13393
31.69	-0.13361
31.7	-0.13351
31.71	-0.1336
31.72	-0.13358
31.73	-0.1333
31.74	-0.13311
31.75	-0.13273
31.76	-0.13249
31.77	-0.13213
31.78	-0.13193
31.79	-0.13172
31.8	-0.13153
31.81	-0.13129
31.82	-0.13125
31.83	-0.13125
31.84	-0.13133
31.85	-0.13138
31.86	-0.13155
31.87	-0.13169
31.88	-0.13202
31.89	-0.13229
31.9	-0.13273
31.91	-0.13322
31.92	-0.13353
31.93	-0.13373
31.94	-0.13384
31.95	-0.13401
31.96	-0.13401
31.97	-0.13425
31.98	-0.13444
31.99	-0.13464
32	-0.13494
32.01	-0.13514
32.02	-0.13544
32.03	-0.13579
32.04	-0.1362
32.05	-0.13668
32.06	-0.13719
32.07	-0.13779
32.08	-0.13853
32.09	-0.13934
32.1	-0.14008
32.11	-0.1407
32.12	-0.14112
32.13	-0.14167
32.14	-0.14239
32.15	-0.14299
32.16	-0.14344
32.17	-0.14399
32.18	-0.14438
32.19	-0.14484
32.2	-0.14515
32.21	-0.14571
32.22	-0.14616
32.23	-0.14664
32.24	-0.14718
32.25	-0.14772
32.26	-0.1483
32.27	-0.14882
32.28	-0.14919
32.29	-0.14959
32.3	-0.15004
32.31	-0.1503
32.32	-0.15048
32.33	-0.15065
32.34	-0.15059
32.35	-0.15054
32.36	-0.15046
32.37	-0.1505
32.38	-0.15048
32.39	-0.15043
32.4	-0.15044
32.41	-0.15037
32.42	-0.15043
32.43	-0.15039
32.44	-0.15029
32.45	-0.15014
32.46	-0.14994
32.47	-0.14971
32.48	-0.14947
32.49	-0.14926
32.5	-0.14877
32.51	-0.14825
32.52	-0.14776
32.53	-0.14736
32.54	-0.14697
32.55	-0.14685
32.56	-0.14702
32.57	-0.14726
32.58	-0.14736
32.59	-0.14753
32.6	-0.14766
32.61	-0.14791
32.62	-0.14813
32.63	-0.14809
32.64	-0.14804
32.65	-0.1479
32.66	-0.14758
32.67	-0.14726
32.68	-0.14693
32.69	-0.14668
32.7	-0.14635
32.71	-0.14597
32.72	-0.14556
32.73	-0.14515
32.74	-0.14456
32.75	-0.14397
32.76	-0.14347
32.77	-0.1432
32.78	-0.14303
32.79	-0.14292
32.8	-0.14264
32.81	-0.14242
32.82	-0.14219
32.83	-0.14184
32.84	-0.14128
32.85	-0.14073
32.86	-0.14022
32.87	-0.13975
32.88	-0.13941
32.89	-0.13881
32.9	-0.1382
32.91	-0.13769
32.92	-0.1372
32.93	-0.13713
32.94	-0.13704
32.95	-0.13689
32.96	-0.13672
32.97	-0.1365
32.98	-0.13641
32.99	-0.13652
33	-0.13661
33.01	-0.13649
33.02	-0.13627
33.03	-0.13612
33.04	-0.13574
33.05	-0.13536
33.06	-0.13503
33.07	-0.13458
33.08	-0.13413
33.09	-0.1336
33.1	-0.13317
33.11	-0.13274
33.12	-0.13245
33.13	-0.13241
33.14	-0.13253
33.15	-0.1325
33.16	-0.13254
33.17	-0.13269
33.18	-0.1329
33.19	-0.13293
33.2	-0.13293
33.21	-0.13291
33.22	-0.13266
33.23	-0.13239
33.24	-0.13223
33.25	-0.13198
33.26	-0.13172
33.27	-0.13163
33.28	-0.13153
33.29	-0.13125
33.3	-0.13123
33.31	-0.13114
33.32	-0.13087
33.33	-0.13082
33.34	-0.1308
33.35	-0.13055
33.36	-0.1304
33.37	-0.13019
33.38	-0.1298
33.39	-0.12949
33.4	-0.12924
33.41	-0.12894
33.42	-0.12879
33.43	-0.12872
33.44	-0.12869
33.45	-0.12849
33.46	-0.12825
33.47	-0.12804
33.48	-0.12786
33.49	-0.12792
33.5	-0.12805
33.51	-0.1279
33.52	-0.12759
33.53	-0.12729
33.54	-0.12682
33.55	-0.12638
33.56	-0.1259
33.57	-0.12525
33.58	-0.12456
33.59	-0.12389
33.6	-0.1233
33.61	-0.12238
33.62	-0.12169
33.63	-0.12083
33.64	-0.11996
33.65	-0.11917
33.66	-0.11847
33.67	-0.1177
33.68	-0.1171
33.69	-0.11646
33.7	-0.11551
33.71	-0.11476
33.72	-0.11402
33.73	-0.11334
33.74	-0.11268
33.75	-0.11205
33.76	-0.11168
33.77	-0.11118
33.78	-0.11075
33.79	-0.11045
33.8	-0.1101
33.81	-0.10979
33.82	-0.1096
33.83	-0.10921
33.84	-0.10881
33.85	-0.10851
33.86	-0.10832
33.87	-0.10816
33.88	-0.10816
33.89	-0.10798
33.9	-0.1077
33.91	-0.10759
33.92	-0.10744
33.93	-0.10721
33.94	-0.10701
33.95	-0.10688
33.96	-0.10681
33.97	-0.10679
33.98	-0.10664
33.99	-0.10634
34	-0.10597
34.01	-0.10563
34.02	-0.10511
34.03	-0.10447
34.04	-0.10375
34.05	-0.10307
34.06	-0.10246
34.07	-0.10181
34.08	-0.10123
34.09	-0.10065
34.1	-0.10012
34.11	-0.099341
34.12	-0.098506
34.13	-0.097708
34.14	-0.096976
34.15	-0.096191
34.16	-0.095424
34.17	-0.09486
34.18	-0.094211
34.19	-0.093616
34.2	-0.093055
34.21	-0.092659
34.22	-0.092142
34.23	-0.091705
34.24	-0.091328
34.25	-0.090765
34.26	-0.090301
34.27	-0.089905
34.28	-0.089669
34.29	-0.089548
34.3	-0.089443
34.31	-0.089321
34.32	-0.089299
34.33	-0.089346
34.34	-0.089227
34.35	-0.089175
34.36	-0.089019
34.37	-0.088963
34.38	-0.088966
34.39	-0.08906
34.4	-0.089254
34.41	-0.089335
34.42	-0.089582
34.43	-0.089937
34.44	-0.090274
34.45	-0.090472
34.46	-0.090649
34.47	-0.090818
34.48	-0.091172
34.49	-0.091536
34.5	-0.091761
34.51	-0.091852
34.52	-0.092077
34.53	-0.092118
34.54	-0.092324
34.55	-0.092642
34.56	-0.093112
34.57	-0.093466
34.58	-0.0937
34.59	-0.093828
34.6	-0.094005
34.61	-0.094229
34.62	-0.094364
34.63	-0.094453
34.64	-0.094479
34.65	-0.094568
34.66	-0.094714
34.67	-0.094886
34.68	-0.094851
34.69	-0.094722
34.7	-0.094527
34.71	-0.094332
34.72	-0.094342
34.73	-0.094433
34.74	-0.094391
34.75	-0.094305
34.76	-0.093964
34.77	-0.093471
34.78	-0.092975
34.79	-0.092533
34.8	-0.091867
34.81	-0.091237
34.82	-0.090538
34.83	-0.090023
34.84	-0.089565
34.85	-0.089154
34.86	-0.088618
34.87	-0.088026
34.88	-0.087607
34.89	-0.087175
34.9	-0.086957
34.91	-0.086654
34.92	-0.086269
34.93	-0.085807
34.94	-0.085311
34.95	-0.084832
34.96	-0.084393
34.97	-0.083909
34.98	-0.083312
34.99	-0.082823
35	-0.082217
35.01	-0.081573
35.02	-0.08111
35.03	-0.080708
35.04	-0.080147
35.05	-0.079453
35.06	-0.078776
35.07	-0.078028
35.08	-0.077392
35.09	-0.076675
35.1	-0.076024
35.11	-0.075322
35.12	-0.074541
35.13	-0.073738
35.14	-0.073055
35.15	-0.072461
35.16	-0.071987
35.17	-0.071755
35.18	-0.071311
35.19	-0.070925
35.2	-0.070536
35.21	-0.069944
35.22	-0.069372
35.23	-0.068799
35.24	-0.068445
35.25	-0.068099
35.26	-0.067901
35.27	-0.06787
35.28	-0.067608
35.29	-0.067219
35.3	-0.066666
35.31	-0.066318
35.32	-0.065977
35.33	-0.065706
35.34	-0.065515
35.35	-0.065575
35.36	-0.065703
35.37	-0.065508
35.38	-0.065327
35.39	-0.06526
35.4	-0.065145
35.41	-0.064965
35.42	-0.065022
35.43	-0.065194
35.44	-0.065235
35.45	-0.065264
35.46	-0.065338
35.47	-0.065326
35.48	-0.065423
35.49	-0.065557
35.5	-0.065708
35.51	-0.06591
35.52	-0.066166
35.53	-0.066295
35.54	-0.06617
35.55	-0.066055
35.56	-0.065791
35.57	-0.065483
35.58	-0.065307
35.59	-0.065354
35.6	-0.06534
35.61	-0.065361
35.62	-0.065624
35.63	-0.065708
35.64	-0.06581
35.65	-0.06585
35.66	-0.065936
35.67	-0.065831
35.68	-0.065999
35.69	-0.066157
35.7	-0.066252
35.71	-0.066328
35.72	-0.066312
35.73	-0.066396
35.74	-0.066711
35.75	-0.066955
35.76	-0.067034
35.77	-0.066936
35.78	-0.06656
35.79	-0.066342
35.8	-0.066143
35.81	-0.065986
35.82	-0.065668
35.83	-0.065343
35.84	-0.064818
35.85	-0.064245
35.86	-0.063495
35.87	-0.062685
35.88	-0.061985
35.89	-0.061388
35.9	-0.060834
35.91	-0.060283
35.92	-0.059531
35.93	-0.058711
35.94	-0.057884
35.95	-0.057069
35.96	-0.056331
35.97	-0.055496
35.98	-0.054582
35.99	-0.053672
36	-0.052824
36.01	-0.052217
36.02	-0.051609
36.03	-0.050936
36.04	-0.050308
36.05	-0.049643
36.06	-0.048963
36.07	-0.048531
36.08	-0.048191
36.09	-0.047965
36.1	-0.047731
36.11	-0.047369
36.12	-0.046893
36.13	-0.046654
36.14	-0.046536
36.15	-0.046695
36.16	-0.046747
36.17	-0.046751
36.18	-0.046723
36.19	-0.046607
36.2	-0.0464
36.21	-0.046153
36.22	-0.046022
36.23	-0.046
36.24	-0.046125
36.25	-0.046088
36.26	-0.045908
36.27	-0.045272
36.28	-0.044706
36.29	-0.044051
36.3	-0.043527
36.31	-0.043112
36.32	-0.042813
36.33	-0.042686
36.34	-0.042618
36.35	-0.042451
36.36	-0.042132
36.37	-0.041693
36.38	-0.041164
36.39	-0.040906
36.4	-0.0407
36.41	-0.040557
36.42	-0.040405
36.43	-0.040094
36.44	-0.039826
36.45	-0.039586
36.46	-0.039378
36.47	-0.039067
36.48	-0.038783
36.49	-0.038549
36.5	-0.038421
36.51	-0.038325
36.52	-0.038153
36.53	-0.037985
36.54	-0.037806
36.55	-0.037576
36.56	-0.037091
36.57	-0.036639
36.58	-0.036218
36.59	-0.035883
36.6	-0.03557
36.61	-0.035134
36.62	-0.034708
36.63	-0.034302
36.64	-0.033998
36.65	-0.033774
36.66	-0.033509
36.67	-0.03315
36.68	-0.032743
36.69	-0.032304
36.7	-0.031835
36.71	-0.031335
36.72	-0.03074
36.73	-0.02989
36.74	-0.029119
36.75	-0.028227
36.76	-0.027187
36.77	-0.026181
36.78	-0.025237
36.79	-0.024477
36.8	-0.023799
36.81	-0.023092
36.82	-0.022371
36.83	-0.021395
36.84	-0.020433
36.85	-0.01973
36.86	-0.01907
36.87	-0.018521
36.88	-0.018096
36.89	-0.017382
36.9	-0.016707
36.91	-0.015933
36.92	-0.01516
36.93	-0.014385
36.94	-0.013741
36.95	-0.013036
36.96	-0.012499
36.97	-0.01178
36.98	-0.011199
36.99	-0.010591
37	-0.0098966
37.01	-0.0091777
37.02	-0.0086769
37.03	-0.008266
37.04	-0.0078674
37.05	-0.007372
37.06	-0.0067868
37.07	-0.0062154
37.08	-0.0054959
37.09	-0.004635
37.1	-0.0039472
37.11	-0.003176
37.12	-0.0024397
37.13	-0.0017328
37.14	-0.0007481
37.15	0.00029791
37.16	0.0013468
37.17	0.0022847
37.18	0.0030464
37.19	0.0036686
37.2	0.0044362
37.21	0.005263
37.22	0.0059375
37.23	0.0066255
37.24	0.0072596
37.25	0.0078013
37.26	0.0083838
37.27	0.0092438
37.28	0.010078
37.29	0.011256
37.3	0.012394
37.31	0.013643
37.32	0.014618
37.33	0.015713
37.34	0.016716
37.35	0.017509
37.36	0.018227
37.37	0.018875
37.38	0.019524
37.39	0.020155
37.4	0.020861
37.41	0.021468
37.42	0.022014
37.43	0.022474
37.44	0.023028
37.45	0.023554
37.46	0.024078
37.47	0.024529
37.48	0.025228
37.49	0.025887
37.5	0.026362
37.51	0.026779
37.52	0.027113
37.53	0.027422
37.54	0.027497
37.55	0.027776
37.56	0.027924
37.57	0.028156
37.58	0.028378
37.59	0.028662
37.6	0.02905
37.61	0.029419
37.62	0.029903
37.63	0.030219
37.64	0.030664
37.65	0.030848
37.66	0.031072
37.67	0.030998
37.68	0.031038
37.69	0.031233
37.7	0.031494
37.71	0.031743
37.72	0.031925
37.73	0.031996
37.74	0.031871
37.75	0.031846
37.76	0.031916
37.77	0.032112
37.78	0.032558
37.79	0.032968
37.8	0.03313
37.81	0.033425
37.82	0.033565
37.83	0.033685
37.84	0.033923
37.85	0.034187
37.86	0.034495
37.87	0.034854
37.88	0.035079
37.89	0.035197
37.9	0.035363
37.91	0.035637
37.92	0.035912
37.93	0.036022
37.94	0.036067
37.95	0.036263
37.96	0.036396
37.97	0.036392
37.98	0.036349
37.99	0.036355
38	0.036531
38.01	0.036852
38.02	0.037095
38.03	0.037307
38.04	0.037744
38.05	0.03799
38.06	0.038319
38.07	0.038452
38.08	0.038593
38.09	0.038815
38.1	0.039154
38.11	0.039264
38.12	0.039474
38.13	0.039768
38.14	0.039919
38.15	0.04009
38.16	0.040216
38.17	0.040209
38.18	0.040067
38.19	0.04001
38.2	0.04008
38.21	0.040017
38.22	0.040041
38.23	0.040059
38.24	0.040269
38.25	0.04051
38.26	0.040819
38.27	0.041004
38.28	0.041131
38.29	0.041422
38.3	0.041624
38.31	0.041874
38.32	0.042091
38.33	0.042247
38.34	0.042557
38.35	0.042756
38.36	0.042957
38.37	0.043171
38.38	0.043302
38.39	0.043399
38.4	0.043449
38.41	0.043473
38.42	0.043527
38.43	0.043522
38.44	0.04343
38.45	0.043095
38.46	0.04278
38.47	0.042697
38.48	0.042733
38.49	0.042723
38.5	0.042529
38.51	0.042317
38.52	0.04215
38.53	0.041993
38.54	0.041604
38.55	0.041113
38.56	0.040504
38.57	0.039917
38.58	0.039358
38.59	0.03881
38.6	0.03817
38.61	0.037293
38.62	0.036482
38.63	0.035636
38.64	0.03482
38.65	0.034019
38.66	0.033373
38.67	0.032661
38.68	0.031837
38.69	0.031022
38.7	0.030085
38.71	0.029055
38.72	0.028065
38.73	0.027008
38.74	0.025965
38.75	0.025021
38.76	0.02409
38.77	0.023224
38.78	0.022342
38.79	0.021544
38.8	0.020837
38.81	0.020151
38.82	0.019453
38.83	0.018861
38.84	0.018256
38.85	0.01761
38.86	0.016816
38.87	0.016015
38.88	0.015078
38.89	0.014376
38.9	0.013661
38.91	0.012865
38.92	0.012057
38.93	0.011221
38.94	0.010401
38.95	0.0095495
38.96	0.0088133
38.97	0.0080406
38.98	0.0072987
38.99	0.0063942
39	0.0052806
39.01	0.0041439
39.02	0.0029932
39.03	0.0019005
39.04	0.00085643
39.05	-3.7455e-05
39.06	-0.00099508
39.07	-0.0019831
39.08	-0.00301
39.09	-0.0040579
39.1	-0.0051998
39.11	-0.0063945
39.12	-0.0075687
39.13	-0.0087456
39.14	-0.0099605
39.15	-0.011081
39.16	-0.012301
39.17	-0.01346
39.18	-0.014521
39.19	-0.015636
39.2	-0.016536
39.21	-0.017462
39.22	-0.018428
39.23	-0.019265
39.24	-0.020022
39.25	-0.020635
39.26	-0.021231
39.27	-0.021805
39.28	-0.022406
39.29	-0.023006
39.3	-0.023326
39.31	-0.023645
39.32	-0.024184
39.33	-0.024833
39.34	-0.025438
39.35	-0.025988
39.36	-0.026577
39.37	-0.027102
39.38	-0.027786
39.39	-0.028459
39.4	-0.02887
39.41	-0.029258
39.42	-0.029546
39.43	-0.029844
39.44	-0.030037
39.45	-0.030203
39.46	-0.030507
39.47	-0.030837
39.48	-0.031206
39.49	-0.03162
39.5	-0.032168
39.51	-0.032564
39.52	-0.033021
39.53	-0.033499
39.54	-0.034142
39.55	-0.034764
39.56	-0.035564
39.57	-0.036296
39.58	-0.037154
39.59	-0.037947
39.6	-0.039066
39.61	-0.040064
39.62	-0.041147
39.63	-0.042233
39.64	-0.043558
39.65	-0.044795
39.66	-0.046081
39.67	-0.047299
39.68	-0.048486
39.69	-0.04967
39.7	-0.050849
39.71	-0.052005
39.72	-0.053219
39.73	-0.054227
39.74	-0.055395
39.75	-0.056621
39.76	-0.0578
39.77	-0.059269
39.78	-0.060941
39.79	-0.062736
39.8	-0.06456
39.81	-0.06632
39.82	-0.067947
39.83	-0.069465
39.84	-0.070908
39.85	-0.072579
39.86	-0.074438
39.87	-0.076292
39.88	-0.078308
39.89	-0.080127
39.9	-0.081966
39.91	-0.083712
39.92	-0.085342
39.93	-0.086979
39.94	-0.088378
39.95	-0.089764
39.96	-0.091158
39.97	-0.092445
39.98	-0.093679
39.99	-0.094965
40	-0.09612
40.01	-0.097118
40.02	-0.098245
40.03	-0.099162
40.04	-0.10021
40.05	-0.10127
40.06	-0.10235
40.07	-0.10355
40.08	-0.10471
40.09	-0.10579
40.1	-0.10676
40.11	-0.10773
40.12	-0.1087
40.13	-0.10945
40.14	-0.11003
40.15	-0.11056
40.16	-0.11107
40.17	-0.11172
40.18	-0.11249
40.19	-0.11323
40.2	-0.11389
40.21	-0.11458
40.22	-0.11543
40.23	-0.11632
40.24	-0.11701
40.25	-0.11758
40.26	-0.11822
40.27	-0.11856
40.28	-0.11906
40.29	-0.11962
40.3	-0.12
40.31	-0.1203
40.32	-0.12061
40.33	-0.12077
40.34	-0.12114
40.35	-0.1219
40.36	-0.12281
40.37	-0.12368
40.38	-0.12467
40.39	-0.1257
40.4	-0.12679
40.41	-0.12795
40.42	-0.12912
40.43	-0.13027
40.44	-0.1315
40.45	-0.13288
40.46	-0.13412
40.47	-0.13542
40.48	-0.13659
40.49	-0.13773
40.5	-0.1389
40.51	-0.13991
40.52	-0.1411
40.53	-0.14242
40.54	-0.14364
40.55	-0.14502
40.56	-0.14638
40.57	-0.1476
40.58	-0.14886
40.59	-0.15012
40.6	-0.15159
40.61	-0.15315
40.62	-0.1545
40.63	-0.15576
40.64	-0.15703
40.65	-0.15827
40.66	-0.1596
40.67	-0.16106
40.68	-0.16244
40.69	-0.16377
40.7	-0.16509
40.71	-0.16663
40.72	-0.16807
40.73	-0.16939
40.74	-0.17053
40.75	-0.17167
40.76	-0.17276
40.77	-0.17391
40.78	-0.17482
40.79	-0.17576
40.8	-0.17667
40.81	-0.1776
40.82	-0.17842
40.83	-0.17938
40.84	-0.18016
40.85	-0.18103
40.86	-0.18183
40.87	-0.18268
40.88	-0.18348
40.89	-0.1843
40.9	-0.18529
40.91	-0.18622
40.92	-0.18712
40.93	-0.18814
40.94	-0.18922
40.95	-0.19023
40.96	-0.19118
40.97	-0.19205
40.98	-0.19288
40.99	-0.19378
41	-0.19479
41.01	-0.19595
41.02	-0.197
41.03	-0.19799
41.04	-0.19883
41.05	-0.1999
41.06	-0.20106
41.07	-0.20216
41.08	-0.20334
41.09	-0.20433
41.1	-0.2053
41.11	-0.20623
41.12	-0.20716
41.13	-0.20813
41.14	-0.20904
41.15	-0.21002
41.16	-0.21071
41.17	-0.21141
41.18	-0.21197
41.19	-0.21258
41.2	-0.21324
41.21	-0.21387
41.22	-0.21454
41.23	-0.21523
41.24	-0.21595
41.25	-0.21661
41.26	-0.21717
41.27	-0.21769
41.28	-0.21804
41.29	-0.21837
41.3	-0.21888
41.31	-0.21934
41.32	-0.21985
41.33	-0.22043
41.34	-0.22116
41.35	-0.22171
41.36	-0.22216
41.37	-0.22265
41.38	-0.22308
41.39	-0.22343
41.4	-0.22374
41.41	-0.224
41.42	-0.22426
41.43	-0.22456
41.44	-0.225
41.45	-0.22522
41.46	-0.22555
41.47	-0.22579
41.48	-0.22613
41.49	-0.22637
41.5	-0.22685
41.51	-0.2273
41.52	-0.22779
41.53	-0.22817
41.54	-0.22849
41.55	-0.22879
41.56	-0.22907
41.57	-0.2294
41.58	-0.22983
41.59	-0.23031
41.6	-0.23078
41.61	-0.23139
41.62	-0.23185
41.63	-0.2326
41.64	-0.23338
41.65	-0.23429
41.66	-0.23496
41.67	-0.23542
41.68	-0.23588
41.69	-0.23645
41.7	-0.23704
41.71	-0.23764
41.72	-0.23822
41.73	-0.23884
41.74	-0.23947
41.75	-0.24009
41.76	-0.24072
41.77	-0.24137
41.78	-0.24214
41.79	-0.24314
41.8	-0.24407
41.81	-0.24496
41.82	-0.24575
41.83	-0.24642
41.84	-0.24714
41.85	-0.24769
41.86	-0.2484
41.87	-0.24889
41.88	-0.24935
41.89	-0.24983
41.9	-0.25041
41.91	-0.25084
41.92	-0.25136
41.93	-0.2518
41.94	-0.25217
41.95	-0.25257
41.96	-0.25301
41.97	-0.25337
41.98	-0.25383
41.99	-0.25429
42	-0.2547
42.01	-0.25492
42.02	-0.25504
42.03	-0.25531
42.04	-0.25556
42.05	-0.25586
42.06	-0.25609
42.07	-0.25629
42.08	-0.25649
42.09	-0.25675
42.1	-0.25702
42.11	-0.2574
42.12	-0.25771
42.13	-0.25788
42.14	-0.25818
42.15	-0.25833
42.16	-0.25863
42.17	-0.25902
42.18	-0.25945
42.19	-0.25978
42.2	-0.26025
42.21	-0.26088
42.22	-0.26164
42.23	-0.26226
42.24	-0.2628
42.25	-0.26342
42.26	-0.26399
42.27	-0.26439
42.28	-0.26485
42.29	-0.26554
42.3	-0.26613
42.31	-0.26665
42.32	-0.26717
42.33	-0.26768
42.34	-0.26809
42.35	-0.26838
42.36	-0.26874
42.37	-0.2691
42.38	-0.26955
42.39	-0.2698
42.4	-0.27008
42.41	-0.27036
42.42	-0.27067
42.43	-0.27092
42.44	-0.27113
42.45	-0.27122
42.46	-0.27138
42.47	-0.27164
42.48	-0.27184
42.49	-0.27199
42.5	-0.27204
42.51	-0.27194
42.52	-0.27172
42.53	-0.27134
42.54	-0.27096
42.55	-0.27044
42.56	-0.27013
42.57	-0.26975
42.58	-0.26927
42.59	-0.26879
42.6	-0.26825
42.61	-0.26787
42.62	-0.26753
42.63	-0.26722
42.64	-0.26692
42.65	-0.26668
42.66	-0.26653
42.67	-0.26646
42.68	-0.26623
42.69	-0.26607
42.7	-0.26569
42.71	-0.26529
42.72	-0.26501
42.73	-0.26495
42.74	-0.26489
42.75	-0.26463
42.76	-0.26432
42.77	-0.26421
42.78	-0.26422
42.79	-0.264
42.8	-0.26377
42.81	-0.26356
42.82	-0.2635
42.83	-0.26338
42.84	-0.26337
42.85	-0.26338
42.86	-0.26343
42.87	-0.26362
42.88	-0.2637
42.89	-0.26376
42.9	-0.26387
42.91	-0.26413
42.92	-0.2644
42.93	-0.26472
42.94	-0.26529
42.95	-0.26567
42.96	-0.26605
42.97	-0.26651
42.98	-0.26703
42.99	-0.26746
43	-0.26791
43.01	-0.26836
43.02	-0.26882
43.03	-0.26928
43.04	-0.26967
43.05	-0.27013
43.06	-0.27055
43.07	-0.27097
43.08	-0.27131
43.09	-0.27157
43.1	-0.27185
43.11	-0.2723
43.12	-0.27255
43.13	-0.27286
43.14	-0.27296
43.15	-0.27298
43.16	-0.27303
43.17	-0.2731
43.18	-0.27305
43.19	-0.27294
43.2	-0.27278
43.21	-0.27267
43.22	-0.2725
43.23	-0.27231
43.24	-0.27207
43.25	-0.2719
43.26	-0.27172
43.27	-0.27145
43.28	-0.27098
43.29	-0.27044
43.3	-0.26988
43.31	-0.2693
43.32	-0.26869
43.33	-0.26833
43.34	-0.26781
43.35	-0.2674
43.36	-0.26691
43.37	-0.26656
43.38	-0.26596
43.39	-0.2655
43.4	-0.26506
43.41	-0.2647
43.42	-0.26445
43.43	-0.26409
43.44	-0.26372
43.45	-0.26317
43.46	-0.26258
43.47	-0.26195
43.48	-0.26135
43.49	-0.26071
43.5	-0.26002
43.51	-0.25941
43.52	-0.25867
43.53	-0.25803
43.54	-0.25748
43.55	-0.25696
43.56	-0.2564
43.57	-0.2558
43.58	-0.25531
43.59	-0.25497
43.6	-0.25449
43.61	-0.25393
43.62	-0.25327
43.63	-0.25278
43.64	-0.25244
43.65	-0.25226
43.66	-0.25199
43.67	-0.25171
43.68	-0.25141
43.69	-0.25091
43.7	-0.25042
43.71	-0.24996
43.72	-0.24964
43.73	-0.24959
43.74	-0.2494
43.75	-0.24919
43.76	-0.24898
43.77	-0.2489
43.78	-0.24881
43.79	-0.24855
43.8	-0.24843
43.81	-0.24815
43.82	-0.24788
43.83	-0.24764
43.84	-0.24747
43.85	-0.24737
43.86	-0.24739
43.87	-0.24736
43.88	-0.24716
43.89	-0.247
43.9	-0.24696
43.91	-0.24697
43.92	-0.24699
43.93	-0.24686
43.94	-0.2467
43.95	-0.2465
43.96	-0.2462
43.97	-0.24605
43.98	-0.24592
43.99	-0.24577
44	-0.24569
44.01	-0.24557
44.02	-0.24543
44.03	-0.24503
44.04	-0.24469
44.05	-0.2442
44.06	-0.2437
44.07	-0.24332
44.08	-0.2429
44.09	-0.24236
44.1	-0.2417
44.11	-0.24128
44.12	-0.2407
44.13	-0.24021
44.14	-0.23981
44.15	-0.23948
44.16	-0.2393
44.17	-0.23902
44.18	-0.23872
44.19	-0.23837
44.2	-0.23799
44.21	-0.23755
44.22	-0.23704
44.23	-0.23646
44.24	-0.23579
44.25	-0.23498
44.26	-0.23414
44.27	-0.23331
44.28	-0.23249
44.29	-0.23165
44.3	-0.23086
44.31	-0.23002
44.32	-0.22901
44.33	-0.22778
44.34	-0.22651
44.35	-0.22535
44.36	-0.22427
44.37	-0.22332
44.38	-0.22218
44.39	-0.2211
44.4	-0.22007
44.41	-0.21889
44.42	-0.21781
44.43	-0.21683
44.44	-0.21585
44.45	-0.21501
44.46	-0.21423
44.47	-0.21335
44.48	-0.2126
44.49	-0.21176
44.5	-0.21098
44.51	-0.21022
44.52	-0.20944
44.53	-0.20864
44.54	-0.20777
44.55	-0.2068
44.56	-0.20603
44.57	-0.2054
44.58	-0.20498
44.59	-0.20467
44.6	-0.20434
44.61	-0.20399
44.62	-0.2037
44.63	-0.20349
44.64	-0.20341
44.65	-0.20332
44.66	-0.2032
44.67	-0.20311
44.68	-0.20296
44.69	-0.20286
44.7	-0.20269
44.71	-0.20245
44.72	-0.20233
44.73	-0.2023
44.74	-0.20237
44.75	-0.2026
44.76	-0.20291
44.77	-0.20313
44.78	-0.20343
44.79	-0.20381
44.8	-0.20413
44.81	-0.20444
44.82	-0.20471
44.83	-0.20499
44.84	-0.20526
44.85	-0.20548
44.86	-0.20566
44.87	-0.2058
44.88	-0.20593
44.89	-0.20605
44.9	-0.20602
44.91	-0.206
44.92	-0.20588
44.93	-0.2058
44.94	-0.20557
44.95	-0.20536
44.96	-0.20512
44.97	-0.20478
44.98	-0.20466
44.99	-0.20463
45	-0.2046
45.01	-0.20453
45.02	-0.20448
45.03	-0.20446
45.04	-0.20438
45.05	-0.20419
45.06	-0.20415
45.07	-0.20425
45.08	-0.20431
45.09	-0.20441
45.1	-0.20454
45.11	-0.20443
45.12	-0.2043
45.13	-0.20414
45.14	-0.20394
45.15	-0.20389
45.16	-0.20376
45.17	-0.20369
45.18	-0.20358
45.19	-0.20352
45.2	-0.20339
45.21	-0.20318
45.22	-0.20317
45.23	-0.20304
45.24	-0.20278
45.25	-0.20247
45.26	-0.20231
45.27	-0.20206
45.28	-0.20202
45.29	-0.20183
45.3	-0.20161
45.31	-0.20152
45.32	-0.20127
45.33	-0.20097
45.34	-0.20076
45.35	-0.20063
45.36	-0.20037
45.37	-0.20013
45.38	-0.19986
45.39	-0.19978
45.4	-0.19954
45.41	-0.19922
45.42	-0.19897
45.43	-0.19872
45.44	-0.19837
45.45	-0.19796
45.46	-0.19752
45.47	-0.19711
45.48	-0.1966
45.49	-0.19606
45.5	-0.19548
45.51	-0.1949
45.52	-0.19434
45.53	-0.19364
45.54	-0.19301
45.55	-0.19225
45.56	-0.19161
45.57	-0.19098
45.58	-0.19043
45.59	-0.18974
45.6	-0.18893
45.61	-0.18805
45.62	-0.18717
45.63	-0.18631
45.64	-0.18553
45.65	-0.18478
45.66	-0.18425
45.67	-0.18368
45.68	-0.18315
45.69	-0.18254
45.7	-0.18192
45.71	-0.1814
45.72	-0.18067
45.73	-0.1799
45.74	-0.17916
45.75	-0.17846
45.76	-0.17779
45.77	-0.17706
45.78	-0.17627
45.79	-0.17569
45.8	-0.17521
45.81	-0.17458
45.82	-0.1742
45.83	-0.1739
45.84	-0.17369
45.85	-0.17367
45.86	-0.17367
45.87	-0.17366
45.88	-0.17367
45.89	-0.17365
45.9	-0.1737
45.91	-0.17393
45.92	-0.1742
45.93	-0.17437
45.94	-0.17449
45.95	-0.17474
45.96	-0.17497
45.97	-0.17524
45.98	-0.17531
45.99	-0.17547
46	-0.17557
46.01	-0.1759
46.02	-0.17621
46.03	-0.17657
46.04	-0.1768
46.05	-0.17709
46.06	-0.17748
46.07	-0.17762
46.08	-0.17763
46.09	-0.17767
46.1	-0.17763
46.11	-0.17765
46.12	-0.17785
46.13	-0.17785
46.14	-0.17793
46.15	-0.17805
46.16	-0.17817
46.17	-0.17827
46.18	-0.17845
46.19	-0.17873
46.2	-0.17894
46.21	-0.17912
46.22	-0.17934
46.23	-0.1795
46.24	-0.17973
46.25	-0.18
46.26	-0.1802
46.27	-0.18026
46.28	-0.18026
46.29	-0.18016
46.3	-0.18015
46.31	-0.18013
46.32	-0.18011
46.33	-0.18002
46.34	-0.18007
46.35	-0.18019
46.36	-0.18034
46.37	-0.18039
46.38	-0.18037
46.39	-0.18043
46.4	-0.18031
46.41	-0.18021
46.42	-0.18019
46.43	-0.18004
46.44	-0.17956
46.45	-0.1792
46.46	-0.17877
46.47	-0.17823
46.48	-0.17782
46.49	-0.17761
46.5	-0.17739
46.51	-0.17722
46.52	-0.17698
46.53	-0.17667
46.54	-0.17632
46.55	-0.17585
46.56	-0.17539
46.57	-0.17505
46.58	-0.17466
46.59	-0.17445
46.6	-0.17412
46.61	-0.17379
46.62	-0.1734
46.63	-0.17313
46.64	-0.17275
46.65	-0.17222
46.66	-0.17158
46.67	-0.17094
46.68	-0.17013
46.69	-0.16929
46.7	-0.16837
46.71	-0.16746
46.72	-0.16644
46.73	-0.16555
46.74	-0.16458
46.75	-0.16357
46.76	-0.16256
46.77	-0.16157
46.78	-0.16044
46.79	-0.15936
46.8	-0.15826
46.81	-0.15732
46.82	-0.15636
46.83	-0.15549
46.84	-0.15449
46.85	-0.15347
46.86	-0.15241
46.87	-0.15132
46.88	-0.15018
46.89	-0.14905
46.9	-0.14807
46.91	-0.14711
46.92	-0.14616
46.93	-0.14521
46.94	-0.1443
46.95	-0.14328
46.96	-0.14208
46.97	-0.14094
46.98	-0.13995
46.99	-0.13899
47	-0.13803
47.01	-0.13726
47.02	-0.13644
47.03	-0.1357
47.04	-0.13498
47.05	-0.13425
47.06	-0.13347
47.07	-0.13292
47.08	-0.13245
47.09	-0.13196
47.1	-0.13151
47.11	-0.13099
47.12	-0.13053
47.13	-0.13003
47.14	-0.12971
47.15	-0.12937
47.16	-0.12896
47.17	-0.12847
47.18	-0.12793
47.19	-0.12737
47.2	-0.12686
47.21	-0.12624
47.22	-0.12561
47.23	-0.12512
47.24	-0.12457
47.25	-0.124
47.26	-0.12342
47.27	-0.1228
47.28	-0.12209
47.29	-0.12125
47.3	-0.12056
47.31	-0.11991
47.32	-0.11933
47.33	-0.11863
47.34	-0.118
47.35	-0.11733
47.36	-0.11671
47.37	-0.11601
47.38	-0.11524
47.39	-0.1145
47.4	-0.11369
47.41	-0.11289
47.42	-0.11225
47.43	-0.11158
47.44	-0.11089
47.45	-0.11014
47.46	-0.10951
47.47	-0.10879
47.48	-0.10802
47.49	-0.10718
47.5	-0.10632
47.51	-0.10544
47.52	-0.10467
47.53	-0.10387
47.54	-0.10323
47.55	-0.10263
47.56	-0.10207
47.57	-0.10156
47.58	-0.10113
47.59	-0.10071
47.6	-0.10015
47.61	-0.099551
47.62	-0.098948
47.63	-0.098294
47.64	-0.097665
47.65	-0.097162
47.66	-0.096531
47.67	-0.095904
47.68	-0.095371
47.69	-0.094949
47.7	-0.094486
47.71	-0.093937
47.72	-0.093273
47.73	-0.09245
47.74	-0.091525
47.75	-0.090651
47.76	-0.089857
47.77	-0.088952
47.78	-0.088193
47.79	-0.087391
47.8	-0.086549
47.81	-0.085754
47.82	-0.084946
47.83	-0.084153
47.84	-0.083297
47.85	-0.082485
47.86	-0.081631
47.87	-0.080772
47.88	-0.079842
47.89	-0.078965
47.9	-0.078183
47.91	-0.077256
47.92	-0.076484
47.93	-0.075783
47.94	-0.07504
47.95	-0.074298
47.96	-0.073613
47.97	-0.072974
47.98	-0.072368
47.99	-0.071921
48	-0.071464
48.01	-0.070857
48.02	-0.070262
48.03	-0.069863
48.04	-0.069546
48.05	-0.069273
48.06	-0.069059
48.07	-0.068824
48.08	-0.068602
48.09	-0.068433
48.1	-0.068231
48.11	-0.068052
48.12	-0.067966
48.13	-0.067813
48.14	-0.067678
48.15	-0.067591
48.16	-0.067707
48.17	-0.067811
48.18	-0.067891
48.19	-0.0679
48.2	-0.067905
48.21	-0.067873
48.22	-0.067866
48.23	-0.068
48.24	-0.068089
48.25	-0.068211
48.26	-0.068288
48.27	-0.068438
48.28	-0.068541
48.29	-0.068644
48.3	-0.068701
48.31	-0.068718
48.32	-0.068811
48.33	-0.068882
48.34	-0.06901
48.35	-0.069309
48.36	-0.069512
48.37	-0.069729
48.38	-0.069909
48.39	-0.069915
48.4	-0.069889
48.41	-0.06992
48.42	-0.069922
48.43	-0.06987
48.44	-0.069595
48.45	-0.069306
48.46	-0.069043
48.47	-0.068593
48.48	-0.068284
48.49	-0.067921
48.5	-0.06761
48.51	-0.067266
48.52	-0.066903
48.53	-0.066718
48.54	-0.066581
48.55	-0.066427
48.56	-0.066239
48.57	-0.066107
48.58	-0.065861
48.59	-0.065699
48.6	-0.065579
48.61	-0.065486
48.62	-0.065433
48.63	-0.065464
48.64	-0.065263
48.65	-0.065142
48.66	-0.064916
48.67	-0.064752
48.68	-0.064378
48.69	-0.063983
48.7	-0.06351
48.71	-0.062921
48.72	-0.06233
48.73	-0.061763
48.74	-0.061311
48.75	-0.0608
48.76	-0.060331
48.77	-0.059979
48.78	-0.059492
48.79	-0.058942
48.8	-0.058328
48.81	-0.057661
48.82	-0.057017
48.83	-0.056575
48.84	-0.056149
48.85	-0.055593
48.86	-0.05508
48.87	-0.054432
48.88	-0.053759
48.89	-0.053067
48.9	-0.052298
48.91	-0.0516
48.92	-0.0509
48.93	-0.050385
48.94	-0.049844
48.95	-0.049299
48.96	-0.048777
48.97	-0.048253
48.98	-0.047663
48.99	-0.046996
49	-0.046379
49.01	-0.045706
49.02	-0.0451
49.03	-0.044569
49.04	-0.04408
49.05	-0.043571
49.06	-0.042999
49.07	-0.042492
49.08	-0.041882
49.09	-0.041376
49.1	-0.041007
49.11	-0.040676
49.12	-0.040312
49.13	-0.040003
49.14	-0.0398
49.15	-0.039585
49.16	-0.039459
49.17	-0.03928
49.18	-0.039253
49.19	-0.039328
49.2	-0.039449
49.21	-0.039625
49.22	-0.039748
49.23	-0.039869
49.24	-0.039826
49.25	-0.039789
49.26	-0.039822
49.27	-0.039881
49.28	-0.039998
49.29	-0.040197
49.3	-0.040344
49.31	-0.040546
49.32	-0.040698
49.33	-0.040828
49.34	-0.040962
49.35	-0.041208
49.36	-0.041278
49.37	-0.041303
49.38	-0.041328
49.39	-0.041388
49.4	-0.04136
49.41	-0.041426
49.42	-0.041547
49.43	-0.041756
49.44	-0.042019
49.45	-0.042294
49.46	-0.042548
49.47	-0.042744
49.48	-0.043026
49.49	-0.043211
49.5	-0.04337
49.51	-0.043536
49.52	-0.043727
49.53	-0.043888
49.54	-0.044221
49.55	-0.044721
49.56	-0.045233
49.57	-0.045701
49.58	-0.046197
49.59	-0.046678
49.6	-0.047144
49.61	-0.047629
49.62	-0.048025
49.63	-0.048338
49.64	-0.048607
49.65	-0.048794
49.66	-0.048917
49.67	-0.04904
49.68	-0.049255
49.69	-0.049436
49.7	-0.0495
49.71	-0.049682
49.72	-0.049756
49.73	-0.049883
49.74	-0.05006
49.75	-0.050171
49.76	-0.050303
49.77	-0.050469
49.78	-0.050626
49.79	-0.050858
49.8	-0.051194
49.81	-0.051552
49.82	-0.051825
49.83	-0.052103
49.84	-0.052437
49.85	-0.05273
49.86	-0.052821
49.87	-0.052915
49.88	-0.052987
49.89	-0.052984
49.9	-0.05313
49.91	-0.053228
49.92	-0.053264
49.93	-0.053273
49.94	-0.053373
49.95	-0.053442
49.96	-0.053529
49.97	-0.053592
49.98	-0.053687
49.99	-0.05393
50	-0.054053
50.01	-0.054125
50.02	-0.054113
50.03	-0.054115
50.04	-0.054085
50.05	-0.05402
50.06	-0.053916
50.07	-0.053812
50.08	-0.05358
50.09	-0.053394
50.1	-0.05322
50.11	-0.053188
50.12	-0.053098
50.13	-0.053164
50.14	-0.053385
50.15	-0.053661
50.16	-0.053847
50.17	-0.054141
50.18	-0.05457
50.19	-0.055022
50.2	-0.055429
50.21	-0.055799
50.22	-0.05625
50.23	-0.056705
50.24	-0.057154
50.25	-0.05762
50.26	-0.058162
50.27	-0.058608
50.28	-0.059218
50.29	-0.059746
50.3	-0.06026
50.31	-0.060756
50.32	-0.061266
50.33	-0.061781
50.34	-0.062381
50.35	-0.063079
50.36	-0.063615
50.37	-0.064168
50.38	-0.064788
50.39	-0.065577
50.4	-0.066418
50.41	-0.067167
50.42	-0.067633
50.43	-0.068104
50.44	-0.068482
50.45	-0.068906
50.46	-0.069333
50.47	-0.069803
50.48	-0.070336
50.49	-0.070906
50.5	-0.071446
50.51	-0.071947
50.52	-0.072444
50.53	-0.072703
50.54	-0.073037
50.55	-0.073428
50.56	-0.073877
50.57	-0.074268
50.58	-0.074686
50.59	-0.075062
50.6	-0.075453
50.61	-0.075948
50.62	-0.076671
50.63	-0.077261
50.64	-0.077762
50.65	-0.078362
50.66	-0.078993
50.67	-0.079556
50.68	-0.080206
50.69	-0.080885
50.7	-0.081704
50.71	-0.0826
50.72	-0.083465
50.73	-0.084124
50.74	-0.084816
50.75	-0.085599
50.76	-0.086396
50.77	-0.087214
50.78	-0.088008
50.79	-0.088863
50.8	-0.089629
50.81	-0.090323
50.82	-0.09104
50.83	-0.091694
50.84	-0.092213
50.85	-0.092715
50.86	-0.093362
50.87	-0.093974
50.88	-0.094522
50.89	-0.095064
50.9	-0.095632
50.91	-0.096176
50.92	-0.096616
50.93	-0.09698
50.94	-0.097237
50.95	-0.097656
50.96	-0.0981
50.97	-0.098525
50.98	-0.098921
50.99	-0.099332
51	-0.099596
51.01	-0.099815
51.02	-0.099993
51.03	-0.10024
51.04	-0.10051
51.05	-0.10076
51.06	-0.10108
51.07	-0.10131
51.08	-0.10141
51.09	-0.10152
51.1	-0.10171
51.11	-0.10199
51.12	-0.10236
51.13	-0.10257
51.14	-0.10278
51.15	-0.10288
51.16	-0.10295
51.17	-0.10289
51.18	-0.10289
51.19	-0.10296
51.2	-0.10288
51.21	-0.10289
51.22	-0.1029
51.23	-0.10281
51.24	-0.1027
51.25	-0.10259
51.26	-0.10243
51.27	-0.10223
51.28	-0.10197
51.29	-0.10166
51.3	-0.10149
51.31	-0.1014
51.32	-0.10128
51.33	-0.10125
51.34	-0.10126
51.35	-0.1013
51.36	-0.10141
51.37	-0.10141
51.38	-0.10141
51.39	-0.10138
51.4	-0.10136
51.41	-0.10139
51.42	-0.10158
51.43	-0.10173
51.44	-0.10192
51.45	-0.10225
51.46	-0.10261
51.47	-0.10288
51.48	-0.10313
51.49	-0.10338
51.5	-0.10362
51.51	-0.10387
51.52	-0.10412
51.53	-0.10437
51.54	-0.10462
51.55	-0.10491
51.56	-0.10513
51.57	-0.1053
51.58	-0.1056
51.59	-0.10583
51.6	-0.1061
51.61	-0.10641
51.62	-0.10678
51.63	-0.1073
51.64	-0.10771
51.65	-0.1082
51.66	-0.10874
51.67	-0.10921
51.68	-0.1097
51.69	-0.11022
51.7	-0.11081
51.71	-0.11138
51.72	-0.11198
51.73	-0.11261
51.74	-0.11329
51.75	-0.11397
51.76	-0.11477
51.77	-0.11558
51.78	-0.1164
51.79	-0.11722
51.8	-0.1181
51.81	-0.11881
51.82	-0.11968
51.83	-0.1206
51.84	-0.12149
51.85	-0.12234
51.86	-0.12314
51.87	-0.12373
51.88	-0.12421
51.89	-0.12452
51.9	-0.12485
51.91	-0.12516
51.92	-0.12548
51.93	-0.12581
51.94	-0.12601
51.95	-0.12624
51.96	-0.12634
51.97	-0.12657
51.98	-0.12677
51.99	-0.12678
52	-0.12679
52.01	-0.12677
52.02	-0.1268
52.03	-0.12693
52.04	-0.12695
52.05	-0.12702
52.06	-0.12716
52.07	-0.12734
52.08	-0.12751
52.09	-0.12752
52.1	-0.12753
52.11	-0.1275
52.12	-0.12739
52.13	-0.12735
52.14	-0.12745
52.15	-0.12747
52.16	-0.12755
52.17	-0.12757
52.18	-0.12758
52.19	-0.12751
52.2	-0.12735
52.21	-0.12731
52.22	-0.12724
52.23	-0.12727
52.24	-0.12731
52.25	-0.12745
52.26	-0.12749
52.27	-0.12758
52.28	-0.12765
52.29	-0.12787
52.3	-0.12807
52.31	-0.12835
52.32	-0.12843
52.33	-0.12858
52.34	-0.12865
52.35	-0.12869
52.36	-0.12862
52.37	-0.12859
52.38	-0.12849
52.39	-0.12841
52.4	-0.1284
52.41	-0.12839
52.42	-0.12852
52.43	-0.12853
52.44	-0.12843
52.45	-0.12828
52.46	-0.12817
52.47	-0.12793
52.48	-0.12765
52.49	-0.1274
52.5	-0.12709
52.51	-0.12688
52.52	-0.12644
52.53	-0.12584
52.54	-0.12535
52.55	-0.12481
52.56	-0.12415
52.57	-0.12356
52.58	-0.12298
52.59	-0.1226
52.6	-0.12213
52.61	-0.12186
52.62	-0.12145
52.63	-0.12115
52.64	-0.12086
52.65	-0.12066
52.66	-0.1205
52.67	-0.1204
52.68	-0.1202
52.69	-0.12005
52.7	-0.11999
52.71	-0.11997
52.72	-0.11987
52.73	-0.11985
52.74	-0.11975
52.75	-0.11958
52.76	-0.11949
52.77	-0.11947
52.78	-0.11947
52.79	-0.11955
52.8	-0.11955
52.81	-0.11956
52.82	-0.11944
52.83	-0.11919
52.84	-0.11885
52.85	-0.11822
52.86	-0.11764
52.87	-0.11702
52.88	-0.11637
52.89	-0.11587
52.9	-0.11542
52.91	-0.11498
52.92	-0.11434
52.93	-0.11369
52.94	-0.1132
52.95	-0.11276
52.96	-0.11244
52.97	-0.11215
52.98	-0.11187
52.99	-0.11166
53	-0.11144
53.01	-0.11099
53.02	-0.11052
53.03	-0.11006
53.04	-0.10965
53.05	-0.10923
53.06	-0.10878
53.07	-0.10832
53.08	-0.10776
53.09	-0.10714
53.1	-0.1066
53.11	-0.10585
53.12	-0.10504
53.13	-0.10426
53.14	-0.10352
53.15	-0.10274
53.16	-0.10211
53.17	-0.10136
53.18	-0.10069
53.19	-0.10001
53.2	-0.099362
53.21	-0.098722
53.22	-0.098086
53.23	-0.097485
53.24	-0.097028
53.25	-0.096492
53.26	-0.095968
53.27	-0.095384
53.28	-0.094772
53.29	-0.094051
53.3	-0.093386
53.31	-0.092802
53.32	-0.092219
53.33	-0.091721
53.34	-0.091347
53.35	-0.091004
53.36	-0.090747
53.37	-0.09039
53.38	-0.090075
53.39	-0.089856
53.4	-0.089646
53.41	-0.089376
53.42	-0.089031
53.43	-0.088747
53.44	-0.088423
53.45	-0.08826
53.46	-0.088022
53.47	-0.087882
53.48	-0.08778
53.49	-0.087557
53.5	-0.087454
53.51	-0.087302
53.52	-0.087146
53.53	-0.08712
53.54	-0.087067
53.55	-0.086935
53.56	-0.086944
53.57	-0.086806
53.58	-0.086644
53.59	-0.086503
53.6	-0.086335
53.61	-0.086208
53.62	-0.08613
53.63	-0.085939
53.64	-0.08571
53.65	-0.085439
53.66	-0.085263
53.67	-0.085115
53.68	-0.084971
53.69	-0.084722
53.7	-0.084477
53.71	-0.08421
53.72	-0.084057
53.73	-0.083821
53.74	-0.083628
53.75	-0.083332
53.76	-0.083004
53.77	-0.082764
53.78	-0.082567
53.79	-0.082392
53.8	-0.082138
53.81	-0.081805
53.82	-0.081558
53.83	-0.081358
53.84	-0.081214
53.85	-0.08111
53.86	-0.080942
53.87	-0.080782
53.88	-0.080491
53.89	-0.080227
53.9	-0.079964
53.91	-0.079644
53.92	-0.079406
53.93	-0.079295
53.94	-0.079085
53.95	-0.078897
53.96	-0.078804
53.97	-0.07867
53.98	-0.078445
53.99	-0.078196
54	-0.077918
54.01	-0.077418
54.02	-0.076912
54.03	-0.076321
54.04	-0.075778
54.05	-0.075202
54.06	-0.074604
54.07	-0.074039
54.08	-0.073345
54.09	-0.072735
54.1	-0.072053
54.11	-0.07149
54.12	-0.070761
54.13	-0.069882
54.14	-0.068841
54.15	-0.067917
54.16	-0.067018
54.17	-0.066164
54.18	-0.065248
54.19	-0.064308
54.2	-0.06352
54.21	-0.062708
54.22	-0.061818
54.23	-0.060942
54.24	-0.060229
54.25	-0.059546
54.26	-0.059038
54.27	-0.058561
54.28	-0.058043
54.29	-0.057448
54.3	-0.056782
54.31	-0.056257
54.32	-0.055574
54.33	-0.055006
54.34	-0.054368
54.35	-0.053817
54.36	-0.053275
54.37	-0.052853
54.38	-0.052419
54.39	-0.052095
54.4	-0.051886
54.41	-0.051727
54.42	-0.051478
54.43	-0.051162
54.44	-0.050956
54.45	-0.050701
54.46	-0.050336
54.47	-0.049902
54.48	-0.049423
54.49	-0.049122
54.5	-0.048885
54.51	-0.04879
54.52	-0.048586
54.53	-0.048264
54.54	-0.04788
54.55	-0.047509
54.56	-0.047193
54.57	-0.047109
54.58	-0.046968
54.59	-0.046838
54.6	-0.04669
54.61	-0.046437
54.62	-0.046155
54.63	-0.045848
54.64	-0.045381
54.65	-0.044945
54.66	-0.044573
54.67	-0.044317
54.68	-0.044148
54.69	-0.043895
54.7	-0.04354
54.71	-0.043083
54.72	-0.042573
54.73	-0.041898
54.74	-0.041167
54.75	-0.040455
54.76	-0.03978
54.77	-0.039132
54.78	-0.038358
54.79	-0.03759
54.8	-0.036882
54.81	-0.036242
54.82	-0.035622
54.83	-0.035089
54.84	-0.034672
54.85	-0.034145
54.86	-0.03355
54.87	-0.033034
54.88	-0.0327
54.89	-0.032452
54.9	-0.0322
54.91	-0.03184
54.92	-0.03162
54.93	-0.031453
54.94	-0.031338
54.95	-0.031183
54.96	-0.03098
54.97	-0.030785
54.98	-0.030632
54.99	-0.030552
55	-0.030491
55.01	-0.030496
55.02	-0.030491
55.03	-0.030362
55.04	-0.03033
55.05	-0.030182
55.06	-0.030006
55.07	-0.029844
55.08	-0.029704
55.09	-0.02947
55.1	-0.029229
55.11	-0.029114
55.12	-0.029002
55.13	-0.028926
55.14	-0.028888
55.15	-0.028893
55.16	-0.02886
55.17	-0.028705
55.18	-0.028604
55.19	-0.028514
55.2	-0.028455
55.21	-0.028409
55.22	-0.028329
55.23	-0.028379
55.24	-0.028367
55.25	-0.028244
55.26	-0.028106
55.27	-0.028122
55.28	-0.028052
55.29	-0.027997
55.3	-0.028046
55.31	-0.028129
55.32	-0.028105
55.33	-0.028027
55.34	-0.027907
55.35	-0.027829
55.36	-0.027789
55.37	-0.027701
55.38	-0.027705
55.39	-0.027809
55.4	-0.02792
55.41	-0.027997
55.42	-0.028162
55.43	-0.028272
55.44	-0.028321
55.45	-0.028328
55.46	-0.028377
55.47	-0.028425
55.48	-0.028426
55.49	-0.028343
55.5	-0.028268
55.51	-0.028297
55.52	-0.028363
55.53	-0.028315
55.54	-0.028116
55.55	-0.027912
55.56	-0.027602
55.57	-0.027205
55.58	-0.026816
55.59	-0.0267
55.6	-0.026612
55.61	-0.026447
55.62	-0.026292
55.63	-0.026092
55.64	-0.025747
55.65	-0.025482
55.66	-0.025251
55.67	-0.024981
55.68	-0.024763
55.69	-0.024529
55.7	-0.024172
55.71	-0.023951
55.72	-0.023739
55.73	-0.023508
55.74	-0.023266
55.75	-0.023141
55.76	-0.023208
55.77	-0.023123
55.78	-0.023123
55.79	-0.023154
55.8	-0.023227
55.81	-0.023276
55.82	-0.023431
55.83	-0.023587
55.84	-0.023781
55.85	-0.023933
55.86	-0.024087
55.87	-0.024155
55.88	-0.024271
55.89	-0.024413
55.9	-0.024564
55.91	-0.024729
55.92	-0.024891
55.93	-0.025043
55.94	-0.025132
55.95	-0.0252
55.96	-0.025241
55.97	-0.025185
55.98	-0.025094
55.99	-0.025015
56	-0.024987
56.01	-0.024894
56.02	-0.024718
56.03	-0.02452
56.04	-0.024267
56.05	-0.024087
56.06	-0.023956
56.07	-0.023963
56.08	-0.024043
56.09	-0.024096
56.1	-0.02404
56.11	-0.023976
56.12	-0.024005
56.13	-0.023859
56.14	-0.023752
56.15	-0.023545
56.16	-0.023429
56.17	-0.023425
56.18	-0.023514
56.19	-0.02359
56.2	-0.023575
56.21	-0.023573
56.22	-0.023655
56.23	-0.023759
56.24	-0.02397
56.25	-0.024161
56.26	-0.02435
56.27	-0.024591
56.28	-0.024792
56.29	-0.025009
56.3	-0.025306
56.31	-0.025597
56.32	-0.025884
56.33	-0.026092
56.34	-0.026293
56.35	-0.02647
56.36	-0.026612
56.37	-0.026851
56.38	-0.027038
56.39	-0.02722
56.4	-0.027494
56.41	-0.027694
56.42	-0.02782
56.43	-0.027897
56.44	-0.027937
56.45	-0.027941
56.46	-0.028044
56.47	-0.028186
56.48	-0.02832
56.49	-0.028394
56.5	-0.028431
56.51	-0.028532
56.52	-0.028631
56.53	-0.028605
56.54	-0.028671
56.55	-0.028597
56.56	-0.028615
56.57	-0.028496
56.58	-0.028393
56.59	-0.028274
56.6	-0.028061
56.61	-0.027925
56.62	-0.027947
56.63	-0.027926
56.64	-0.027937
56.65	-0.027976
56.66	-0.027996
56.67	-0.028079
56.68	-0.028171
56.69	-0.028274
56.7	-0.028337
56.71	-0.028436
56.72	-0.028511
56.73	-0.028484
56.74	-0.028452
56.75	-0.028416
56.76	-0.02831
56.77	-0.028297
56.78	-0.028254
56.79	-0.028238
56.8	-0.028294
56.81	-0.028401
56.82	-0.028572
56.83	-0.028752
56.84	-0.028864
56.85	-0.029055
56.86	-0.029274
56.87	-0.029381
56.88	-0.029595
56.89	-0.029763
56.9	-0.029894
56.91	-0.03005
56.92	-0.030287
56.93	-0.030597
56.94	-0.030849
56.95	-0.031173
56.96	-0.031531
56.97	-0.031839
56.98	-0.032135
56.99	-0.032438
57	-0.032737
57.01	-0.033055
57.02	-0.033494
57.03	-0.034115
57.04	-0.03468
57.05	-0.035118
57.06	-0.035502
57.07	-0.035918
57.08	-0.036268
57.09	-0.036612
57.1	-0.037076
57.11	-0.037317
57.12	-0.037525
57.13	-0.037667
57.14	-0.037733
57.15	-0.037716
57.16	-0.037615
57.17	-0.037523
57.18	-0.037493
57.19	-0.037551
57.2	-0.037637
57.21	-0.037859
57.22	-0.037998
57.23	-0.038264
57.24	-0.038503
57.25	-0.03865
57.26	-0.038745
57.27	-0.038924
57.28	-0.039042
57.29	-0.03909
57.3	-0.039132
57.31	-0.039193
57.32	-0.039298
57.33	-0.039402
57.34	-0.039506
57.35	-0.039518
57.36	-0.03949
57.37	-0.039472
57.38	-0.039477
57.39	-0.039396
57.4	-0.039217
57.41	-0.03914
57.42	-0.039064
57.43	-0.039086
57.44	-0.038995
57.45	-0.038821
57.46	-0.03859
57.47	-0.038354
57.48	-0.038059
57.49	-0.037706
57.5	-0.037434
57.51	-0.0371
57.52	-0.036762
57.53	-0.03637
57.54	-0.035904
57.55	-0.035487
57.56	-0.035009
57.57	-0.034539
57.58	-0.034118
57.59	-0.033688
57.6	-0.033366
57.61	-0.03304
57.62	-0.032767
57.63	-0.032579
57.64	-0.032443
57.65	-0.032288
57.66	-0.032268
57.67	-0.032263
57.68	-0.032295
57.69	-0.032289
57.7	-0.032232
57.71	-0.032256
57.72	-0.032321
57.73	-0.032477
57.74	-0.032741
57.75	-0.033147
57.76	-0.033521
57.77	-0.033911
57.78	-0.034148
57.79	-0.034446
57.8	-0.03481
57.81	-0.035178
57.82	-0.03554
57.83	-0.035879
57.84	-0.036048
57.85	-0.036214
57.86	-0.036371
57.87	-0.036502
57.88	-0.036496
57.89	-0.036467
57.9	-0.036368
57.91	-0.036283
57.92	-0.036158
57.93	-0.035974
57.94	-0.035802
57.95	-0.03564
57.96	-0.035649
57.97	-0.035709
57.98	-0.035768
57.99	-0.035819
58	-0.035878
58.01	-0.035873
58.02	-0.035863
58.03	-0.035834
58.04	-0.035826
58.05	-0.035878
58.06	-0.035926
58.07	-0.035959
58.08	-0.036088
58.09	-0.036251
58.1	-0.036403
58.11	-0.03657
58.12	-0.036673
58.13	-0.036864
58.14	-0.037176
58.15	-0.037416
58.16	-0.037702
58.17	-0.038126
58.18	-0.038564
58.19	-0.038937
58.2	-0.039441
58.21	-0.039899
58.22	-0.04037
58.23	-0.040957
58.24	-0.041507
58.25	-0.042035
58.26	-0.042419
58.27	-0.042737
58.28	-0.043044
58.29	-0.043283
58.3	-0.04354
58.31	-0.04379
58.32	-0.04404
58.33	-0.044302
58.34	-0.044619
58.35	-0.044866
58.36	-0.045166
58.37	-0.045495
58.38	-0.045841
58.39	-0.046003
58.4	-0.046143
58.41	-0.046285
58.42	-0.046307
58.43	-0.046263
58.44	-0.04627
58.45	-0.046375
58.46	-0.046404
58.47	-0.046494
58.48	-0.04657
58.49	-0.046667
58.5	-0.046704
58.51	-0.046684
58.52	-0.046629
58.53	-0.04652
58.54	-0.046504
58.55	-0.046672
58.56	-0.046889
58.57	-0.046948
58.58	-0.047016
58.59	-0.047148
58.6	-0.047261
58.61	-0.047397
58.62	-0.047643
58.63	-0.047919
58.64	-0.048273
58.65	-0.048705
58.66	-0.049173
58.67	-0.049586
58.68	-0.050033
58.69	-0.050571
58.7	-0.051012
58.71	-0.051451
58.72	-0.051879
58.73	-0.052292
58.74	-0.052747
58.75	-0.053094
58.76	-0.05341
58.77	-0.053786
58.78	-0.054043
58.79	-0.054238
58.8	-0.054453
58.81	-0.05463
58.82	-0.054857
58.83	-0.055105
58.84	-0.055283
58.85	-0.055422
58.86	-0.055529
58.87	-0.05567
58.88	-0.055785
58.89	-0.05587
58.9	-0.056057
58.91	-0.056109
58.92	-0.056145
58.93	-0.056172
58.94	-0.05608
58.95	-0.055915
58.96	-0.055742
58.97	-0.055594
58.98	-0.055452
58.99	-0.055342
59	-0.055158
59.01	-0.054836
59.02	-0.05457
59.03	-0.054423
59.04	-0.054257
59.05	-0.054099
59.06	-0.054039
59.07	-0.054042
59.08	-0.054131
59.09	-0.054211
59.1	-0.054172
59.11	-0.054035
59.12	-0.053777
59.13	-0.053501
59.14	-0.053343
59.15	-0.05327
59.16	-0.053299
59.17	-0.05331
59.18	-0.053452
59.19	-0.053552
59.2	-0.053635
59.21	-0.053748
59.22	-0.053884
59.23	-0.053986
59.24	-0.054225
59.25	-0.054491
59.26	-0.054795
59.27	-0.055223
59.28	-0.055722
59.29	-0.056224
59.3	-0.056692
59.31	-0.057221
59.32	-0.057697
59.33	-0.058153
59.34	-0.058618
59.35	-0.059073
59.36	-0.059485
59.37	-0.059817
59.38	-0.060165
59.39	-0.060532
59.4	-0.060946
59.41	-0.061311
59.42	-0.061532
59.43	-0.061721
59.44	-0.062001
59.45	-0.062228
59.46	-0.062352
59.47	-0.06245
59.48	-0.06254
59.49	-0.06259
59.5	-0.062609
59.51	-0.062556
59.52	-0.062504
59.53	-0.062463
59.54	-0.062482
59.55	-0.062555
59.56	-0.062668
59.57	-0.062681
59.58	-0.062754
59.59	-0.062756
59.6	-0.062927
59.61	-0.063176
59.62	-0.063413
59.63	-0.063761
59.64	-0.064128
59.65	-0.064597
59.66	-0.065009
59.67	-0.065373
59.68	-0.065725
59.69	-0.066113
59.7	-0.066412
59.71	-0.066743
59.72	-0.06707
59.73	-0.067433
59.74	-0.06787
59.75	-0.068368
59.76	-0.068878
59.77	-0.06941
59.78	-0.069924
59.79	-0.070551
59.8	-0.071176
59.81	-0.071811
59.82	-0.072278
59.83	-0.072785
59.84	-0.07316
59.85	-0.07352
59.86	-0.073965
59.87	-0.074422
59.88	-0.074835
59.89	-0.07518
59.9	-0.075568
59.91	-0.075918
59.92	-0.076212
59.93	-0.076447
59.94	-0.076619
59.95	-0.076717
59.96	-0.076919
59.97	-0.077061
59.98	-0.077232
59.99	-0.077453
60	-0.077599
60.01	-0.077701
60.02	-0.077945
60.03	-0.078165
60.04	-0.078376
60.05	-0.078702
60.06	-0.078918
60.07	-0.079157
60.08	-0.079364
60.09	-0.079601
60.1	-0.079827
60.11	-0.080054
60.12	-0.08025
60.13	-0.080463
60.14	-0.080742
60.15	-0.081108
60.16	-0.081488
60.17	-0.081936
60.18	-0.082305
60.19	-0.082806
60.2	-0.083292
60.21	-0.083804
60.22	-0.08429
60.23	-0.084891
60.24	-0.085545
60.25	-0.086255
60.26	-0.086811
60.27	-0.087315
60.28	-0.087785
60.29	-0.088118
60.3	-0.088396
60.31	-0.088713
60.32	-0.088959
60.33	-0.089108
60.34	-0.089287
60.35	-0.089394
60.36	-0.089375
60.37	-0.089429
60.38	-0.08944
60.39	-0.089524
60.4	-0.089548
60.41	-0.089537
60.42	-0.089571
60.43	-0.089598
60.44	-0.089628
60.45	-0.089591
60.46	-0.089581
60.47	-0.089624
60.48	-0.089736
60.49	-0.089823
60.5	-0.089981
60.51	-0.090287
60.52	-0.09057
60.53	-0.090774
60.54	-0.090952
60.55	-0.091145
60.56	-0.091431
60.57	-0.091786
60.58	-0.092165
60.59	-0.09254
60.6	-0.092873
60.61	-0.093175
60.62	-0.093389
60.63	-0.093626
60.64	-0.093924
60.65	-0.094183
60.66	-0.094462
60.67	-0.094749
60.68	-0.09512
60.69	-0.095459
60.7	-0.095745
60.71	-0.096123
60.72	-0.096439
60.73	-0.096754
60.74	-0.097045
60.75	-0.097366
60.76	-0.097663
60.77	-0.097903
60.78	-0.098214
60.79	-0.098538
60.8	-0.098855
60.81	-0.099155
60.82	-0.099524
60.83	-0.099979
60.84	-0.10034
60.85	-0.10062
60.86	-0.10098
60.87	-0.10127
60.88	-0.10164
60.89	-0.10196
60.9	-0.10225
60.91	-0.10241
60.92	-0.10259
60.93	-0.10273
60.94	-0.10282
60.95	-0.10288
60.96	-0.10295
60.97	-0.10295
60.98	-0.10305
60.99	-0.10317
61	-0.10326
61.01	-0.10337
61.02	-0.10353
61.03	-0.10361
61.04	-0.10373
61.05	-0.10385
61.06	-0.10399
61.07	-0.10401
61.08	-0.1041
61.09	-0.10417
61.1	-0.10421
61.11	-0.10421
61.12	-0.10424
61.13	-0.10429
61.14	-0.10426
61.15	-0.10421
61.16	-0.10418
61.17	-0.10408
61.18	-0.1041
61.19	-0.10414
61.2	-0.10426
61.21	-0.10426
61.22	-0.10435
61.23	-0.10442
61.24	-0.10453
61.25	-0.10462
61.26	-0.10474
61.27	-0.10488
61.28	-0.10508
61.29	-0.10536
61.3	-0.10561
61.31	-0.10592
61.32	-0.10621
61.33	-0.1065
61.34	-0.10683
61.35	-0.1071
61.36	-0.10733
61.37	-0.10753
61.38	-0.10769
61.39	-0.10782
61.4	-0.1078
61.41	-0.10782
61.42	-0.10788
61.43	-0.10786
61.44	-0.10784
61.45	-0.10776
61.46	-0.10769
61.47	-0.10767
61.48	-0.10767
61.49	-0.10772
61.5	-0.10781
61.51	-0.10784
61.52	-0.10774
61.53	-0.10768
61.54	-0.10759
61.55	-0.10749
61.56	-0.1074
61.57	-0.10725
61.58	-0.10712
61.59	-0.10704
61.6	-0.10704
61.61	-0.10697
61.62	-0.10692
61.63	-0.10698
61.64	-0.10706
61.65	-0.10715
61.66	-0.10729
61.67	-0.10742
61.68	-0.10757
61.69	-0.10777
61.7	-0.10803
61.71	-0.10823
61.72	-0.1085
61.73	-0.10879
61.74	-0.10915
61.75	-0.10955
61.76	-0.10982
61.77	-0.11007
61.78	-0.1103
61.79	-0.11051
61.8	-0.11069
61.81	-0.1108
61.82	-0.11101
61.83	-0.11126
61.84	-0.11145
61.85	-0.11155
61.86	-0.11168
61.87	-0.1118
61.88	-0.11195
61.89	-0.11213
61.9	-0.11228
61.91	-0.11248
61.92	-0.11267
61.93	-0.11288
61.94	-0.11294
61.95	-0.11299
61.96	-0.11303
61.97	-0.11297
61.98	-0.11282
61.99	-0.11272
62	-0.11259
62.01	-0.11248
62.02	-0.11239
62.03	-0.11233
62.04	-0.11229
62.05	-0.11228
62.06	-0.11227
62.07	-0.11237
62.08	-0.11249
62.09	-0.11261
62.1	-0.1127
62.11	-0.11282
62.12	-0.11287
62.13	-0.11286
62.14	-0.11292
62.15	-0.11302
62.16	-0.11308
62.17	-0.11307
62.18	-0.11309
62.19	-0.1132
62.2	-0.11333
62.21	-0.11358
62.22	-0.11387
62.23	-0.11415
62.24	-0.11437
62.25	-0.11455
62.26	-0.11468
62.27	-0.11474
62.28	-0.11485
62.29	-0.11485
62.3	-0.11482
62.31	-0.11477
62.32	-0.11476
62.33	-0.11477
62.34	-0.11481
62.35	-0.11492
62.36	-0.11502
62.37	-0.11512
62.38	-0.11519
62.39	-0.11533
62.4	-0.11549
62.41	-0.11557
62.42	-0.1156
62.43	-0.11567
62.44	-0.1158
62.45	-0.11594
62.46	-0.11606
62.47	-0.11614
62.48	-0.11609
62.49	-0.116
62.5	-0.11595
62.51	-0.11587
62.52	-0.11582
62.53	-0.11581
62.54	-0.11587
62.55	-0.1158
62.56	-0.11573
62.57	-0.11567
62.58	-0.11557
62.59	-0.11545
62.6	-0.11541
62.61	-0.11536
62.62	-0.11526
62.63	-0.11528
62.64	-0.11528
62.65	-0.1153
62.66	-0.11531
62.67	-0.1153
62.68	-0.11525
62.69	-0.1152
62.7	-0.11519
62.71	-0.11524
62.72	-0.11524
62.73	-0.11517
62.74	-0.11515
62.75	-0.11501
62.76	-0.11487
62.77	-0.11477
62.78	-0.11474
62.79	-0.11464
62.8	-0.11463
62.81	-0.1146
62.82	-0.11462
62.83	-0.1146
62.84	-0.11455
62.85	-0.11451
62.86	-0.11447
62.87	-0.11433
62.88	-0.1142
62.89	-0.11396
62.9	-0.11373
62.91	-0.11345
62.92	-0.11328
62.93	-0.11302
62.94	-0.11279
62.95	-0.11253
62.96	-0.11219
62.97	-0.11191
62.98	-0.1116
62.99	-0.11127
63	-0.11087
63.01	-0.11057
63.02	-0.11028
63.03	-0.10997
63.04	-0.10969
63.05	-0.10941
63.06	-0.10914
63.07	-0.1088
63.08	-0.10844
63.09	-0.1082
63.1	-0.10798
63.11	-0.10783
63.12	-0.10762
63.13	-0.10738
63.14	-0.10712
63.15	-0.10686
63.16	-0.10666
63.17	-0.10647
63.18	-0.10619
63.19	-0.10589
63.2	-0.1056
63.21	-0.10535
63.22	-0.10508
63.23	-0.10493
63.24	-0.10476
63.25	-0.10459
63.26	-0.10443
63.27	-0.10429
63.28	-0.10414
63.29	-0.10395
63.3	-0.10377
63.31	-0.10359
63.32	-0.10339
63.33	-0.10319
63.34	-0.10299
63.35	-0.10277
63.36	-0.10254
63.37	-0.10227
63.38	-0.10199
63.39	-0.10166
63.4	-0.10133
63.41	-0.10112
63.42	-0.10093
63.43	-0.1008
63.44	-0.10064
63.45	-0.10045
63.46	-0.10029
63.47	-0.099993
63.48	-0.099698
63.49	-0.09942
63.5	-0.09904
63.51	-0.098729
63.52	-0.098343
63.53	-0.097982
63.54	-0.097647
63.55	-0.097318
63.56	-0.096954
63.57	-0.09659
63.58	-0.096215
63.59	-0.09584
63.6	-0.09545
63.61	-0.095145
63.62	-0.094852
63.63	-0.094554
63.64	-0.094274
63.65	-0.094081
63.66	-0.093886
63.67	-0.093761
63.68	-0.093611
63.69	-0.093467
63.7	-0.093388
63.71	-0.093264
63.72	-0.093159
63.73	-0.093101
63.74	-0.093001
63.75	-0.092977
63.76	-0.092923
63.77	-0.092823
63.78	-0.092579
63.79	-0.092366
63.8	-0.092248
63.81	-0.092007
63.82	-0.091709
63.83	-0.091332
63.84	-0.090925
63.85	-0.090503
63.86	-0.09008
63.87	-0.089656
63.88	-0.089285
63.89	-0.088958
63.9	-0.0886
63.91	-0.088212
63.92	-0.087814
63.93	-0.087379
63.94	-0.086976
63.95	-0.086584
63.96	-0.086155
63.97	-0.085724
63.98	-0.085265
63.99	-0.084788
64	-0.08436
64.01	-0.083949
64.02	-0.083593
64.03	-0.083223
64.04	-0.082908
64.05	-0.082692
64.06	-0.082516
64.07	-0.082337
64.08	-0.082121
64.09	-0.081783
64.1	-0.081367
64.11	-0.080999
64.12	-0.080683
64.13	-0.080357
64.14	-0.08009
64.15	-0.079783
64.16	-0.079448
64.17	-0.079109
64.18	-0.078802
64.19	-0.078588
64.2	-0.078346
64.21	-0.07814
64.22	-0.077963
64.23	-0.07778
64.24	-0.07771
64.25	-0.077638
64.26	-0.077539
64.27	-0.077432
64.28	-0.07734
64.29	-0.077202
64.3	-0.077062
64.31	-0.076937
64.32	-0.076737
64.33	-0.076505
64.34	-0.076323
64.35	-0.076088
64.36	-0.075896
64.37	-0.075648
64.38	-0.07531
64.39	-0.074974
64.4	-0.07468
64.41	-0.074301
64.42	-0.073939
64.43	-0.073618
64.44	-0.073293
64.45	-0.072979
64.46	-0.072711
64.47	-0.07239
64.48	-0.072067
64.49	-0.071687
64.5	-0.071306
64.51	-0.070885
64.52	-0.070477
64.53	-0.070036
64.54	-0.06955
64.55	-0.069091
64.56	-0.068704
64.57	-0.068181
64.58	-0.067694
64.59	-0.067211
64.6	-0.066734
64.61	-0.066308
64.62	-0.065878
64.63	-0.065423
64.64	-0.064956
64.65	-0.064511
64.66	-0.064124
64.67	-0.063709
64.68	-0.063304
64.69	-0.062881
64.7	-0.062416
64.71	-0.061997
64.72	-0.061564
64.73	-0.06117
64.74	-0.060723
64.75	-0.060349
64.76	-0.059963
64.77	-0.059649
64.78	-0.059283
64.79	-0.058847
64.8	-0.058379
64.81	-0.057983
64.82	-0.057589
64.83	-0.057159
64.84	-0.056811
64.85	-0.056477
64.86	-0.056159
64.87	-0.055828
64.88	-0.055465
64.89	-0.0551
64.9	-0.054685
64.91	-0.054277
64.92	-0.053864
64.93	-0.053397
64.94	-0.052938
64.95	-0.052499
64.96	-0.05203
64.97	-0.05156
64.98	-0.051021
64.99	-0.050472
65	-0.049992
65.01	-0.049514
65.02	-0.049061
65.03	-0.04861
65.04	-0.048194
65.05	-0.047735
65.06	-0.0473
65.07	-0.046901
65.08	-0.046504
65.09	-0.046111
65.1	-0.045721
65.11	-0.045425
65.12	-0.045147
65.13	-0.044823
65.14	-0.044581
65.15	-0.044328
65.16	-0.04406
65.17	-0.043809
65.18	-0.043614
65.19	-0.043484
65.2	-0.04339
65.21	-0.043309
65.22	-0.043249
65.23	-0.043183
65.24	-0.043116
65.25	-0.043045
65.26	-0.042934
65.27	-0.04282
65.28	-0.042707
65.29	-0.042648
65.3	-0.042529
65.31	-0.042411
65.32	-0.042256
65.33	-0.042106
65.34	-0.041912
65.35	-0.041681
65.36	-0.041475
65.37	-0.041292
65.38	-0.041067
65.39	-0.040778
65.4	-0.040568
65.41	-0.04029
65.42	-0.039961
65.43	-0.039696
65.44	-0.039417
65.45	-0.039149
65.46	-0.038907
65.47	-0.038658
65.48	-0.0384
65.49	-0.038119
65.5	-0.037814
65.51	-0.037464
65.52	-0.037044
65.53	-0.036612
65.54	-0.036144
65.55	-0.035723
65.56	-0.035278
65.57	-0.034838
65.58	-0.034457
65.59	-0.034032
65.6	-0.033627
65.61	-0.033202
65.62	-0.032876
65.63	-0.032533
65.64	-0.032203
65.65	-0.031885
65.66	-0.031541
65.67	-0.03121
65.68	-0.030912
65.69	-0.030627
65.7	-0.030381
65.71	-0.030126
65.72	-0.029893
65.73	-0.029612
65.74	-0.029379
65.75	-0.029148
65.76	-0.028894
65.77	-0.028673
65.78	-0.028469
65.79	-0.028248
65.8	-0.02795
65.81	-0.027673
65.82	-0.027414
65.83	-0.027152
65.84	-0.026897
65.85	-0.026693
65.86	-0.026488
65.87	-0.026275
65.88	-0.026056
65.89	-0.025816
65.9	-0.025591
65.91	-0.025404
65.92	-0.025149
65.93	-0.024893
65.94	-0.024666
65.95	-0.024465
65.96	-0.024222
65.97	-0.023952
65.98	-0.023709
65.99	-0.023467
66	-0.023201
66.01	-0.022964
66.02	-0.022732
66.03	-0.022536
66.04	-0.022314
66.05	-0.022045
66.06	-0.021819
66.07	-0.021619
66.08	-0.021493
66.09	-0.021303
66.1	-0.021098
66.11	-0.020881
66.12	-0.020633
66.13	-0.02045
66.14	-0.020278
66.15	-0.020104
66.16	-0.019947
66.17	-0.019852
66.18	-0.019732
66.19	-0.019587
66.2	-0.019476
66.21	-0.019238
66.22	-0.018996
66.23	-0.018811
66.24	-0.0186
66.25	-0.018408
66.26	-0.018212
66.27	-0.018013
66.28	-0.017785
66.29	-0.017557
66.3	-0.017306
66.31	-0.017068
66.32	-0.016864
66.33	-0.016652
66.34	-0.016435
66.35	-0.016247
66.36	-0.016049
66.37	-0.015844
66.38	-0.015562
66.39	-0.015307
66.4	-0.015065
66.41	-0.014791
66.42	-0.014557
66.43	-0.014373
66.44	-0.014123
66.45	-0.013938
66.46	-0.013788
66.47	-0.013669
66.48	-0.013535
66.49	-0.013436
66.5	-0.013317
66.51	-0.013164
66.52	-0.013052
66.53	-0.012909
66.54	-0.012722
66.55	-0.012525
66.56	-0.012329
66.57	-0.012196
66.58	-0.011993
66.59	-0.011892
66.6	-0.011765
66.61	-0.011616
66.62	-0.011471
66.63	-0.011329
66.64	-0.011181
66.65	-0.011036
66.66	-0.010972
66.67	-0.010894
66.68	-0.010838
66.69	-0.010767
66.7	-0.010669
66.71	-0.010594
66.72	-0.010507
66.73	-0.010359
66.74	-0.01025
66.75	-0.010097
66.76	-0.01
66.77	-0.0098496
66.78	-0.0097836
66.79	-0.0096924
66.8	-0.0095517
66.81	-0.0094737
66.82	-0.0093314
66.83	-0.0092084
66.84	-0.0090811
66.85	-0.0088767
66.86	-0.0086399
66.87	-0.0084533
66.88	-0.0082745
66.89	-0.0080436
66.9	-0.0078652
66.91	-0.0077017
66.92	-0.0075937
66.93	-0.0074606
66.94	-0.007306
66.95	-0.0071361
66.96	-0.0070089
66.97	-0.0069022
66.98	-0.0068138
66.99	-0.0067534
67	-0.0067177
67.01	-0.0067259
67.02	-0.0066775
67.03	-0.0066217
67.04	-0.0065308
67.05	-0.0064112
67.06	-0.0063325
67.07	-0.00623
67.08	-0.0061525
67.09	-0.0060715
67.1	-0.0060001
67.11	-0.0059334
67.12	-0.0058617
67.13	-0.0057897
67.14	-0.0056569
67.15	-0.0054964
67.16	-0.0053742
67.17	-0.0052505
67.18	-0.0051017
67.19	-0.0049573
67.2	-0.0048545
67.21	-0.0047072
67.22	-0.0045721
67.23	-0.0044851
67.24	-0.0043656
67.25	-0.0042011
67.26	-0.004047
67.27	-0.0039389
67.28	-0.0038722
67.29	-0.003792
67.3	-0.0037633
67.31	-0.0036723
67.32	-0.0036042
67.33	-0.0035499
67.34	-0.0034402
67.35	-0.0033191
67.36	-0.0031497
67.37	-0.00306
67.38	-0.0029199
67.39	-0.0028001
67.4	-0.0026739
67.41	-0.002535
67.42	-0.0024611
67.43	-0.0023784
67.44	-0.0022567
67.45	-0.0020903
67.46	-0.00196
67.47	-0.0018263
67.48	-0.0017171
67.49	-0.0016262
67.5	-0.0015352
67.51	-0.0014836
67.52	-0.0014238
67.53	-0.0013552
67.54	-0.0013108
67.55	-0.0012755
67.56	-0.0012027
67.57	-0.0011298
67.58	-0.0010756
67.59	-0.0010636
67.6	-0.0010287
67.61	-0.0010057
67.62	-0.00098884
67.63	-0.00091299
67.64	-0.00082918
67.65	-0.00078146
67.66	-0.00072158
67.67	-0.00065662
67.68	-0.00063762
67.69	-0.00065279
67.7	-0.00066911
67.71	-0.00068936
67.72	-0.00067745
67.73	-0.0006583
67.74	-0.00064783
67.75	-0.00065337
67.76	-0.00063411
67.77	-0.00059279
67.78	-0.00056774
67.79	-0.00052412
67.8	-0.0004607
67.81	-0.00045637
67.82	-0.0004343
67.83	-0.00041624
67.84	-0.00038424
67.85	-0.00033845
67.86	-0.00030687
67.87	-0.00031019
67.88	-0.00027895
67.89	-0.00022538
67.9	-0.00023417
67.91	-0.00025188
67.92	-0.00025395
67.93	-0.00028281
67.94	-0.00028543
67.95	-0.00027882
67.96	-0.00026512
67.97	-0.00025487
67.98	-0.00026011
67.99	-0.00026801
68	-0.0002744
68.01	-0.00028403
68.02	-0.00027284
68.03	-0.00024935
68.04	-0.00020519
68.05	-0.00013865
68.06	-1.2284e-05
68.07	8.9782e-05
68.08	0.00023762
68.09	0.0003759
68.1	0.00049631
68.11	0.00062082
68.12	0.00076592
68.13	0.00086507
68.14	0.00094746
68.15	0.00099346
68.16	0.0010582
68.17	0.0011065
68.18	0.0011262
68.19	0.0011775
68.2	0.0012315
68.21	0.0012726
68.22	0.0012983
68.23	0.0013244
68.24	0.0013662
68.25	0.0013855
68.26	0.0014338
68.27	0.0014263
68.28	0.0014304
68.29	0.0014373
68.3	0.0014491
68.31	0.0014641
68.32	0.0014162
68.33	0.0014235
68.34	0.0013977
68.35	0.0013786
68.36	0.0013567
68.37	0.0013207
68.38	0.0013043
68.39	0.0012407
68.4	0.0011661
68.41	0.0010853
68.42	0.0010231
68.43	0.00099015
68.44	0.00093987
68.45	0.00090186
68.46	0.00087298
68.47	0.00084703
68.48	0.00079947
68.49	0.00070937
68.5	0.00067427
68.51	0.00062704
68.52	0.00054205
68.53	0.00051839
68.54	0.00046506
68.55	0.00042153
68.56	0.00030872
68.57	0.00020747
68.58	9.548e-05
68.59	-1.0023e-05
68.6	-0.00010388
68.61	-0.00016256
68.62	-0.0002237
68.63	-0.00028221
68.64	-0.00033155
68.65	-0.000348
68.66	-0.0003674
68.67	-0.00038505
68.68	-0.00040917
68.69	-0.00045737
68.7	-0.00041702
68.71	-0.00040912
68.72	-0.00039943
68.73	-0.00037629
68.74	-0.00032913
68.75	-0.00026257
68.76	-0.00020845
68.77	-0.00014252
68.78	-9.4903e-05
68.79	-6.1892e-06
68.8	4.029e-05
68.81	7.521e-05
68.82	0.0001593
68.83	0.00024027
68.84	0.00032461
68.85	0.00039224
68.86	0.0004697
68.87	0.00056115
68.88	0.00063314
68.89	0.00072444
68.9	0.00080401
68.91	0.00087196
68.92	0.0009398
68.93	0.00098215
68.94	0.0010344
68.95	0.0010958
68.96	0.0011421
68.97	0.0011982
68.98	0.0012054
68.99	0.0012651
69	0.0012746
69.01	0.0012647
69.02	0.0012789
69.03	0.0013067
69.04	0.0013572
69.05	0.0013931
69.06	0.0014313
69.07	0.001434
69.08	0.0014546
69.09	0.0014583
69.1	0.0014384
69.11	0.0014246
69.12	0.0014008
69.13	0.0013692
69.14	0.0013567
69.15	0.0013513
69.16	0.0013337
69.17	0.0012852
69.18	0.001263
69.19	0.0012557
69.2	0.001229
69.21	0.0011962
69.22	0.0011425
69.23	0.0011172
69.24	0.0011274
69.25	0.0011246
69.26	0.0010713
69.27	0.0010147
69.28	0.0010034
69.29	0.00098765
69.3	0.0009383
69.31	0.00089393
69.32	0.00082068
69.33	0.00075536
69.34	0.00070606
69.35	0.000663
69.36	0.00062849
69.37	0.00062151
69.38	0.00057895
69.39	0.00054504
69.4	0.00050934
69.41	0.00050254
69.42	0.00045905
69.43	0.00042057
69.44	0.00039858
69.45	0.00038882
69.46	0.00035933
69.47	0.00031706
69.48	0.00028901
69.49	0.00024988
69.5	0.00019948
69.51	0.00014475
69.52	8.9967e-05
69.53	5.437e-05
69.54	2.1026e-05
69.55	-1.7139e-05
69.56	-3.029e-05
69.57	-5.3513e-05
69.58	-5.6002e-05
69.59	-4.5328e-05
69.6	-2.7957e-05
69.61	3.5541e-07
69.62	3.1148e-05
69.63	7.7001e-05
69.64	9.0376e-05
69.65	0.00014231
69.66	0.0001698
69.67	0.00019123
69.68	0.00018898
69.69	0.00020076
69.7	0.00019975
69.71	0.0001587
69.72	0.00011439
69.73	7.1947e-05
69.74	5.4337e-05
69.75	4.1196e-05
69.76	4.3935e-05
69.77	4.8274e-05
69.78	7.2595e-05
69.79	7.5536e-05
69.8	7.7467e-05
69.81	6.1532e-05
69.82	7.9963e-05
69.83	8.0089e-05
69.84	5.8032e-05
69.85	6.2032e-05
69.86	5.6542e-05
69.87	5.814e-05
69.88	4.6338e-05
69.89	2.8842e-05
69.9	-1.4558e-06
69.91	-2.4e-05
69.92	-5.768e-05
69.93	-9.0991e-05
69.94	-9.0337e-05
69.95	-8.2931e-05
69.96	-7.874e-05
69.97	-6.7999e-05
69.98	-3.9272e-05
69.99	-1.3218e-05
