0	-0.58507	-0.58507
0.01	-0.58494	-0.58501
0.02	-0.58444	-0.58498
0.03	-0.5839	-0.58471
0.04	-0.583	-0.58393
0.05	-0.58184	-0.58317
0.06	-0.58048	-0.58233
0.07	-0.57899	-0.58152
0.08	-0.57727	-0.58083
0.09	-0.57568	-0.57999
0.1	-0.57391	-0.57922
0.11	-0.57217	-0.57824
0.12	-0.57058	-0.57717
0.13	-0.5689	-0.576
0.14	-0.56685	-0.57498
0.15	-0.56457	-0.57384
0.16	-0.56202	-0.57247
0.17	-0.55963	-0.57091
0.18	-0.557	-0.56909
0.19	-0.55422	-0.56745
0.2	-0.55135	-0.5654
0.21	-0.54827	-0.56368
0.22	-0.54526	-0.56217
0.23	-0.54248	-0.56047
0.24	-0.53953	-0.55891
0.25	-0.53641	-0.55721
0.26	-0.53332	-0.55559
0.27	-0.52986	-0.55416
0.28	-0.52624	-0.55274
0.29	-0.52251	-0.55093
0.3	-0.51889	-0.54921
0.31	-0.51534	-0.54744
0.32	-0.51153	-0.54593
0.33	-0.50766	-0.54453
0.34	-0.50373	-0.54324
0.35	-0.49976	-0.54192
0.36	-0.49556	-0.54088
0.37	-0.49136	-0.5397
0.38	-0.48692	-0.53835
0.39	-0.48274	-0.53699
0.4	-0.47855	-0.53571
0.41	-0.47468	-0.5345
0.42	-0.4708	-0.53334
0.43	-0.46719	-0.53184
0.44	-0.46347	-0.53047
0.45	-0.45971	-0.52883
0.46	-0.45615	-0.52727
0.47	-0.45226	-0.52543
0.48	-0.44833	-0.5235
0.49	-0.44425	-0.52174
0.5	-0.44018	-0.52006
0.51	-0.43635	-0.51795
0.52	-0.4322	-0.51582
0.53	-0.42784	-0.51347
0.54	-0.42342	-0.51134
0.55	-0.41929	-0.50935
0.56	-0.41529	-0.50708
0.57	-0.41132	-0.50475
0.58	-0.40706	-0.50236
0.59	-0.40267	-0.50033
0.6	-0.39842	-0.49834
0.61	-0.39414	-0.4962
0.62	-0.3899	-0.49399
0.63	-0.38538	-0.49161
0.64	-0.38081	-0.4894
0.65	-0.37622	-0.48737
0.66	-0.37167	-0.48523
0.67	-0.36727	-0.48303
0.68	-0.36274	-0.4808
0.69	-0.35825	-0.47834
0.7	-0.35376	-0.47558
0.71	-0.34946	-0.47304
0.72	-0.34526	-0.47017
0.73	-0.34118	-0.46707
0.74	-0.33699	-0.46387
0.75	-0.33301	-0.46049
0.76	-0.329	-0.45714
0.77	-0.32517	-0.45408
0.78	-0.32156	-0.45123
0.79	-0.31756	-0.44863
0.8	-0.31384	-0.44597
0.81	-0.30998	-0.44357
0.82	-0.30592	-0.44127
0.83	-0.30188	-0.43896
0.84	-0.29774	-0.43653
0.85	-0.2937	-0.43411
0.86	-0.28973	-0.4314
0.87	-0.28556	-0.42849
0.88	-0.2813	-0.42597
0.89	-0.27669	-0.42344
0.9	-0.27208	-0.42085
0.91	-0.2676	-0.41822
0.92	-0.26321	-0.4156
0.93	-0.25883	-0.41273
0.94	-0.25429	-0.40988
0.95	-0.24973	-0.40704
0.96	-0.24534	-0.40429
0.97	-0.24116	-0.40159
0.98	-0.23707	-0.39879
0.99	-0.23321	-0.39621
1	-0.2295	-0.39373
1.01	-0.22618	-0.39138
1.02	-0.22273	-0.38907
1.03	-0.21943	-0.38681
1.04	-0.21589	-0.3847
1.05	-0.2127	-0.38255
1.06	-0.20936	-0.38038
1.07	-0.20627	-0.37816
1.08	-0.2032	-0.37584
1.09	-0.2003	-0.3735
1.1	-0.19709	-0.3711
1.11	-0.1939	-0.36862
1.12	-0.19054	-0.3662
1.13	-0.18737	-0.36389
1.14	-0.18415	-0.36153
1.15	-0.18102	-0.35911
1.16	-0.17812	-0.35665
1.17	-0.17517	-0.35419
1.18	-0.17225	-0.35164
1.19	-0.16909	-0.34895
1.2	-0.16603	-0.34613
1.21	-0.16318	-0.34318
1.22	-0.16007	-0.3401
1.23	-0.15688	-0.33683
1.24	-0.15379	-0.33359
1.25	-0.15063	-0.33026
1.26	-0.14721	-0.32708
1.27	-0.14371	-0.32374
1.28	-0.14015	-0.32005
1.29	-0.13666	-0.31657
1.3	-0.13321	-0.31296
1.31	-0.12976	-0.30914
1.32	-0.12643	-0.30523
1.33	-0.12328	-0.30152
1.34	-0.12032	-0.2978
1.35	-0.11692	-0.29402
1.36	-0.1136	-0.29014
1.37	-0.11031	-0.2866
1.38	-0.10707	-0.28309
1.39	-0.10389	-0.27933
1.4	-0.10087	-0.27532
1.41	-0.097877	-0.27123
1.42	-0.09492	-0.26722
1.43	-0.091993	-0.26348
1.44	-0.089106	-0.25962
1.45	-0.086105	-0.25593
1.46	-0.083449	-0.25204
1.47	-0.080613	-0.24784
1.48	-0.077696	-0.24341
1.49	-0.074965	-0.2391
1.5	-0.072424	-0.23488
1.51	-0.069847	-0.23046
1.52	-0.067219	-0.22598
1.53	-0.064572	-0.22173
1.54	-0.061981	-0.21734
1.55	-0.059362	-0.21292
1.56	-0.056911	-0.20828
1.57	-0.054419	-0.20386
1.58	-0.052275	-0.19953
1.59	-0.050516	-0.19533
1.6	-0.04877	-0.19146
1.61	-0.047031	-0.18739
1.62	-0.045356	-0.18323
1.63	-0.043799	-0.17895
1.64	-0.042165	-0.17465
1.65	-0.040313	-0.17024
1.66	-0.038499	-0.16587
1.67	-0.036753	-0.16175
1.68	-0.0349	-0.15808
1.69	-0.032968	-0.15434
1.7	-0.03131	-0.15066
1.71	-0.029537	-0.14712
1.72	-0.027759	-0.14336
1.73	-0.025666	-0.13974
1.74	-0.023552	-0.13612
1.75	-0.021353	-0.13226
1.76	-0.019147	-0.12871
1.77	-0.017145	-0.12515
1.78	-0.015025	-0.12172
1.79	-0.012795	-0.11834
1.8	-0.010293	-0.11532
1.81	-0.008187	-0.11244
1.82	-0.0063436	-0.10964
1.83	-0.0048108	-0.10711
1.84	-0.0033379	-0.10475
1.85	-0.0021103	-0.10247
1.86	-0.00090344	-0.10024
1.87	0.00030411	-0.097895
1.88	0.0014339	-0.095667
1.89	0.0027137	-0.093216
1.9	0.0040374	-0.090771
1.91	0.0054404	-0.08822
1.92	0.0067497	-0.085952
1.93	0.0080013	-0.083966
1.94	0.0092743	-0.081913
1.95	0.010703	-0.080107
1.96	0.012336	-0.078366
1.97	0.013944	-0.076687
1.98	0.015098	-0.075004
1.99	0.015878	-0.073293
2	0.016651	-0.071909
2.01	0.017447	-0.070554
2.02	0.017936	-0.069253
2.03	0.018303	-0.068184
2.04	0.018676	-0.067219
2.05	0.018682	-0.066289
2.06	0.018647	-0.065261
2.07	0.018662	-0.064237
2.08	0.018547	-0.063413
2.09	0.018377	-0.062799
2.1	0.018016	-0.062085
2.11	0.017337	-0.061068
2.12	0.016693	-0.060055
2.13	0.016174	-0.059132
2.14	0.015882	-0.058125
2.15	0.015909	-0.057043
2.16	0.016046	-0.056151
2.17	0.016431	-0.055455
2.18	0.016904	-0.054428
2.19	0.017326	-0.053484
2.2	0.017853	-0.052471
2.21	0.018354	-0.051532
2.22	0.018689	-0.050448
2.23	0.019005	-0.049089
2.24	0.019405	-0.047757
2.25	0.019903	-0.046458
2.26	0.020253	-0.045303
2.27	0.02048	-0.043937
2.28	0.02065	-0.042576
2.29	0.020813	-0.04087
2.3	0.021063	-0.039329
2.31	0.021577	-0.037926
2.32	0.022263	-0.036332
2.33	0.022431	-0.03447
2.34	0.022605	-0.032726
2.35	0.022811	-0.030928
2.36	0.023034	-0.029571
2.37	0.02328	-0.028311
2.38	0.023518	-0.027211
2.39	0.023819	-0.026229
2.4	0.024499	-0.025257
2.41	0.025013	-0.024117
2.42	0.025911	-0.022493
2.43	0.027121	-0.020798
2.44	0.028189	-0.01895
2.45	0.028695	-0.016955
2.46	0.029058	-0.014922
2.47	0.029102	-0.012857
2.48	0.029176	-0.010773
2.49	0.029373	-0.0084319
2.5	0.029879	-0.0061629
2.51	0.03034	-0.0040436
2.52	0.031059	-0.0021194
2.53	0.031385	-0.00029641
2.54	0.031612	0.0016271
2.55	0.031849	0.0035786
2.56	0.032087	0.0056209
2.57	0.032415	0.0077505
2.58	0.032886	0.0098514
2.59	0.033165	0.011771
2.6	0.033216	0.01371
2.61	0.033187	0.015891
2.62	0.033022	0.018114
2.63	0.033047	0.020102
2.64	0.0332	0.022202
2.65	0.033355	0.024296
2.66	0.033572	0.026119
2.67	0.033578	0.028084
2.68	0.033691	0.030103
2.69	0.033956	0.032295
2.7	0.033845	0.034519
2.71	0.03409	0.036892
2.72	0.034374	0.039243
2.73	0.034814	0.041513
2.74	0.035105	0.043822
2.75	0.035482	0.04606
2.76	0.036288	0.048482
2.77	0.037272	0.050753
2.78	0.038282	0.05263
2.79	0.039231	0.054479
2.8	0.040159	0.05644
2.81	0.040872	0.058535
2.82	0.041599	0.060188
2.83	0.042359	0.061725
2.84	0.043176	0.063334
2.85	0.043838	0.064891
2.86	0.04451	0.066388
2.87	0.044975	0.067799
2.88	0.045344	0.069202
2.89	0.0457	0.070469
2.9	0.045716	0.07175
2.91	0.045818	0.0734
2.92	0.045868	0.074997
2.93	0.045906	0.076355
2.94	0.045702	0.077669
2.95	0.045579	0.07888
2.96	0.045184	0.079745
2.97	0.044773	0.080652
2.98	0.044692	0.081308
2.99	0.044527	0.082194
3	0.044673	0.083481
3.01	0.044773	0.084987
3.02	0.044548	0.086456
3.03	0.044262	0.087883
3.04	0.0438	0.089015
3.05	0.043343	0.090193
3.06	0.043123	0.091164
3.07	0.04293	0.092377
3.08	0.042538	0.093299
3.09	0.0423	0.094211
3.1	0.042226	0.095015
3.11	0.042226	0.095706
3.12	0.042376	0.096439
3.13	0.04254	0.097135
3.14	0.042497	0.09801
3.15	0.042652	0.09887
3.16	0.042934	0.0998
3.17	0.04328	0.10065
3.18	0.043743	0.10138
3.19	0.043989	0.10196
3.2	0.044441	0.10247
3.21	0.04498	0.10278
3.22	0.045242	0.10337
3.23	0.045413	0.1037
3.24	0.04578	0.10434
3.25	0.046069	0.10542
3.26	0.046283	0.10659
3.27	0.046661	0.10746
3.28	0.047069	0.10821
3.29	0.047326	0.10902
3.3	0.047272	0.10966
3.31	0.047093	0.11014
3.32	0.046813	0.11085
3.33	0.046651	0.11148
3.34	0.046539	0.11231
3.35	0.04656	0.11295
3.36	0.046655	0.11369
3.37	0.046531	0.11445
3.38	0.046337	0.11494
3.39	0.045938	0.11554
3.4	0.045427	0.11617
3.41	0.044804	0.11695
3.42	0.044292	0.11763
3.43	0.043572	0.11836
3.44	0.042423	0.11917
3.45	0.041204	0.12028
3.46	0.039823	0.1219
3.47	0.038468	0.12378
3.48	0.037244	0.12568
3.49	0.035813	0.12759
3.5	0.034658	0.12926
3.51	0.033462	0.13077
3.52	0.03239	0.13186
3.53	0.031079	0.13273
3.54	0.029823	0.13342
3.55	0.028722	0.1341
3.56	0.027707	0.1348
3.57	0.026916	0.13555
3.58	0.026072	0.13666
3.59	0.025291	0.13764
3.6	0.024348	0.13855
3.61	0.02315	0.13939
3.62	0.021742	0.14004
3.63	0.02037	0.14015
3.64	0.018952	0.14051
3.65	0.017775	0.14098
3.66	0.016832	0.14116
3.67	0.015885	0.14131
3.68	0.014976	0.14095
3.69	0.013979	0.14053
3.7	0.012969	0.1398
3.71	0.011894	0.13875
3.72	0.010819	0.13772
3.73	0.0097892	0.13701
3.74	0.0088438	0.13598
3.75	0.008002	0.13523
3.76	0.0071392	0.1343
3.77	0.0064751	0.13358
3.78	0.0058951	0.13277
3.79	0.0051149	0.13216
3.8	0.0043083	0.13148
3.81	0.003499	0.13076
3.82	0.0027887	0.13024
3.83	0.0022833	0.12981
3.84	0.0020266	0.12942
3.85	0.0019331	0.12902
3.86	0.0015258	0.12849
3.87	0.00098091	0.12769
3.88	0.00084302	0.12671
3.89	0.00066753	0.12572
3.9	0.00050902	0.12466
3.91	2.6008e-05	0.12353
3.92	-0.00059887	0.12264
3.93	-0.0013529	0.12152
3.94	-0.0021734	0.12068
3.95	-0.0031051	0.12002
3.96	-0.0038091	0.11954
3.97	-0.004975	0.11892
3.98	-0.0058847	0.11793
3.99	-0.0067103	0.11708
4	-0.0072581	0.11631
4.01	-0.0078985	0.11549
4.02	-0.0084531	0.11465
4.03	-0.009159	0.11386
4.04	-0.0098001	0.11301
4.05	-0.010372	0.11221
4.06	-0.010825	0.11134
4.07	-0.011302	0.1107
4.08	-0.011824	0.11023
4.09	-0.012092	0.10977
4.1	-0.012478	0.10924
4.11	-0.013114	0.10857
4.12	-0.013746	0.10795
4.13	-0.014411	0.10754
4.14	-0.015353	0.10683
4.15	-0.016585	0.10588
4.16	-0.017962	0.10484
4.17	-0.01948	0.10397
4.18	-0.020874	0.1033
4.19	-0.022552	0.10232
4.2	-0.024038	0.10142
4.21	-0.025353	0.1005
4.22	-0.02643	0.099466
4.23	-0.027302	0.098732
4.24	-0.028107	0.098099
4.25	-0.028629	0.097427
4.26	-0.029109	0.096676
4.27	-0.029667	0.096025
4.28	-0.030168	0.095228
4.29	-0.030723	0.094343
4.3	-0.031437	0.093833
4.31	-0.031974	0.093223
4.32	-0.03263	0.092876
4.33	-0.033178	0.092584
4.34	-0.033848	0.09229
4.35	-0.034581	0.092125
4.36	-0.035333	0.09172
4.37	-0.036311	0.091192
4.38	-0.037231	0.090651
4.39	-0.038292	0.090447
4.4	-0.039188	0.090258
4.41	-0.039824	0.089901
4.42	-0.040392	0.089126
4.43	-0.041009	0.088302
4.44	-0.041933	0.087429
4.45	-0.042948	0.086454
4.46	-0.044035	0.085104
4.47	-0.044971	0.083775
4.48	-0.045937	0.082415
4.49	-0.047029	0.080945
4.5	-0.047858	0.079479
4.51	-0.04853	0.077924
4.52	-0.049082	0.076599
4.53	-0.049251	0.075309
4.54	-0.049567	0.073885
4.55	-0.049797	0.072414
4.56	-0.050257	0.071094
4.57	-0.05066	0.069734
4.58	-0.050914	0.068342
4.59	-0.051287	0.066867
4.6	-0.051516	0.065408
4.61	-0.051796	0.064005
4.62	-0.052006	0.062745
4.63	-0.052197	0.061374
4.64	-0.052529	0.059825
4.65	-0.053039	0.058222
4.66	-0.053529	0.056672
4.67	-0.053973	0.055251
4.68	-0.054537	0.053832
4.69	-0.055011	0.052557
4.7	-0.055285	0.051283
4.71	-0.055464	0.049602
4.72	-0.055685	0.047938
4.73	-0.055926	0.046356
4.74	-0.05612	0.044574
4.75	-0.055811	0.042559
4.76	-0.055734	0.040355
4.77	-0.055453	0.038313
4.78	-0.055284	0.036695
4.79	-0.055114	0.035085
4.8	-0.055163	0.033625
4.81	-0.05505	0.032304
4.82	-0.054726	0.031101
4.83	-0.054212	0.030003
4.84	-0.053838	0.029084
4.85	-0.053381	0.028031
4.86	-0.053188	0.026878
4.87	-0.05301	0.02561
4.88	-0.052532	0.02414
4.89	-0.052242	0.022535
4.9	-0.052104	0.020732
4.91	-0.051837	0.018956
4.92	-0.051781	0.017489
4.93	-0.051651	0.016349
4.94	-0.05172	0.015227
4.95	-0.051837	0.014168
4.96	-0.051876	0.013078
4.97	-0.051887	0.012232
4.98	-0.051711	0.01123
4.99	-0.051704	0.010761
5	-0.051642	0.010457
5.01	-0.051438	0.010325
5.02	-0.051227	0.010394
5.03	-0.05101	0.010624
5.04	-0.05088	0.010606
5.05	-0.050767	0.010575
5.06	-0.05069	0.010977
5.07	-0.050531	0.011394
5.08	-0.050367	0.011595
5.09	-0.050135	0.011726
5.1	-0.049876	0.012043
5.11	-0.049367	0.01211
5.12	-0.048916	0.012314
5.13	-0.048456	0.012568
5.14	-0.047945	0.012596
5.15	-0.047211	0.012776
5.16	-0.046372	0.012886
5.17	-0.045377	0.012588
5.18	-0.044163	0.012121
5.19	-0.042901	0.01167
5.2	-0.041734	0.011102
5.21	-0.040691	0.010619
5.22	-0.03966	0.010251
5.23	-0.038606	0.0098813
5.24	-0.03778	0.0095835
5.25	-0.037195	0.0092193
5.26	-0.036548	0.0086627
5.27	-0.035744	0.0082828
5.28	-0.034942	0.0075285
5.29	-0.034051	0.0067938
5.3	-0.033574	0.0059576
5.31	-0.033041	0.0047015
5.32	-0.032435	0.0030744
5.33	-0.032124	0.0014897
5.34	-0.031815	-0.0001357
5.35	-0.031737	-0.0016998
5.36	-0.031568	-0.002826
5.37	-0.031259	-0.0040522
5.38	-0.031027	-0.0051038
5.39	-0.030744	-0.0062206
5.4	-0.030273	-0.0073982
5.41	-0.029733	-0.0084711
5.42	-0.028839	-0.0095569
5.43	-0.027897	-0.010989
5.44	-0.026892	-0.012357
5.45	-0.025669	-0.013723
5.46	-0.02431	-0.015249
5.47	-0.022969	-0.016756
5.48	-0.021438	-0.01856
5.49	-0.020113	-0.020316
5.5	-0.018976	-0.021954
5.51	-0.017525	-0.023244
5.52	-0.016076	-0.024698
5.53	-0.015014	-0.026118
5.54	-0.014242	-0.027658
5.55	-0.013282	-0.029282
5.56	-0.012241	-0.030414
5.57	-0.011415	-0.031667
5.58	-0.010191	-0.032954
5.59	-0.0089596	-0.034091
5.6	-0.0078253	-0.035378
5.61	-0.0066578	-0.036707
5.62	-0.0051295	-0.038329
5.63	-0.0035983	-0.040011
5.64	-0.0020115	-0.041742
5.65	-0.00023884	-0.043398
5.66	0.0014696	-0.044904
5.67	0.0031499	-0.046297
5.68	0.0047032	-0.047482
5.69	0.0061624	-0.048581
5.7	0.0077943	-0.049743
5.71	0.0094232	-0.05096
5.72	0.011074	-0.051837
5.73	0.012443	-0.052642
5.74	0.013714	-0.053542
5.75	0.01497	-0.054472
5.76	0.01613	-0.055394
5.77	0.017613	-0.056294
5.78	0.018911	-0.05763
5.79	0.020311	-0.058813
5.8	0.021739	-0.059776
5.81	0.023183	-0.0604
5.82	0.024776	-0.061104
5.83	0.026188	-0.061601
5.84	0.027501	-0.061766
5.85	0.028791	-0.062047
5.86	0.030029	-0.062403
5.87	0.031243	-0.063103
5.88	0.032519	-0.063815
5.89	0.033877	-0.064415
5.9	0.034955	-0.065095
5.91	0.03569	-0.065831
5.92	0.036313	-0.066551
5.93	0.03676	-0.067346
5.94	0.037305	-0.068052
5.95	0.038016	-0.069119
5.96	0.038955	-0.07003
5.97	0.03944	-0.070823
5.98	0.039756	-0.071698
5.99	0.039951	-0.072391
6	0.039906	-0.07304
6.01	0.03982	-0.073672
6.02	0.039727	-0.074229
6.03	0.039275	-0.074777
6.04	0.03888	-0.075537
6.05	0.038644	-0.076134
6.06	0.038595	-0.076548
6.07	0.038619	-0.076996
6.08	0.038617	-0.077398
6.09	0.038929	-0.078252
6.1	0.039226	-0.079021
6.11	0.039479	-0.079785
6.12	0.039929	-0.080408
6.13	0.040057	-0.081053
6.14	0.039937	-0.081207
6.15	0.039844	-0.081307
6.16	0.039896	-0.081369
6.17	0.040062	-0.081386
6.18	0.040564	-0.08115
6.19	0.041189	-0.080549
6.2	0.041986	-0.080184
6.21	0.042937	-0.079658
6.22	0.043875	-0.079082
6.23	0.044754	-0.078326
6.24	0.045614	-0.077413
6.25	0.046538	-0.076584
6.26	0.047363	-0.075962
6.27	0.04766	-0.075109
6.28	0.04781	-0.073962
6.29	0.048219	-0.072634
6.3	0.048531	-0.071335
6.31	0.049297	-0.07038
6.32	0.049971	-0.069325
6.33	0.050704	-0.068425
6.34	0.051431	-0.067918
6.35	0.052041	-0.067591
6.36	0.052521	-0.067271
6.37	0.05317	-0.067065
6.38	0.05375	-0.066869
6.39	0.054376	-0.066742
6.4	0.055357	-0.067015
6.41	0.056272	-0.067166
6.42	0.057006	-0.06736
6.43	0.057808	-0.067479
6.44	0.058585	-0.067305
6.45	0.059323	-0.06717
6.46	0.060154	-0.067369
6.47	0.06095	-0.067446
6.48	0.061916	-0.067684
6.49	0.063036	-0.067895
6.5	0.064141	-0.068119
6.51	0.065193	-0.068566
6.52	0.065927	-0.069018
6.53	0.066723	-0.069702
6.54	0.067636	-0.070617
6.55	0.068506	-0.071744
6.56	0.069104	-0.07272
6.57	0.070002	-0.073843
6.58	0.070946	-0.075
6.59	0.072046	-0.076102
6.6	0.073268	-0.077486
6.61	0.074342	-0.078598
6.62	0.075446	-0.079733
6.63	0.076577	-0.081001
6.64	0.0777	-0.082154
6.65	0.078776	-0.083432
6.66	0.079786	-0.084454
6.67	0.080903	-0.085496
6.68	0.081799	-0.08682
6.69	0.082629	-0.088282
6.7	0.083539	-0.089827
6.71	0.084467	-0.090979
6.72	0.085233	-0.091951
6.73	0.085623	-0.092813
6.74	0.085706	-0.093784
6.75	0.08554	-0.094931
6.76	0.085172	-0.095995
6.77	0.08482	-0.09712
6.78	0.084312	-0.098389
6.79	0.083743	-0.099599
6.8	0.083012	-0.10071
6.81	0.082065	-0.10175
6.82	0.080902	-0.10294
6.83	0.079258	-0.10429
6.84	0.077398	-0.10548
6.85	0.075804	-0.10671
6.86	0.074389	-0.1076
6.87	0.073087	-0.10838
6.88	0.071996	-0.10883
6.89	0.070889	-0.10928
6.9	0.069875	-0.10959
6.91	0.068731	-0.10987
6.92	0.067429	-0.11026
6.93	0.066288	-0.11056
6.94	0.065358	-0.1106
6.95	0.064398	-0.11084
6.96	0.06358	-0.11112
6.97	0.062901	-0.11155
6.98	0.062493	-0.11231
6.99	0.061767	-0.11343
7	0.061165	-0.1146
7.01	0.060709	-0.11525
7.02	0.060366	-0.11589
7.03	0.060211	-0.11663
7.04	0.060134	-0.11678
7.05	0.060174	-0.11691
7.06	0.060376	-0.11703
7.07	0.060791	-0.1174
7.08	0.061142	-0.11777
7.09	0.061464	-0.11807
7.1	0.061836	-0.11812
7.11	0.062326	-0.11837
7.12	0.062915	-0.11861
7.13	0.063592	-0.11885
7.14	0.064413	-0.11874
7.15	0.065443	-0.1186
7.16	0.066405	-0.1183
7.17	0.067167	-0.11817
7.18	0.0682	-0.11799
7.19	0.068739	-0.11779
7.2	0.069256	-0.11721
7.21	0.069851	-0.1166
7.22	0.070381	-0.11587
7.23	0.070988	-0.11525
7.24	0.071419	-0.11438
7.25	0.072058	-0.11341
7.26	0.072272	-0.11239
7.27	0.072925	-0.11124
7.28	0.073561	-0.10999
7.29	0.074454	-0.10871
7.3	0.074999	-0.10732
7.31	0.075402	-0.10579
7.32	0.075767	-0.10438
7.33	0.076278	-0.10305
7.34	0.076706	-0.10188
7.35	0.077122	-0.10067
7.36	0.07756	-0.099522
7.37	0.077829	-0.098241
7.38	0.077951	-0.097046
7.39	0.07779	-0.095835
7.4	0.077517	-0.094637
7.41	0.077479	-0.093731
7.42	0.077447	-0.092906
7.43	0.077545	-0.09213
7.44	0.077702	-0.091547
7.45	0.077854	-0.09082
7.46	0.077796	-0.089943
7.47	0.077709	-0.089331
7.48	0.077625	-0.088827
7.49	0.077409	-0.088315
7.5	0.077186	-0.087324
7.51	0.077041	-0.08607
7.52	0.077084	-0.084822
7.53	0.077337	-0.083839
7.54	0.077864	-0.082779
7.55	0.078562	-0.081548
7.56	0.079436	-0.080416
7.57	0.08052	-0.079141
7.58	0.081363	-0.078147
7.59	0.081989	-0.077403
7.6	0.08246	-0.076608
7.61	0.083223	-0.075877
7.62	0.0839	-0.075289
7.63	0.084284	-0.074619
7.64	0.08454	-0.073854
7.65	0.084552	-0.073226
7.66	0.084767	-0.072547
7.67	0.085074	-0.071778
7.68	0.085517	-0.071421
7.69	0.085825	-0.071069
7.7	0.086135	-0.070824
7.71	0.08635	-0.070637
7.72	0.086554	-0.070632
7.73	0.086796	-0.070575
7.74	0.086963	-0.070603
7.75	0.086951	-0.070647
7.76	0.086939	-0.070668
7.77	0.086932	-0.070549
7.78	0.087093	-0.070374
7.79	0.087142	-0.070461
7.8	0.087142	-0.070193
7.81	0.087275	-0.069641
7.82	0.08765	-0.069441
7.83	0.087837	-0.069314
7.84	0.088119	-0.069091
7.85	0.088511	-0.068976
7.86	0.089043	-0.068699
7.87	0.08974	-0.068369
7.88	0.090562	-0.06818
7.89	0.091297	-0.068081
7.9	0.092117	-0.067992
7.91	0.092884	-0.068081
7.92	0.093511	-0.068252
7.93	0.094035	-0.068552
7.94	0.094828	-0.068967
7.95	0.09571	-0.069233
7.96	0.096525	-0.069322
7.97	0.097274	-0.069217
7.98	0.098049	-0.068907
7.99	0.098951	-0.068341
8	0.099985	-0.067433
8.01	0.10105	-0.066311
8.02	0.10203	-0.065533
8.03	0.10328	-0.064693
8.04	0.10464	-0.063696
8.05	0.10571	-0.062536
8.06	0.10696	-0.061248
8.07	0.1076	-0.059803
8.08	0.10838	-0.058724
8.09	0.10887	-0.05777
8.1	0.10955	-0.056642
8.11	0.1103	-0.055651
8.12	0.11062	-0.054669
8.13	0.11109	-0.053623
8.14	0.11163	-0.052277
8.15	0.11201	-0.050794
8.16	0.11258	-0.049567
8.17	0.11329	-0.048519
8.18	0.11423	-0.047053
8.19	0.11507	-0.045641
8.2	0.11588	-0.04421
8.21	0.11668	-0.042795
8.22	0.11752	-0.041398
8.23	0.11857	-0.040348
8.24	0.11955	-0.039115
8.25	0.12069	-0.037571
8.26	0.1217	-0.036093
8.27	0.12258	-0.034418
8.28	0.12339	-0.03276
8.29	0.12436	-0.030716
8.3	0.12561	-0.028619
8.31	0.12687	-0.026658
8.32	0.12813	-0.024747
8.33	0.12932	-0.022671
8.34	0.13019	-0.020493
8.35	0.13093	-0.018063
8.36	0.13167	-0.015702
8.37	0.13238	-0.013509
8.38	0.13304	-0.011175
8.39	0.13365	-0.0088183
8.4	0.13435	-0.0064328
8.41	0.13504	-0.0039521
8.42	0.13591	-0.0017016
8.43	0.13639	0.00079724
8.44	0.13672	0.0032397
8.45	0.13708	0.0057207
8.46	0.1375	0.0081789
8.47	0.13787	0.010537
8.48	0.13803	0.01314
8.49	0.13798	0.015795
8.5	0.13789	0.018843
8.51	0.13783	0.022241
8.52	0.13769	0.025725
8.53	0.13782	0.02923
8.54	0.13774	0.032812
8.55	0.13754	0.03653
8.56	0.13742	0.040083
8.57	0.13736	0.043354
8.58	0.13735	0.046863
8.59	0.13738	0.050574
8.6	0.13752	0.054184
8.61	0.13743	0.057841
8.62	0.13721	0.06122
8.63	0.13693	0.064957
8.64	0.13671	0.068503
8.65	0.13653	0.071952
8.66	0.13624	0.075384
8.67	0.13618	0.07892
8.68	0.13602	0.082535
8.69	0.13597	0.086156
8.7	0.13603	0.089723
8.71	0.13611	0.093168
8.72	0.1362	0.096515
8.73	0.13636	0.09966
8.74	0.13644	0.10276
8.75	0.13677	0.10594
8.76	0.13712	0.10857
8.77	0.1373	0.11095
8.78	0.13762	0.11359
8.79	0.13785	0.11644
8.8	0.13809	0.11918
8.81	0.13841	0.12173
8.82	0.13863	0.12442
8.83	0.13877	0.12706
8.84	0.13898	0.12963
8.85	0.13918	0.13217
8.86	0.13943	0.13477
8.87	0.13973	0.13724
8.88	0.14007	0.13951
8.89	0.14039	0.14164
8.9	0.14064	0.14366
8.91	0.14066	0.14562
8.92	0.14122	0.14788
8.93	0.14172	0.15013
8.94	0.14237	0.15228
8.95	0.14296	0.15438
8.96	0.14356	0.15624
8.97	0.14398	0.15811
8.98	0.14427	0.16015
8.99	0.14451	0.16207
9	0.14456	0.16399
9.01	0.14468	0.16585
9.02	0.14456	0.16751
9.03	0.14424	0.16912
9.04	0.14387	0.17058
9.05	0.14364	0.17212
9.06	0.14341	0.17361
9.07	0.14335	0.17541
9.08	0.14329	0.17718
9.09	0.14351	0.17888
9.1	0.14357	0.1803
9.11	0.14388	0.18126
9.12	0.14436	0.18205
9.13	0.14494	0.18274
9.14	0.14528	0.18338
9.15	0.14597	0.18401
9.16	0.14655	0.18486
9.17	0.14698	0.18594
9.18	0.14741	0.18716
9.19	0.14765	0.18856
9.2	0.14778	0.18977
9.21	0.14802	0.1911
9.22	0.14815	0.19251
9.23	0.14841	0.19375
9.24	0.14865	0.19495
9.25	0.14894	0.19627
9.26	0.14907	0.19776
9.27	0.14921	0.19918
9.28	0.14918	0.20046
9.29	0.14899	0.2016
9.3	0.14874	0.20276
9.31	0.14824	0.20375
9.32	0.14762	0.2048
9.33	0.1469	0.20629
9.34	0.1463	0.20752
9.35	0.14581	0.20882
9.36	0.1454	0.20985
9.37	0.14471	0.21084
9.38	0.14414	0.21184
9.39	0.14343	0.21282
9.4	0.14262	0.21377
9.41	0.1417	0.2146
9.42	0.14107	0.21524
9.43	0.14045	0.21595
9.44	0.14008	0.21669
9.45	0.1401	0.2175
9.46	0.14028	0.21844
9.47	0.14057	0.21901
9.48	0.14102	0.21908
9.49	0.14143	0.21943
9.5	0.14145	0.21974
9.51	0.14136	0.22001
9.52	0.14144	0.22056
9.53	0.14159	0.22122
9.54	0.1421	0.22179
9.55	0.14253	0.22238
9.56	0.14305	0.22283
9.57	0.14335	0.22336
9.58	0.14355	0.22377
9.59	0.14368	0.22379
9.6	0.14388	0.22357
9.61	0.14392	0.22329
9.62	0.144	0.22302
9.63	0.14398	0.2227
9.64	0.14396	0.22252
9.65	0.14407	0.22247
9.66	0.14405	0.22248
9.67	0.1443	0.22261
9.68	0.14459	0.22298
9.69	0.14474	0.22335
9.7	0.14487	0.22351
9.71	0.14485	0.22346
9.72	0.14476	0.22354
9.73	0.1446	0.22388
9.74	0.14448	0.22408
9.75	0.14431	0.22448
9.76	0.14387	0.2249
9.77	0.14387	0.22542
9.78	0.14382	0.22633
9.79	0.14382	0.22721
9.8	0.14397	0.22783
9.81	0.14428	0.22834
9.82	0.1445	0.22872
9.83	0.14471	0.22919
9.84	0.14511	0.2293
9.85	0.14537	0.22933
9.86	0.14553	0.2294
9.87	0.14558	0.22968
9.88	0.14557	0.23002
9.89	0.14583	0.22996
9.9	0.14613	0.22989
9.91	0.14647	0.22975
9.92	0.14696	0.22959
9.93	0.14721	0.22961
9.94	0.14743	0.22943
9.95	0.1478	0.22922
9.96	0.14816	0.22894
9.97	0.14871	0.22817
9.98	0.14913	0.22722
9.99	0.14953	0.22586
10	0.15018	0.22465
10.01	0.15116	0.22362
10.02	0.15199	0.22286
10.03	0.15255	0.2221
10.04	0.15315	0.22139
10.05	0.15387	0.22066
10.06	0.15438	0.21971
10.07	0.15468	0.21885
10.08	0.15536	0.21775
10.09	0.15604	0.21651
10.1	0.15667	0.21552
10.11	0.15762	0.21468
10.12	0.15862	0.21358
10.13	0.15982	0.21234
10.14	0.16077	0.2108
10.15	0.16148	0.20921
10.16	0.16213	0.20769
10.17	0.16288	0.20658
10.18	0.16369	0.20565
10.19	0.16416	0.20448
10.2	0.16479	0.20343
10.21	0.16551	0.20239
10.22	0.16618	0.20137
10.23	0.16668	0.2002
10.24	0.16714	0.19918
10.25	0.16743	0.19819
10.26	0.16743	0.19733
10.27	0.16781	0.19653
10.28	0.16824	0.19566
10.29	0.1684	0.19465
10.3	0.16841	0.19341
10.31	0.16837	0.19199
10.32	0.16821	0.1906
10.33	0.16806	0.18948
10.34	0.16798	0.18815
10.35	0.16795	0.18698
10.36	0.16777	0.18562
10.37	0.16749	0.1842
10.38	0.16718	0.18255
10.39	0.16683	0.18083
10.4	0.16611	0.17957
10.41	0.16526	0.17845
10.42	0.16437	0.177
10.43	0.16357	0.17541
10.44	0.16288	0.17391
10.45	0.16227	0.17224
10.46	0.16184	0.17051
10.47	0.16119	0.16864
10.48	0.16027	0.1669
10.49	0.1593	0.16527
10.5	0.15841	0.16397
10.51	0.15765	0.16281
10.52	0.15695	0.16155
10.53	0.15606	0.16055
10.54	0.15539	0.15959
10.55	0.15475	0.15891
10.56	0.15424	0.15796
10.57	0.15383	0.15709
10.58	0.15359	0.15624
10.59	0.15323	0.15546
10.6	0.15283	0.15469
10.61	0.15258	0.15395
10.62	0.15211	0.15314
10.63	0.15151	0.15222
10.64	0.15084	0.15116
10.65	0.15002	0.15017
10.66	0.14896	0.14922
10.67	0.14815	0.14806
10.68	0.14753	0.14687
10.69	0.14683	0.1455
10.7	0.14603	0.14435
10.71	0.14487	0.14319
10.72	0.1437	0.14205
10.73	0.14225	0.1406
10.74	0.14069	0.13905
10.75	0.13921	0.13746
10.76	0.13772	0.1361
10.77	0.13597	0.13491
10.78	0.13415	0.13375
10.79	0.13212	0.13248
10.8	0.13037	0.13103
10.81	0.12853	0.12959
10.82	0.1268	0.12813
10.83	0.1252	0.12684
10.84	0.12387	0.12532
10.85	0.12257	0.12365
10.86	0.1211	0.12194
10.87	0.11976	0.12008
10.88	0.11853	0.11811
10.89	0.11774	0.1161
10.9	0.11705	0.11428
10.91	0.11638	0.1124
10.92	0.1156	0.1103
10.93	0.1147	0.10842
10.94	0.11382	0.10665
10.95	0.11288	0.10474
10.96	0.11172	0.10281
10.97	0.11042	0.10063
10.98	0.10911	0.098078
10.99	0.10787	0.095407
11	0.10645	0.092759
11.01	0.10498	0.09029
11.02	0.10324	0.087599
11.03	0.10172	0.084881
11.04	0.10016	0.082523
11.05	0.098486	0.080082
11.06	0.096649	0.07749
11.07	0.095054	0.074961
11.08	0.09305	0.072251
11.09	0.091164	0.069372
11.1	0.089472	0.066689
11.11	0.087727	0.063735
11.12	0.086189	0.060786
11.13	0.084501	0.057999
11.14	0.082966	0.055233
11.15	0.081655	0.052506
11.16	0.080421	0.049668
11.17	0.079193	0.046973
11.18	0.07779	0.044101
11.19	0.076445	0.041439
11.2	0.075044	0.038785
11.21	0.07391	0.036185
11.22	0.072743	0.03363
11.23	0.071501	0.031182
11.24	0.070251	0.028976
11.25	0.069196	0.026897
11.26	0.068254	0.024964
11.27	0.067216	0.023013
11.28	0.066338	0.021031
11.29	0.065527	0.018964
11.3	0.065	0.01686
11.31	0.064543	0.014805
11.32	0.064412	0.012627
11.33	0.064416	0.010373
11.34	0.064379	0.0084343
11.35	0.064137	0.0068352
11.36	0.064494	0.0052445
11.37	0.064788	0.0036426
11.38	0.065358	0.0022404
11.39	0.065731	0.00074628
11.4	0.065796	-0.00061381
11.41	0.065619	-0.001881
11.42	0.065446	-0.0031528
11.43	0.065302	-0.0043496
11.44	0.065258	-0.0055503
11.45	0.064958	-0.0066639
11.46	0.064441	-0.0077845
11.47	0.063872	-0.0089724
11.48	0.063095	-0.010117
11.49	0.06191	-0.011077
11.5	0.061009	-0.012125
11.51	0.060074	-0.013311
11.52	0.059176	-0.014574
11.53	0.057958	-0.015996
11.54	0.056979	-0.0175
11.55	0.055818	-0.018665
11.56	0.054419	-0.020001
11.57	0.053159	-0.021321
11.58	0.051944	-0.022788
11.59	0.050672	-0.024042
11.6	0.049342	-0.025026
11.61	0.047825	-0.025911
11.62	0.046082	-0.026766
11.63	0.044476	-0.027269
11.64	0.042869	-0.027867
11.65	0.041376	-0.028525
11.66	0.039599	-0.029097
11.67	0.037904	-0.029591
11.68	0.036161	-0.029756
11.69	0.034534	-0.029929
11.7	0.032841	-0.029941
11.71	0.031226	-0.030042
11.72	0.02953	-0.030062
11.73	0.027966	-0.030074
11.74	0.026197	-0.030069
11.75	0.024529	-0.030168
11.76	0.022993	-0.03029
11.77	0.021341	-0.03048
11.78	0.019773	-0.030681
11.79	0.018437	-0.030845
11.8	0.01707	-0.031006
11.81	0.015908	-0.031069
11.82	0.014903	-0.031435
11.83	0.013812	-0.032027
11.84	0.01261	-0.03275
11.85	0.011157	-0.033574
11.86	0.010017	-0.034713
11.87	0.0087864	-0.035752
11.88	0.0076277	-0.036855
11.89	0.006539	-0.037538
11.9	0.005266	-0.03803
11.91	0.004142	-0.038613
11.92	0.0033164	-0.039411
11.93	0.0021334	-0.040336
11.94	0.00085269	-0.041107
11.95	-0.0004983	-0.042016
11.96	-0.0016181	-0.042941
11.97	-0.0028666	-0.044
11.98	-0.003671	-0.045148
11.99	-0.0045332	-0.046144
12	-0.0050924	-0.047011
12.01	-0.0058358	-0.047679
12.02	-0.0065081	-0.048513
12.03	-0.0073297	-0.049311
12.04	-0.0077314	-0.050048
12.05	-0.0081332	-0.050633
12.06	-0.0083333	-0.051271
12.07	-0.0085874	-0.052047
12.08	-0.008858	-0.052708
12.09	-0.009242	-0.053445
12.1	-0.0095679	-0.054109
12.11	-0.010017	-0.05452
12.12	-0.010494	-0.054904
12.13	-0.010799	-0.055222
12.14	-0.011484	-0.055374
12.15	-0.011856	-0.055523
12.16	-0.012297	-0.055987
12.17	-0.012744	-0.056409
12.18	-0.013226	-0.056932
12.19	-0.013979	-0.057718
12.2	-0.014796	-0.05864
12.21	-0.015435	-0.059614
12.22	-0.016263	-0.060515
12.23	-0.017318	-0.061455
12.24	-0.018255	-0.062414
12.25	-0.019463	-0.063232
12.26	-0.020364	-0.064256
12.27	-0.021159	-0.065268
12.28	-0.021724	-0.066255
12.29	-0.022269	-0.067546
12.3	-0.023032	-0.068835
12.31	-0.023665	-0.070179
12.32	-0.024399	-0.071877
12.33	-0.025116	-0.073417
12.34	-0.025842	-0.074817
12.35	-0.026301	-0.076141
12.36	-0.026782	-0.077312
12.37	-0.027354	-0.07856
12.38	-0.027841	-0.079538
12.39	-0.028342	-0.080099
12.4	-0.028509	-0.080486
12.41	-0.028593	-0.081104
12.42	-0.028586	-0.081787
12.43	-0.02868	-0.082282
12.44	-0.02895	-0.082635
12.45	-0.029263	-0.083074
12.46	-0.029449	-0.083615
12.47	-0.029211	-0.084065
12.48	-0.028707	-0.084434
12.49	-0.028557	-0.084791
12.5	-0.028322	-0.085249
12.51	-0.028279	-0.085792
12.52	-0.028527	-0.086442
12.53	-0.028561	-0.086752
12.54	-0.028661	-0.087165
12.55	-0.02902	-0.087262
12.56	-0.029264	-0.087496
12.57	-0.029481	-0.087774
12.58	-0.029427	-0.088266
12.59	-0.02943	-0.088943
12.6	-0.029777	-0.089586
12.61	-0.030106	-0.090488
12.62	-0.030502	-0.091313
12.63	-0.031142	-0.092028
12.64	-0.031965	-0.092549
12.65	-0.032693	-0.093177
12.66	-0.033448	-0.093651
12.67	-0.034018	-0.094027
12.68	-0.034517	-0.094462
12.69	-0.034958	-0.094993
12.7	-0.035647	-0.095398
12.71	-0.036311	-0.095762
12.72	-0.036912	-0.096068
12.73	-0.037402	-0.09626
12.74	-0.037845	-0.096417
12.75	-0.03848	-0.096901
12.76	-0.039235	-0.097109
12.77	-0.040009	-0.097423
12.78	-0.041153	-0.097777
12.79	-0.042148	-0.098197
12.8	-0.042982	-0.098399
12.81	-0.043538	-0.098326
12.82	-0.04418	-0.098252
12.83	-0.044619	-0.098175
12.84	-0.045084	-0.098238
12.85	-0.045573	-0.098393
12.86	-0.045878	-0.098505
12.87	-0.04614	-0.098481
12.88	-0.046463	-0.098502
12.89	-0.046779	-0.09868
12.9	-0.047316	-0.098677
12.91	-0.04764	-0.098465
12.92	-0.047979	-0.098663
12.93	-0.048503	-0.098717
12.94	-0.049326	-0.09908
12.95	-0.050303	-0.09971
12.96	-0.051223	-0.10034
12.97	-0.052048	-0.10111
12.98	-0.053081	-0.10176
12.99	-0.054234	-0.1025
13	-0.055396	-0.10325
13.01	-0.056426	-0.10371
13.02	-0.057572	-0.10418
13.03	-0.058771	-0.10449
13.04	-0.059935	-0.10496
13.05	-0.061217	-0.10557
13.06	-0.062543	-0.1063
13.07	-0.063834	-0.10707
13.08	-0.064995	-0.10779
13.09	-0.066255	-0.1084
13.1	-0.067525	-0.10882
13.11	-0.068753	-0.10882
13.12	-0.069953	-0.10872
13.13	-0.070794	-0.10852
13.14	-0.071593	-0.10808
13.15	-0.072482	-0.10734
13.16	-0.073274	-0.10632
13.17	-0.074022	-0.10518
13.18	-0.075068	-0.10443
13.19	-0.07603	-0.10368
13.2	-0.076832	-0.10309
13.21	-0.077193	-0.10242
13.22	-0.077533	-0.10212
13.23	-0.077704	-0.10174
13.24	-0.078073	-0.10137
13.25	-0.078182	-0.10119
13.26	-0.07787	-0.10102
13.27	-0.077379	-0.10089
13.28	-0.076827	-0.10098
13.29	-0.076354	-0.101
13.3	-0.075447	-0.10117
13.31	-0.074835	-0.10136
13.32	-0.073917	-0.10123
13.33	-0.072748	-0.10095
13.34	-0.071689	-0.10049
13.35	-0.070893	-0.10004
13.36	-0.069944	-0.099431
13.37	-0.068727	-0.098968
13.38	-0.067472	-0.098326
13.39	-0.066231	-0.097466
13.4	-0.065111	-0.096763
13.41	-0.063846	-0.095998
13.42	-0.062967	-0.095291
13.43	-0.062264	-0.09478
13.44	-0.061667	-0.09446
13.45	-0.060672	-0.094059
13.46	-0.059794	-0.093286
13.47	-0.059006	-0.092594
13.48	-0.058111	-0.091942
13.49	-0.057204	-0.09106
13.5	-0.056079	-0.089951
13.51	-0.055138	-0.08851
13.52	-0.054276	-0.087125
13.53	-0.053636	-0.085892
13.54	-0.053074	-0.08435
13.55	-0.052536	-0.082393
13.56	-0.051938	-0.08034
13.57	-0.051321	-0.078448
13.58	-0.050731	-0.076357
13.59	-0.050061	-0.074267
13.6	-0.049824	-0.071796
13.61	-0.049446	-0.069015
13.62	-0.049029	-0.066147
13.63	-0.048384	-0.062996
13.64	-0.047758	-0.059763
13.65	-0.046773	-0.056647
13.66	-0.045723	-0.053471
13.67	-0.044709	-0.050087
13.68	-0.043849	-0.046694
13.69	-0.04306	-0.043602
13.7	-0.042036	-0.040889
13.71	-0.041227	-0.03811
13.72	-0.040595	-0.035357
13.73	-0.039925	-0.032489
13.74	-0.038992	-0.02959
13.75	-0.037837	-0.026745
13.76	-0.036702	-0.024006
13.77	-0.035557	-0.02128
13.78	-0.034541	-0.018632
13.79	-0.033537	-0.015719
13.8	-0.032586	-0.012842
13.81	-0.03169	-0.0096808
13.82	-0.030688	-0.0066275
13.83	-0.029771	-0.0034822
13.84	-0.028989	-0.0003518
13.85	-0.028338	0.0027374
13.86	-0.027823	0.0057794
13.87	-0.027485	0.0086972
13.88	-0.027014	0.011606
13.89	-0.02651	0.014442
13.9	-0.025991	0.017366
13.91	-0.025508	0.020362
13.92	-0.025079	0.023286
13.93	-0.024958	0.026542
13.94	-0.024792	0.0298
13.95	-0.024626	0.032897
13.96	-0.02443	0.036207
13.97	-0.024073	0.03966
13.98	-0.023551	0.042954
13.99	-0.02322	0.046777
14	-0.022841	0.050552
14.01	-0.0225	0.054206
14.02	-0.022148	0.057517
14.03	-0.021812	0.060607
14.04	-0.021419	0.063952
14.05	-0.02116	0.067291
14.06	-0.020894	0.070543
14.07	-0.020924	0.073652
14.08	-0.021318	0.076526
14.09	-0.021868	0.079526
14.1	-0.022392	0.082427
14.11	-0.0227	0.085348
14.12	-0.023224	0.087998
14.13	-0.02392	0.090539
14.14	-0.02463	0.092921
14.15	-0.0253	0.095446
14.16	-0.025973	0.097953
14.17	-0.026438	0.10036
14.18	-0.027088	0.10241
14.19	-0.027617	0.1043
14.2	-0.028004	0.10609
14.21	-0.028153	0.10805
14.22	-0.028596	0.11
14.23	-0.029288	0.11178
14.24	-0.029913	0.11346
14.25	-0.030319	0.11495
14.26	-0.030723	0.11663
14.27	-0.031013	0.1182
14.28	-0.031253	0.11969
14.29	-0.031627	0.12106
14.3	-0.031941	0.12226
14.31	-0.031992	0.12325
14.32	-0.031921	0.12445
14.33	-0.031784	0.12555
14.34	-0.031587	0.12672
14.35	-0.031296	0.12774
14.36	-0.030986	0.12863
14.37	-0.030365	0.12934
14.38	-0.029935	0.12998
14.39	-0.029412	0.1307
14.4	-0.028785	0.13155
14.41	-0.028353	0.1318
14.42	-0.027716	0.13201
14.43	-0.026959	0.13181
14.44	-0.026479	0.13179
14.45	-0.026452	0.13181
14.46	-0.02651	0.13177
14.47	-0.026556	0.13172
14.48	-0.026803	0.13154
14.49	-0.027096	0.13128
14.5	-0.027328	0.13101
14.51	-0.027483	0.13077
14.52	-0.02773	0.1304
14.53	-0.028084	0.12977
14.54	-0.028256	0.12915
14.55	-0.028707	0.1286
14.56	-0.029389	0.1282
14.57	-0.029913	0.12784
14.58	-0.030512	0.12745
14.59	-0.031113	0.12718
14.6	-0.031662	0.12694
14.61	-0.032451	0.12671
14.62	-0.032971	0.12668
14.63	-0.033246	0.12668
14.64	-0.033673	0.12669
14.65	-0.033887	0.12676
14.66	-0.034316	0.1268
14.67	-0.035227	0.12671
14.68	-0.036603	0.12648
14.69	-0.03801	0.12688
14.7	-0.039412	0.12749
14.71	-0.040551	0.12802
14.72	-0.041903	0.12829
14.73	-0.043277	0.12853
14.74	-0.044669	0.12885
14.75	-0.04594	0.12897
14.76	-0.047356	0.12911
14.77	-0.048607	0.12899
14.78	-0.050003	0.12866
14.79	-0.051331	0.12849
14.8	-0.052463	0.12796
14.81	-0.053142	0.12725
14.82	-0.053822	0.12676
14.83	-0.054153	0.12622
14.84	-0.053784	0.12565
14.85	-0.053388	0.12506
14.86	-0.05286	0.12458
14.87	-0.052133	0.12406
14.88	-0.05165	0.12346
14.89	-0.051217	0.12277
14.9	-0.050735	0.12199
14.91	-0.050339	0.12148
14.92	-0.05011	0.12085
14.93	-0.049959	0.12029
14.94	-0.049849	0.11966
14.95	-0.049664	0.11901
14.96	-0.049713	0.11856
14.97	-0.049859	0.11781
14.98	-0.050015	0.11707
14.99	-0.050057	0.11643
15	-0.049893	0.11584
15.01	-0.049719	0.11513
15.02	-0.049691	0.11453
15.03	-0.049355	0.114
15.04	-0.049378	0.11349
15.05	-0.049411	0.11286
15.06	-0.049494	0.11211
15.07	-0.049638	0.11165
15.08	-0.049931	0.11133
15.09	-0.050246	0.11098
15.1	-0.050347	0.11054
15.11	-0.050536	0.11005
15.12	-0.05091	0.10948
15.13	-0.051439	0.10907
15.14	-0.052074	0.10881
15.15	-0.052718	0.1086
15.16	-0.053393	0.10826
15.17	-0.054054	0.10821
15.18	-0.054623	0.1078
15.19	-0.055024	0.10746
15.2	-0.055693	0.10733
15.21	-0.056683	0.10738
15.22	-0.057742	0.10741
15.23	-0.058772	0.10739
15.24	-0.05982	0.10744
15.25	-0.060474	0.10744
15.26	-0.060991	0.10753
15.27	-0.061429	0.10764
15.28	-0.06159	0.10785
15.29	-0.062054	0.10799
15.3	-0.062276	0.10816
15.31	-0.062622	0.1083
15.32	-0.062884	0.10823
15.33	-0.063272	0.10786
15.34	-0.063387	0.10758
15.35	-0.063486	0.1072
15.36	-0.063996	0.10693
15.37	-0.064401	0.10688
15.38	-0.064873	0.10647
15.39	-0.065265	0.106
15.4	-0.065857	0.10589
15.41	-0.066683	0.10571
15.42	-0.067517	0.10563
15.43	-0.068487	0.10556
15.44	-0.06921	0.10559
15.45	-0.069876	0.10565
15.46	-0.070288	0.10561
15.47	-0.070702	0.10557
15.48	-0.070821	0.10534
15.49	-0.071026	0.10488
15.5	-0.071083	0.10436
15.51	-0.071144	0.10358
15.52	-0.071227	0.10296
15.53	-0.071078	0.10225
15.54	-0.071151	0.10166
15.55	-0.071058	0.1011
15.56	-0.07099	0.1003
15.57	-0.070854	0.09947
15.58	-0.070719	0.098797
15.59	-0.070334	0.098398
15.6	-0.070064	0.098084
15.61	-0.070043	0.097561
15.62	-0.069893	0.097172
15.63	-0.069687	0.096709
15.64	-0.069269	0.096261
15.65	-0.069041	0.095652
15.66	-0.068863	0.095037
15.67	-0.068707	0.094455
15.68	-0.068358	0.093914
15.69	-0.068137	0.093392
15.7	-0.067748	0.09307
15.71	-0.067299	0.092798
15.72	-0.066781	0.092674
15.73	-0.066247	0.092369
15.74	-0.065453	0.091842
15.75	-0.064457	0.091473
15.76	-0.063686	0.091068
15.77	-0.062999	0.090737
15.78	-0.062245	0.090071
15.79	-0.061453	0.089605
15.8	-0.060852	0.088967
15.81	-0.060047	0.088125
15.82	-0.059604	0.087287
15.83	-0.059097	0.086479
15.84	-0.058485	0.085746
15.85	-0.05784	0.085134
15.86	-0.057145	0.084475
15.87	-0.056223	0.084036
15.88	-0.05531	0.083997
15.89	-0.054392	0.083661
15.9	-0.05346	0.083139
15.91	-0.052491	0.082448
15.92	-0.051488	0.081957
15.93	-0.05055	0.081783
15.94	-0.049696	0.081742
15.95	-0.048655	0.081807
15.96	-0.047873	0.081696
15.97	-0.047062	0.081634
15.98	-0.046488	0.081495
15.99	-0.045638	0.081451
16	-0.044552	0.081348
16.01	-0.04356	0.081488
16.02	-0.042434	0.081412
16.03	-0.041137	0.081137
16.04	-0.04009	0.080832
16.05	-0.038828	0.080626
16.06	-0.037765	0.080208
16.07	-0.036469	0.079875
16.08	-0.035117	0.079594
16.09	-0.033819	0.079478
16.1	-0.032563	0.079502
16.11	-0.031316	0.079621
16.12	-0.030321	0.079646
16.13	-0.029518	0.07996
16.14	-0.028629	0.080457
16.15	-0.027993	0.081193
16.16	-0.027438	0.08215
16.17	-0.026442	0.083358
16.18	-0.02553	0.084462
16.19	-0.024363	0.085652
16.2	-0.02331	0.086637
16.21	-0.022287	0.087559
16.22	-0.02129	0.088405
16.23	-0.020344	0.089402
16.24	-0.019234	0.090409
16.25	-0.018165	0.09138
16.26	-0.017213	0.092276
16.27	-0.016064	0.093157
16.28	-0.014719	0.093963
16.29	-0.013516	0.094759
16.3	-0.012134	0.095552
16.31	-0.010615	0.0965
16.32	-0.0091659	0.097562
16.33	-0.0075092	0.09866
16.34	-0.0060489	0.099791
16.35	-0.0047721	0.10081
16.36	-0.0030055	0.10185
16.37	-0.0014482	0.10289
16.38	0.0002483	0.10397
16.39	0.001785	0.10474
16.4	0.0034328	0.10554
16.41	0.0051556	0.10627
16.42	0.0065235	0.10718
16.43	0.0078705	0.10817
16.44	0.0091461	0.10945
16.45	0.010255	0.11083
16.46	0.011159	0.11212
16.47	0.012454	0.11335
16.48	0.013571	0.11458
16.49	0.01463	0.11565
16.5	0.015512	0.11671
16.51	0.01599	0.11776
16.52	0.016755	0.11848
16.53	0.017548	0.11905
16.54	0.018404	0.11948
16.55	0.019202	0.11988
16.56	0.019946	0.12018
16.57	0.020591	0.12032
16.58	0.021294	0.12036
16.59	0.022118	0.12064
16.6	0.022711	0.12091
16.61	0.023468	0.12116
16.62	0.024279	0.12154
16.63	0.025324	0.12214
16.64	0.026272	0.12301
16.65	0.027137	0.12355
16.66	0.028024	0.1242
16.67	0.029079	0.12471
16.68	0.030034	0.12512
16.69	0.030761	0.12519
16.7	0.031551	0.12537
16.71	0.032371	0.12558
16.72	0.033011	0.1255
16.73	0.033873	0.12553
16.74	0.034604	0.12558
16.75	0.035189	0.12542
16.76	0.035631	0.12534
16.77	0.035838	0.12499
16.78	0.035731	0.12446
16.79	0.035828	0.1238
16.8	0.036053	0.12341
16.81	0.036571	0.12336
16.82	0.036626	0.12316
16.83	0.037109	0.1232
16.84	0.037774	0.1235
16.85	0.038542	0.12386
16.86	0.039311	0.12423
16.87	0.040138	0.12456
16.88	0.041254	0.12513
16.89	0.042333	0.12545
16.9	0.043367	0.12578
16.91	0.044405	0.12609
16.92	0.045505	0.12657
16.93	0.046541	0.12705
16.94	0.047402	0.12756
16.95	0.04829	0.12759
16.96	0.049326	0.12762
16.97	0.050378	0.128
16.98	0.051304	0.12813
16.99	0.051964	0.12824
17	0.052348	0.12861
17.01	0.052776	0.12888
17.02	0.053023	0.12904
17.03	0.053451	0.12915
17.04	0.0538	0.12911
17.05	0.054341	0.12909
17.06	0.054767	0.12928
17.07	0.055209	0.12954
17.08	0.055703	0.12979
17.09	0.055958	0.12986
17.1	0.056302	0.12987
17.11	0.056768	0.1299
17.12	0.057343	0.12986
17.13	0.058041	0.13014
17.14	0.05882	0.13033
17.15	0.059699	0.1305
17.16	0.06094	0.13043
17.17	0.062097	0.13018
17.18	0.063043	0.12973
17.19	0.063991	0.12937
17.2	0.064842	0.12906
17.21	0.065561	0.12899
17.22	0.066329	0.12849
17.23	0.066972	0.12811
17.24	0.067494	0.12762
17.25	0.068001	0.12688
17.26	0.068341	0.12593
17.27	0.068611	0.12475
17.28	0.068678	0.12346
17.29	0.068632	0.12217
17.3	0.068673	0.12093
17.31	0.068751	0.11971
17.32	0.068563	0.11857
17.33	0.068244	0.11742
17.34	0.067432	0.11659
17.35	0.066698	0.11577
17.36	0.066128	0.11491
17.37	0.065496	0.11405
17.38	0.064767	0.11318
17.39	0.063914	0.11242
17.4	0.062889	0.11143
17.41	0.06199	0.11047
17.42	0.061066	0.10952
17.43	0.059811	0.10844
17.44	0.058691	0.10726
17.45	0.057437	0.10628
17.46	0.056016	0.10511
17.47	0.054391	0.10401
17.48	0.052904	0.10268
17.49	0.051593	0.10125
17.5	0.050468	0.0998
17.51	0.049168	0.098216
17.52	0.047946	0.09656
17.53	0.047016	0.095208
17.54	0.045806	0.093738
17.55	0.044688	0.09227
17.56	0.043558	0.090849
17.57	0.042825	0.089334
17.58	0.042181	0.087869
17.59	0.041497	0.086483
17.6	0.040568	0.085042
17.61	0.039708	0.083148
17.62	0.039057	0.081131
17.63	0.038465	0.078937
17.64	0.037963	0.076257
17.65	0.037535	0.073473
17.66	0.037071	0.070754
17.67	0.036621	0.067938
17.68	0.036605	0.065263
17.69	0.036562	0.062893
17.7	0.036483	0.060693
17.71	0.036301	0.058458
17.72	0.036079	0.056238
17.73	0.035862	0.054004
17.74	0.035452	0.051766
17.75	0.035007	0.049721
17.76	0.034336	0.047707
17.77	0.033761	0.045797
17.78	0.0331	0.044169
17.79	0.032832	0.042508
17.8	0.032303	0.041005
17.81	0.031612	0.039388
17.82	0.030973	0.037734
17.83	0.029965	0.035908
17.84	0.029158	0.034304
17.85	0.028423	0.032505
17.86	0.027888	0.030897
17.87	0.027663	0.029208
17.88	0.027385	0.027469
17.89	0.027254	0.025645
17.9	0.027215	0.023766
17.91	0.026969	0.021991
17.92	0.026426	0.019854
17.93	0.026011	0.017806
17.94	0.025465	0.015391
17.95	0.025108	0.013211
17.96	0.024726	0.011129
17.97	0.024441	0.0093444
17.98	0.024042	0.0075044
17.99	0.023988	0.005637
18	0.024184	0.0039161
18.01	0.024599	0.0020054
18.02	0.025177	-0.0002245
18.03	0.025688	-0.0023576
18.04	0.026361	-0.004362
18.05	0.026783	-0.0061688
18.06	0.027489	-0.0080623
18.07	0.028204	-0.0098041
18.08	0.028971	-0.011733
18.09	0.029855	-0.013467
18.1	0.030599	-0.015269
18.11	0.031212	-0.017061
18.12	0.031823	-0.018641
18.13	0.032492	-0.020372
18.14	0.033228	-0.022578
18.15	0.033879	-0.024835
18.16	0.034724	-0.026953
18.17	0.035351	-0.028999
18.18	0.035745	-0.030751
18.19	0.036192	-0.03247
18.2	0.036745	-0.03413
18.21	0.037304	-0.035534
18.22	0.037891	-0.036776
18.23	0.038049	-0.037669
18.24	0.038017	-0.038549
18.25	0.037987	-0.039324
18.26	0.038024	-0.040144
18.27	0.038233	-0.04081
18.28	0.038387	-0.041206
18.29	0.038561	-0.041834
18.3	0.038512	-0.042428
18.31	0.038493	-0.043128
18.32	0.038644	-0.043689
18.33	0.038991	-0.044555
18.34	0.03976	-0.045444
18.35	0.040157	-0.046197
18.36	0.040604	-0.046762
18.37	0.040805	-0.047435
18.38	0.041032	-0.04816
18.39	0.041098	-0.048828
18.4	0.041301	-0.049364
18.41	0.041486	-0.050041
18.42	0.04201	-0.050617
18.43	0.042597	-0.051284
18.44	0.043108	-0.051799
18.45	0.043583	-0.052267
18.46	0.043943	-0.052494
18.47	0.044485	-0.052625
18.48	0.044985	-0.052927
18.49	0.045513	-0.052942
18.5	0.04588	-0.052867
18.51	0.046197	-0.052695
18.52	0.046729	-0.052732
18.53	0.047543	-0.05288
18.54	0.048442	-0.053199
18.55	0.04939	-0.05351
18.56	0.050221	-0.053838
18.57	0.050886	-0.054207
18.58	0.051248	-0.054643
18.59	0.05144	-0.055042
18.6	0.051668	-0.055179
18.61	0.051963	-0.055817
18.62	0.052106	-0.056334
18.63	0.052382	-0.056929
18.64	0.052787	-0.057595
18.65	0.053411	-0.057961
18.66	0.053831	-0.057995
18.67	0.054249	-0.057938
18.68	0.054576	-0.057843
18.69	0.055114	-0.057545
18.7	0.05545	-0.057243
18.71	0.055964	-0.056772
18.72	0.056591	-0.05635
18.73	0.057174	-0.056148
18.74	0.057766	-0.055539
18.75	0.058547	-0.054863
18.76	0.059224	-0.054138
18.77	0.06022	-0.05367
18.78	0.061027	-0.053371
18.79	0.061756	-0.053145
18.8	0.062416	-0.052834
18.81	0.063013	-0.052514
18.82	0.063576	-0.052245
18.83	0.064179	-0.052043
18.84	0.064934	-0.051799
18.85	0.065828	-0.051667
18.86	0.066751	-0.051623
18.87	0.067931	-0.051837
18.88	0.069296	-0.051889
18.89	0.070641	-0.052134
18.9	0.071872	-0.05225
18.91	0.072812	-0.052437
18.92	0.073499	-0.052744
18.93	0.074211	-0.052874
18.94	0.07494	-0.052935
18.95	0.075431	-0.052895
18.96	0.075847	-0.052927
18.97	0.076313	-0.052943
18.98	0.076679	-0.052591
18.99	0.077179	-0.052085
19	0.077565	-0.051553
19.01	0.077997	-0.051287
19.02	0.078351	-0.050925
19.03	0.078551	-0.050278
19.04	0.078694	-0.049625
19.05	0.078866	-0.048746
19.06	0.078881	-0.048156
19.07	0.079203	-0.047547
19.08	0.078985	-0.046945
19.09	0.078549	-0.046461
19.1	0.078511	-0.045991
19.11	0.078573	-0.045303
19.12	0.078927	-0.04476
19.13	0.079315	-0.04411
19.14	0.080137	-0.04339
19.15	0.081137	-0.042708
19.16	0.08215	-0.042232
19.17	0.083188	-0.041813
19.18	0.084038	-0.041218
19.19	0.084871	-0.040569
19.2	0.085677	-0.039809
19.21	0.086238	-0.039089
19.22	0.086972	-0.038757
19.23	0.087651	-0.038255
19.24	0.08829	-0.038011
19.25	0.089182	-0.037775
19.26	0.089949	-0.037593
19.27	0.090401	-0.037403
19.28	0.090382	-0.036972
19.29	0.090174	-0.03665
19.3	0.09015	-0.036402
19.31	0.090016	-0.035988
19.32	0.089686	-0.035692
19.33	0.089172	-0.035464
19.34	0.088668	-0.035052
19.35	0.08832	-0.034517
19.36	0.087874	-0.034026
19.37	0.087503	-0.033295
19.38	0.087157	-0.032615
19.39	0.086791	-0.031904
19.4	0.086069	-0.031234
19.41	0.085151	-0.03093
19.42	0.084354	-0.030923
19.43	0.083632	-0.030719
19.44	0.082985	-0.030466
19.45	0.082178	-0.030293
19.46	0.081465	-0.030156
19.47	0.080788	-0.030104
19.48	0.080226	-0.030084
19.49	0.079492	-0.030142
19.5	0.078551	-0.030285
19.51	0.077284	-0.030536
19.52	0.075648	-0.030915
19.53	0.074071	-0.031436
19.54	0.072469	-0.031802
19.55	0.070889	-0.032148
19.56	0.069417	-0.032455
19.57	0.067919	-0.032835
19.58	0.0663	-0.033043
19.59	0.064776	-0.033288
19.6	0.0634	-0.03348
19.61	0.061972	-0.033731
19.62	0.060709	-0.034052
19.63	0.059405	-0.034231
19.64	0.058059	-0.03435
19.65	0.05673	-0.034442
19.66	0.055718	-0.034432
19.67	0.054564	-0.034519
19.68	0.053587	-0.034414
19.69	0.052351	-0.034155
19.7	0.051124	-0.033689
19.71	0.049721	-0.033061
19.72	0.048313	-0.032324
19.73	0.046971	-0.031599
19.74	0.045531	-0.030833
19.75	0.044253	-0.029971
19.76	0.042926	-0.029234
19.77	0.041581	-0.028537
19.78	0.040285	-0.027717
19.79	0.039094	-0.026876
19.8	0.03797	-0.025824
19.81	0.036716	-0.024711
19.82	0.035527	-0.023514
19.83	0.034438	-0.022339
19.84	0.033502	-0.020992
19.85	0.032712	-0.01978
19.86	0.031856	-0.018705
19.87	0.031062	-0.017747
19.88	0.030621	-0.016645
19.89	0.030185	-0.015547
19.9	0.029334	-0.014516
19.91	0.028391	-0.013412
19.92	0.027532	-0.012386
19.93	0.027087	-0.011032
19.94	0.026649	-0.0097127
19.95	0.026404	-0.0084349
19.96	0.02612	-0.0070154
19.97	0.025869	-0.0055328
19.98	0.025715	-0.0038749
19.99	0.025483	-0.0023847
20	0.02537	-0.0014357
20.01	0.025626	-0.00039354
20.02	0.026051	0.00081749
20.03	0.026743	0.0022447
20.04	0.027326	0.0037912
20.05	0.027716	0.0050561
20.06	0.027984	0.0060432
20.07	0.02832	0.0070179
20.08	0.028488	0.0081193
20.09	0.028755	0.0091168
20.1	0.028975	0.010097
20.11	0.029192	0.011266
20.12	0.029471	0.01213
20.13	0.029849	0.012867
20.14	0.030114	0.013692
20.15	0.030386	0.01454
20.16	0.030759	0.015355
20.17	0.031394	0.016236
20.18	0.032153	0.017309
20.19	0.032955	0.018533
20.2	0.033808	0.019698
20.21	0.034635	0.021016
20.22	0.035286	0.022347
20.23	0.036162	0.02345
20.24	0.03702	0.024748
20.25	0.037557	0.025828
20.26	0.037878	0.027037
20.27	0.038076	0.02799
20.28	0.038217	0.029112
20.29	0.038665	0.02994
20.3	0.038885	0.03055
20.31	0.039208	0.031512
20.32	0.03951	0.032402
20.33	0.039814	0.03292
20.34	0.040216	0.033508
20.35	0.040779	0.034182
20.36	0.041294	0.034952
20.37	0.041772	0.035924
20.38	0.042514	0.036804
20.39	0.042879	0.037802
20.4	0.043093	0.038756
20.41	0.043315	0.039467
20.42	0.043459	0.040143
20.43	0.043724	0.040997
20.44	0.043939	0.041857
20.45	0.044217	0.042532
20.46	0.04444	0.043345
20.47	0.044701	0.04443
20.48	0.044861	0.045337
20.49	0.044985	0.046131
20.5	0.044988	0.046667
20.51	0.045083	0.047337
20.52	0.045284	0.047773
20.53	0.04555	0.048134
20.54	0.045611	0.048649
20.55	0.045691	0.049344
20.56	0.04597	0.050076
20.57	0.046406	0.050835
20.58	0.04706	0.051317
20.59	0.047892	0.051803
20.6	0.04888	0.052017
20.61	0.049969	0.052238
20.62	0.050921	0.052618
20.63	0.05215	0.053248
20.64	0.053302	0.053729
20.65	0.0543	0.054195
20.66	0.055153	0.05484
20.67	0.055845	0.055672
20.68	0.056501	0.056485
20.69	0.057128	0.057435
20.7	0.058038	0.058403
20.71	0.058814	0.059459
20.72	0.059434	0.060369
20.73	0.060059	0.061445
20.74	0.060493	0.062552
20.75	0.060841	0.063347
20.76	0.061113	0.0641
20.77	0.061566	0.064906
20.78	0.062019	0.065799
20.79	0.06248	0.066733
20.8	0.062945	0.067866
20.81	0.063101	0.069072
20.82	0.063229	0.070405
20.83	0.063338	0.071978
20.84	0.063246	0.073458
20.85	0.063002	0.075234
20.86	0.062581	0.077219
20.87	0.061808	0.079137
20.88	0.061025	0.080798
20.89	0.060171	0.082205
20.9	0.059314	0.0836
20.91	0.058634	0.084819
20.92	0.058169	0.085731
20.93	0.057577	0.086466
20.94	0.056913	0.08702
20.95	0.056165	0.087458
20.96	0.055352	0.087955
20.97	0.054869	0.088351
20.98	0.054518	0.088537
20.99	0.054246	0.088616
21	0.054086	0.088585
21.01	0.054107	0.088334
21.02	0.053988	0.087968
21.03	0.053843	0.087863
21.04	0.054229	0.087571
21.05	0.054804	0.087113
21.06	0.055435	0.086983
21.07	0.056109	0.087072
21.08	0.056782	0.087123
21.09	0.057263	0.087088
21.1	0.057692	0.087045
21.11	0.058336	0.086883
21.12	0.058925	0.086676
21.13	0.059779	0.086466
21.14	0.060489	0.086101
21.15	0.061239	0.085801
21.16	0.061905	0.085678
21.17	0.062391	0.085451
21.18	0.063009	0.08513
21.19	0.063587	0.084596
21.2	0.063903	0.084115
21.21	0.064219	0.083292
21.22	0.064618	0.08267
21.23	0.065094	0.081987
21.24	0.065374	0.081195
21.25	0.065778	0.080399
21.26	0.066277	0.079662
21.27	0.066903	0.078771
21.28	0.067445	0.07793
21.29	0.068358	0.077236
21.3	0.069179	0.076692
21.31	0.0699	0.076565
21.32	0.07039	0.076572
21.33	0.070929	0.076325
21.34	0.07135	0.075982
21.35	0.071862	0.075631
21.36	0.072479	0.07524
21.37	0.073168	0.075028
21.38	0.073739	0.074901
21.39	0.074325	0.074567
21.4	0.075001	0.074239
21.41	0.075846	0.073983
21.42	0.076935	0.073525
21.43	0.078057	0.072765
21.44	0.078842	0.071898
21.45	0.079614	0.071229
21.46	0.08081	0.070458
21.47	0.082175	0.069398
21.48	0.083395	0.068125
21.49	0.084299	0.066808
21.5	0.085406	0.065447
21.51	0.086336	0.064105
21.52	0.087016	0.062748
21.53	0.087549	0.061381
21.54	0.087974	0.059928
21.55	0.0883	0.058728
21.56	0.088469	0.057399
21.57	0.088456	0.055846
21.58	0.088362	0.054094
21.59	0.088262	0.052318
21.6	0.087871	0.050254
21.61	0.087158	0.048084
21.62	0.0864	0.046015
21.63	0.085516	0.043824
21.64	0.08471	0.041988
21.65	0.083712	0.040221
21.66	0.082715	0.038514
21.67	0.081617	0.037014
21.68	0.080499	0.035594
21.69	0.079242	0.034453
21.7	0.077925	0.033461
21.71	0.076332	0.032408
21.72	0.074659	0.031423
21.73	0.072856	0.030653
21.74	0.071224	0.029925
21.75	0.069621	0.029114
21.76	0.068219	0.028385
21.77	0.066725	0.027513
21.78	0.065306	0.02652
21.79	0.063993	0.025662
21.8	0.06261	0.024795
21.81	0.061215	0.023746
21.82	0.059595	0.022698
21.83	0.058157	0.021417
21.84	0.056853	0.020149
21.85	0.055507	0.018799
21.86	0.054232	0.017263
21.87	0.053113	0.015757
21.88	0.051802	0.013981
21.89	0.050622	0.012343
21.9	0.049421	0.010754
21.91	0.048527	0.0091564
21.92	0.04767	0.0075165
21.93	0.046879	0.005842
21.94	0.046102	0.0039829
21.95	0.045443	0.0021724
21.96	0.044765	0.0002618
21.97	0.044067	-0.001613
21.98	0.043404	-0.0033481
21.99	0.042925	-0.0048827
22	0.042282	-0.006676
22.01	0.041601	-0.008501
22.02	0.040981	-0.010549
22.03	0.040312	-0.012715
22.04	0.039843	-0.01502
22.05	0.039366	-0.017243
22.06	0.03873	-0.019498
22.07	0.03795	-0.021828
22.08	0.037033	-0.024219
22.09	0.036213	-0.026648
22.1	0.035663	-0.028978
22.11	0.034971	-0.031623
22.12	0.034364	-0.034302
22.13	0.033637	-0.036969
22.14	0.032757	-0.039332
22.15	0.032029	-0.041621
22.16	0.031486	-0.043838
22.17	0.030756	-0.045768
22.18	0.02997	-0.047577
22.19	0.029103	-0.049539
22.2	0.028179	-0.051207
22.21	0.027228	-0.052953
22.22	0.026294	-0.054425
22.23	0.025529	-0.056184
22.24	0.024653	-0.058026
22.25	0.023955	-0.05973
22.26	0.023241	-0.06156
22.27	0.022521	-0.06339
22.28	0.02169	-0.065216
22.29	0.020726	-0.067041
22.3	0.019631	-0.068723
22.31	0.018557	-0.070444
22.32	0.017463	-0.072236
22.33	0.016447	-0.074173
22.34	0.015356	-0.075895
22.35	0.014277	-0.07784
22.36	0.013309	-0.079791
22.37	0.012442	-0.081948
22.38	0.011531	-0.084005
22.39	0.010268	-0.085905
22.4	0.0089969	-0.087815
22.41	0.0079137	-0.089382
22.42	0.0065761	-0.09095
22.43	0.0052976	-0.092512
22.44	0.0040409	-0.09397
22.45	0.0028369	-0.095199
22.46	0.0015868	-0.096306
22.47	0.00015905	-0.097576
22.48	-0.001097	-0.098824
22.49	-0.0022371	-0.10042
22.5	-0.003409	-0.1021
22.51	-0.004234	-0.10393
22.52	-0.0046128	-0.10576
22.53	-0.0048266	-0.10754
22.54	-0.0050273	-0.10941
22.55	-0.0051792	-0.11128
22.56	-0.0053421	-0.11321
22.57	-0.0056302	-0.1151
22.58	-0.0061151	-0.11688
22.59	-0.0067118	-0.11843
22.6	-0.0072035	-0.12011
22.61	-0.0078996	-0.12184
22.62	-0.0086623	-0.12346
22.63	-0.0090986	-0.1248
22.64	-0.009543	-0.12622
22.65	-0.010117	-0.12755
22.66	-0.010565	-0.12861
22.67	-0.010918	-0.12972
22.68	-0.011036	-0.13126
22.69	-0.011419	-0.13289
22.7	-0.011694	-0.13416
22.71	-0.011969	-0.13542
22.72	-0.012353	-0.13664
22.73	-0.012631	-0.13774
22.74	-0.012956	-0.13873
22.75	-0.013249	-0.13995
22.76	-0.013321	-0.14103
22.77	-0.013116	-0.14219
22.78	-0.012806	-0.14357
22.79	-0.012424	-0.14492
22.8	-0.012117	-0.14645
22.81	-0.011413	-0.14828
22.82	-0.010542	-0.15009
22.83	-0.0095289	-0.15187
22.84	-0.0086568	-0.15349
22.85	-0.007842	-0.15511
22.86	-0.007198	-0.15694
22.87	-0.006448	-0.15893
22.88	-0.0058831	-0.16108
22.89	-0.0052859	-0.16298
22.9	-0.0047176	-0.16465
22.91	-0.0042875	-0.16626
22.92	-0.0040871	-0.16765
22.93	-0.0039661	-0.16882
22.94	-0.0038954	-0.16993
22.95	-0.0036924	-0.17119
22.96	-0.0035183	-0.17258
22.97	-0.0034882	-0.17412
22.98	-0.0036595	-0.17568
22.99	-0.0038587	-0.17722
23	-0.0039046	-0.17875
23.01	-0.0040153	-0.18031
23.02	-0.0041382	-0.18189
23.03	-0.0042742	-0.18348
23.04	-0.0041848	-0.18494
23.05	-0.0039351	-0.18627
23.06	-0.0035503	-0.18767
23.07	-0.0030474	-0.18945
23.08	-0.0025075	-0.19135
23.09	-0.00214	-0.19329
23.1	-0.0018176	-0.19532
23.11	-0.0012667	-0.19715
23.12	-0.0008973	-0.19886
23.13	-0.00056395	-0.20061
23.14	-0.00031638	-0.20231
23.15	-0.00017813	-0.20406
23.16	-3.6361e-05	-0.2057
23.17	-0.00013689	-0.20747
23.18	-0.00014393	-0.20907
23.19	-0.00024603	-0.21051
23.2	-0.00024405	-0.21192
23.21	0.0001523	-0.21349
23.22	0.00067597	-0.21533
23.23	0.0013321	-0.21717
23.24	0.0018811	-0.21916
23.25	0.0022758	-0.22115
23.26	0.0030938	-0.22293
23.27	0.0040508	-0.2248
23.28	0.005198	-0.22657
23.29	0.0063386	-0.22808
23.3	0.0073148	-0.22953
23.31	0.0082089	-0.23074
23.32	0.0093297	-0.2321
23.33	0.010633	-0.23314
23.34	0.012101	-0.23405
23.35	0.013653	-0.23476
23.36	0.015509	-0.23546
23.37	0.017102	-0.23618
23.38	0.018667	-0.23699
23.39	0.020271	-0.23775
23.4	0.021935	-0.23853
23.41	0.023509	-0.23932
23.42	0.024929	-0.23989
23.43	0.026304	-0.24037
23.44	0.027595	-0.24109
23.45	0.028739	-0.24162
23.46	0.030263	-0.24209
23.47	0.031537	-0.2426
23.48	0.032966	-0.24288
23.49	0.034479	-0.24301
23.5	0.036306	-0.24305
23.51	0.038042	-0.24317
23.52	0.039806	-0.24332
23.53	0.04162	-0.24349
23.54	0.04359	-0.24383
23.55	0.045547	-0.24413
23.56	0.047264	-0.24451
23.57	0.048644	-0.24472
23.58	0.050199	-0.24476
23.59	0.051793	-0.24437
23.6	0.053574	-0.24398
23.61	0.05525	-0.24365
23.62	0.056972	-0.24313
23.63	0.058445	-0.2425
23.64	0.059986	-0.24177
23.65	0.061701	-0.24102
23.66	0.063454	-0.24011
23.67	0.064813	-0.23898
23.68	0.066056	-0.23797
23.69	0.067251	-0.23687
23.7	0.068249	-0.23549
23.71	0.069384	-0.23427
23.72	0.070473	-0.2331
23.73	0.071455	-0.23208
23.74	0.072184	-0.23098
23.75	0.072569	-0.22993
23.76	0.073021	-0.22859
23.77	0.073492	-0.22724
23.78	0.07395	-0.22577
23.79	0.074326	-0.22416
23.8	0.074607	-0.22238
23.81	0.075027	-0.22063
23.82	0.075401	-0.21904
23.83	0.075872	-0.21719
23.84	0.076532	-0.21536
23.85	0.077362	-0.21349
23.86	0.077968	-0.21167
23.87	0.078498	-0.21002
23.88	0.07913	-0.2082
23.89	0.079913	-0.20625
23.9	0.080732	-0.20433
23.91	0.081416	-0.20229
23.92	0.081749	-0.20031
23.93	0.082096	-0.19817
23.94	0.082274	-0.19595
23.95	0.082251	-0.19367
23.96	0.082074	-0.19144
23.97	0.081784	-0.18909
23.98	0.081556	-0.18671
23.99	0.081283	-0.18442
24	0.080963	-0.18202
24.01	0.080626	-0.17966
24.02	0.080284	-0.17762
24.03	0.079935	-0.17575
24.04	0.079436	-0.17413
24.05	0.078728	-0.17257
24.06	0.078159	-0.17122
24.07	0.077471	-0.16934
24.08	0.076919	-0.16701
24.09	0.076361	-0.16477
24.1	0.075659	-0.16271
24.11	0.075178	-0.16075
24.12	0.074635	-0.15884
24.13	0.07446	-0.15686
24.14	0.074494	-0.15488
24.15	0.074478	-0.15284
24.16	0.074176	-0.15063
24.17	0.074023	-0.14829
24.18	0.073772	-0.14596
24.19	0.073503	-0.14377
24.2	0.07304	-0.14175
24.21	0.072548	-0.13972
24.22	0.071878	-0.13769
24.23	0.071251	-0.13543
24.24	0.070774	-0.13318
24.25	0.070436	-0.13116
24.26	0.070103	-0.12938
24.27	0.069869	-0.1276
24.28	0.069771	-0.12595
24.29	0.069671	-0.12423
24.3	0.070018	-0.12245
24.31	0.070271	-0.12038
24.32	0.070444	-0.11812
24.33	0.070724	-0.11576
24.34	0.071254	-0.11341
24.35	0.071839	-0.11121
24.36	0.072371	-0.10921
24.37	0.073232	-0.10707
24.38	0.07396	-0.10479
24.39	0.074757	-0.10273
24.4	0.075521	-0.10074
24.41	0.076184	-0.098795
24.42	0.076669	-0.096703
24.43	0.077297	-0.094627
24.44	0.077977	-0.092632
24.45	0.078205	-0.09088
24.46	0.078462	-0.089137
24.47	0.078649	-0.087418
24.48	0.078964	-0.085764
24.49	0.079332	-0.084656
24.5	0.079635	-0.083856
24.51	0.079889	-0.083052
24.52	0.080326	-0.082271
24.53	0.080823	-0.081456
24.54	0.081277	-0.080717
24.55	0.081556	-0.079806
24.56	0.082	-0.078822
24.57	0.082533	-0.077875
24.58	0.083158	-0.07682
24.59	0.083846	-0.075933
24.6	0.084403	-0.07529
24.61	0.085208	-0.074679
24.62	0.085973	-0.074179
24.63	0.086891	-0.073472
24.64	0.087675	-0.072734
24.65	0.088656	-0.072098
24.66	0.089544	-0.071308
24.67	0.090332	-0.070301
24.68	0.09104	-0.069168
24.69	0.091446	-0.068046
24.7	0.091629	-0.066878
24.71	0.091803	-0.065572
24.72	0.091969	-0.064186
24.73	0.092084	-0.062676
24.74	0.092216	-0.061315
24.75	0.092156	-0.060053
24.76	0.091809	-0.058309
24.77	0.091318	-0.056674
24.78	0.090804	-0.054945
24.79	0.090541	-0.053401
24.8	0.090542	-0.051681
24.81	0.09045	-0.049933
24.82	0.090517	-0.04821
24.83	0.090426	-0.046688
24.84	0.090547	-0.045279
24.85	0.090484	-0.043684
24.86	0.090886	-0.042059
24.87	0.091554	-0.040631
24.88	0.092135	-0.03926
24.89	0.092945	-0.037551
24.9	0.09367	-0.035802
24.91	0.094258	-0.033878
24.92	0.094686	-0.032054
24.93	0.095168	-0.030318
24.94	0.095674	-0.028536
24.95	0.095902	-0.026968
24.96	0.096194	-0.025428
24.97	0.09665	-0.02385
24.98	0.097221	-0.022358
24.99	0.097673	-0.020963
25	0.098206	-0.019624
25.01	0.098907	-0.018376
25.02	0.09971	-0.017506
25.03	0.10065	-0.016814
25.04	0.10153	-0.016159
25.05	0.10226	-0.015423
25.06	0.10321	-0.014637
25.07	0.10406	-0.013896
25.08	0.10477	-0.012889
25.09	0.1054	-0.011952
25.1	0.10581	-0.010806
25.11	0.10637	-0.0094845
25.12	0.10684	-0.007918
25.13	0.10743	-0.0063605
25.14	0.10851	-0.0049523
25.15	0.10942	-0.0037143
25.16	0.11001	-0.0022257
25.17	0.11053	-0.00049428
25.18	0.1108	0.0010252
25.19	0.11098	0.0026107
25.2	0.11097	0.0040902
25.21	0.11075	0.0056697
25.22	0.11062	0.0073062
25.23	0.11035	0.0089918
25.24	0.10987	0.010453
25.25	0.10913	0.011865
25.26	0.10867	0.013542
25.27	0.10826	0.01513
25.28	0.10778	0.016825
25.29	0.10733	0.018606
25.3	0.10701	0.020304
25.31	0.107	0.021837
25.32	0.107	0.023266
25.33	0.10715	0.024645
25.34	0.10735	0.025708
25.35	0.10759	0.026721
25.36	0.10785	0.027766
25.37	0.10823	0.028505
25.38	0.10876	0.0292
25.39	0.10924	0.02992
25.4	0.10973	0.030609
25.41	0.11028	0.031045
25.42	0.11111	0.031483
25.43	0.11205	0.03227
25.44	0.11278	0.032956
25.45	0.11355	0.033874
25.46	0.11408	0.034738
25.47	0.11476	0.035509
25.48	0.11548	0.036335
25.49	0.11636	0.03719
25.5	0.1172	0.038097
25.51	0.11796	0.038859
25.52	0.11866	0.039404
25.53	0.11949	0.039885
25.54	0.12019	0.040329
25.55	0.1209	0.040678
25.56	0.1216	0.041087
25.57	0.12228	0.041455
25.58	0.12251	0.041719
25.59	0.12283	0.041751
25.6	0.12302	0.041858
25.61	0.1232	0.042371
25.62	0.12357	0.042913
25.63	0.12394	0.043387
25.64	0.12429	0.044179
25.65	0.12475	0.044722
25.66	0.12496	0.045444
25.67	0.12513	0.046178
25.68	0.12519	0.046953
25.69	0.12557	0.047696
25.7	0.126	0.048502
25.71	0.12635	0.049241
25.72	0.12662	0.049896
25.73	0.12676	0.050513
25.74	0.12704	0.051144
25.75	0.127	0.051686
25.76	0.12683	0.05209
25.77	0.12659	0.052597
25.78	0.12628	0.053174
25.79	0.12582	0.053917
25.8	0.12524	0.054408
25.81	0.12478	0.054751
25.82	0.12452	0.055078
25.83	0.12415	0.055496
25.84	0.12375	0.055752
25.85	0.12349	0.056011
25.86	0.12281	0.056452
25.87	0.12229	0.056815
25.88	0.12165	0.057106
25.89	0.12097	0.057316
25.9	0.12029	0.057431
25.91	0.11956	0.057609
25.92	0.11873	0.057867
25.93	0.11776	0.058365
25.94	0.1171	0.058761
25.95	0.11656	0.059255
25.96	0.11623	0.059727
25.97	0.11565	0.05998
25.98	0.115	0.060283
25.99	0.11443	0.060489
26	0.11373	0.060729
26.01	0.11311	0.06101
26.02	0.11251	0.06136
26.03	0.11171	0.061439
26.04	0.11109	0.061593
26.05	0.11037	0.061694
26.06	0.10973	0.061765
26.07	0.1088	0.061782
26.08	0.10777	0.06181
26.09	0.10677	0.061895
26.1	0.10559	0.062107
26.11	0.10459	0.062152
26.12	0.10373	0.062063
26.13	0.10266	0.062193
26.14	0.1013	0.062443
26.15	0.10005	0.062719
26.16	0.098888	0.062947
26.17	0.097737	0.063058
26.18	0.096656	0.063165
26.19	0.095566	0.06331
26.2	0.094502	0.063551
26.21	0.09353	0.063844
26.22	0.092527	0.064164
26.23	0.091433	0.064485
26.24	0.090393	0.064647
26.25	0.089733	0.064762
26.26	0.088789	0.064786
26.27	0.087824	0.064773
26.28	0.086841	0.064707
26.29	0.085655	0.064401
26.3	0.084429	0.064243
26.31	0.083326	0.064036
26.32	0.082359	0.06379
26.33	0.081361	0.063848
26.34	0.080102	0.063941
26.35	0.078816	0.064278
26.36	0.077522	0.064644
26.37	0.075882	0.064704
26.38	0.074319	0.065059
26.39	0.072836	0.065243
26.4	0.071315	0.065367
26.41	0.069759	0.065612
26.42	0.068195	0.065761
26.43	0.066465	0.066013
26.44	0.064714	0.066635
26.45	0.063123	0.06726
26.46	0.061702	0.067699
26.47	0.060211	0.068292
26.48	0.058668	0.068924
26.49	0.057422	0.069643
26.5	0.056194	0.070283
26.51	0.055083	0.070477
26.52	0.053941	0.070527
26.53	0.052774	0.070586
26.54	0.051961	0.070439
26.55	0.051105	0.070149
26.56	0.050244	0.070129
26.57	0.04939	0.07021
26.58	0.048334	0.070296
26.59	0.04711	0.070389
26.6	0.045848	0.070546
26.61	0.044413	0.070826
26.62	0.042982	0.071069
26.63	0.041233	0.071153
26.64	0.039491	0.071452
26.65	0.037881	0.071653
26.66	0.036186	0.071916
26.67	0.034471	0.072164
26.68	0.032748	0.07236
26.69	0.031228	0.072764
26.7	0.029749	0.073117
26.71	0.028126	0.073334
26.72	0.026672	0.073388
26.73	0.025156	0.073452
26.74	0.023656	0.073318
26.75	0.022065	0.073169
26.76	0.020476	0.073076
26.77	0.018807	0.072593
26.78	0.017198	0.071871
26.79	0.015505	0.071075
26.8	0.013851	0.070172
26.81	0.012066	0.069372
26.82	0.010046	0.068579
26.83	0.008108	0.067792
26.84	0.0062462	0.06692
26.85	0.0045215	0.06617
26.86	0.0026979	0.065448
26.87	0.0012269	0.064929
26.88	-6.7185e-05	0.064471
26.89	-0.0012608	0.063809
26.9	-0.0022387	0.062796
26.91	-0.0032811	0.061762
26.92	-0.0040296	0.06058
26.93	-0.0046688	0.0594
26.94	-0.0052585	0.058404
26.95	-0.0061035	0.057482
26.96	-0.0067985	0.056531
26.97	-0.0074898	0.055804
26.98	-0.0081271	0.055225
26.99	-0.0085883	0.0545
27	-0.0089238	0.053514
27.01	-0.0093345	0.052466
27.02	-0.0097764	0.051482
27.03	-0.010408	0.050606
27.04	-0.010885	0.049764
27.05	-0.011369	0.049101
27.06	-0.011843	0.048543
27.07	-0.01247	0.047907
27.08	-0.013028	0.047356
27.09	-0.013697	0.046836
27.1	-0.014452	0.046647
27.11	-0.015184	0.046509
27.12	-0.016288	0.046214
27.13	-0.017067	0.045909
27.14	-0.01786	0.04554
27.15	-0.018668	0.045171
27.16	-0.019498	0.044748
27.17	-0.020275	0.044312
27.18	-0.021145	0.044064
27.19	-0.021976	0.043788
27.2	-0.023091	0.043607
27.21	-0.024133	0.0432
27.22	-0.02531	0.042741
27.23	-0.026355	0.042408
27.24	-0.027522	0.042233
27.25	-0.028969	0.042079
27.26	-0.030632	0.041892
27.27	-0.032058	0.041383
27.28	-0.033483	0.040807
27.29	-0.034957	0.040032
27.3	-0.036191	0.039364
27.31	-0.037308	0.038626
27.32	-0.03855	0.038022
27.33	-0.039734	0.037433
27.34	-0.040947	0.036523
27.35	-0.042189	0.035369
27.36	-0.043592	0.034173
27.37	-0.044707	0.032956
27.38	-0.045856	0.031744
27.39	-0.046906	0.030444
27.4	-0.048054	0.029348
27.41	-0.04919	0.028269
27.42	-0.050111	0.027292
27.43	-0.050922	0.026119
27.44	-0.051851	0.024782
27.45	-0.052708	0.023704
27.46	-0.053432	0.022686
27.47	-0.05407	0.0217
27.48	-0.054639	0.020741
27.49	-0.055121	0.01979
27.5	-0.055436	0.018784
27.51	-0.055818	0.017733
27.52	-0.05629	0.016782
27.53	-0.056905	0.016015
27.54	-0.057617	0.015238
27.55	-0.058219	0.014741
27.56	-0.058823	0.014296
27.57	-0.059545	0.013708
27.58	-0.060159	0.013082
27.59	-0.060849	0.012388
27.6	-0.061466	0.011674
27.61	-0.062003	0.01096
27.62	-0.062487	0.010153
27.63	-0.062806	0.0092611
27.64	-0.062905	0.0083111
27.65	-0.063109	0.0076339
27.66	-0.063304	0.0069838
27.67	-0.063371	0.0062494
27.68	-0.063603	0.0056963
27.69	-0.063814	0.0053049
27.7	-0.064074	0.0050859
27.71	-0.064527	0.0048052
27.72	-0.064796	0.0045168
27.73	-0.065216	0.0042316
27.74	-0.065626	0.0037059
27.75	-0.06596	0.0031703
27.76	-0.066109	0.0027191
27.77	-0.066192	0.0021538
27.78	-0.066327	0.0016348
27.79	-0.066579	0.0012869
27.8	-0.066838	0.0010509
27.81	-0.067099	0.00071994
27.82	-0.067302	0.00022009
27.83	-0.067343	-0.00056575
27.84	-0.067196	-0.0014534
27.85	-0.06698	-0.0024713
27.86	-0.066846	-0.0035047
27.87	-0.06654	-0.0046567
27.88	-0.066368	-0.0058757
27.89	-0.066013	-0.0074768
27.9	-0.065728	-0.0091095
27.91	-0.065461	-0.010756
27.92	-0.065139	-0.012385
27.93	-0.064784	-0.013926
27.94	-0.064465	-0.015609
27.95	-0.06413	-0.017352
27.96	-0.063839	-0.019329
27.97	-0.063571	-0.021373
27.98	-0.063306	-0.023316
27.99	-0.063235	-0.025336
28	-0.063123	-0.0272
28.01	-0.062827	-0.029012
28.02	-0.062397	-0.030706
28.03	-0.061988	-0.032657
28.04	-0.061579	-0.034496
28.05	-0.061224	-0.036558
28.06	-0.061016	-0.038815
28.07	-0.060673	-0.041225
28.08	-0.060461	-0.043448
28.09	-0.060219	-0.045615
28.1	-0.060098	-0.047813
28.11	-0.059949	-0.049864
28.12	-0.059762	-0.05156
28.13	-0.059595	-0.053257
28.14	-0.059382	-0.054877
28.15	-0.059194	-0.056322
28.16	-0.058781	-0.057497
28.17	-0.058443	-0.058895
28.18	-0.058071	-0.060353
28.19	-0.057705	-0.061744
28.2	-0.057415	-0.063147
28.21	-0.057196	-0.064549
28.22	-0.056921	-0.065965
28.23	-0.05662	-0.067329
28.24	-0.056428	-0.068501
28.25	-0.056118	-0.069448
28.26	-0.05575	-0.070713
28.27	-0.055311	-0.07196
28.28	-0.054815	-0.073202
28.29	-0.054065	-0.074519
28.3	-0.053497	-0.07569
28.31	-0.052787	-0.076684
28.32	-0.052131	-0.077469
28.33	-0.051544	-0.07825
28.34	-0.050983	-0.078988
28.35	-0.050378	-0.079549
28.36	-0.049777	-0.080157
28.37	-0.04903	-0.080486
28.38	-0.048327	-0.080606
28.39	-0.047718	-0.080725
28.4	-0.04711	-0.080982
28.41	-0.04669	-0.081368
28.42	-0.046265	-0.081862
28.43	-0.045864	-0.082122
28.44	-0.045425	-0.082465
28.45	-0.045108	-0.08269
28.46	-0.045038	-0.083039
28.47	-0.044874	-0.083419
28.48	-0.044582	-0.08399
28.49	-0.04434	-0.08466
28.5	-0.044022	-0.085357
28.51	-0.043436	-0.086094
28.52	-0.043035	-0.086745
28.53	-0.042711	-0.087477
28.54	-0.042397	-0.088511
28.55	-0.042175	-0.089608
28.56	-0.042133	-0.090626
28.57	-0.042211	-0.091774
28.58	-0.042176	-0.092872
28.59	-0.042311	-0.093698
28.6	-0.042426	-0.094686
28.61	-0.042595	-0.095477
28.62	-0.042719	-0.096258
28.63	-0.042888	-0.096896
28.64	-0.043143	-0.097284
28.65	-0.043274	-0.097633
28.66	-0.043258	-0.097872
28.67	-0.043113	-0.098057
28.68	-0.042913	-0.098323
28.69	-0.042647	-0.09832
28.7	-0.042272	-0.098403
28.71	-0.04229	-0.098518
28.72	-0.042363	-0.098588
28.73	-0.04223	-0.098486
28.74	-0.041983	-0.09842
28.75	-0.041639	-0.09844
28.76	-0.041339	-0.098563
28.77	-0.040949	-0.098777
28.78	-0.040604	-0.099218
28.79	-0.040462	-0.10014
28.8	-0.040351	-0.1011
28.81	-0.040065	-0.10162
28.82	-0.039739	-0.10232
28.83	-0.039286	-0.10286
28.84	-0.038858	-0.10352
28.85	-0.038294	-0.10407
28.86	-0.037619	-0.10469
28.87	-0.036884	-0.10538
28.88	-0.036269	-0.10589
28.89	-0.036003	-0.1065
28.9	-0.035698	-0.10707
28.91	-0.035487	-0.1077
28.92	-0.035267	-0.1082
28.93	-0.034963	-0.10884
28.94	-0.034617	-0.10947
28.95	-0.034411	-0.11
28.96	-0.034104	-0.1105
28.97	-0.033887	-0.11104
28.98	-0.033668	-0.11153
28.99	-0.033381	-0.11208
29	-0.03314	-0.11232
29.01	-0.032851	-0.1127
29.02	-0.032556	-0.11318
29.03	-0.032617	-0.1136
29.04	-0.032611	-0.1141
29.05	-0.032583	-0.1147
29.06	-0.032628	-0.11526
29.07	-0.032675	-0.11607
29.08	-0.032641	-0.11689
29.09	-0.032553	-0.11788
29.1	-0.032455	-0.11879
29.11	-0.03249	-0.11969
29.12	-0.032653	-0.12066
29.13	-0.032877	-0.12199
29.14	-0.033149	-0.1233
29.15	-0.033524	-0.12484
29.16	-0.033675	-0.12625
29.17	-0.033781	-0.12718
29.18	-0.033879	-0.12779
29.19	-0.034204	-0.12837
29.2	-0.034442	-0.12923
29.21	-0.0347	-0.12992
29.22	-0.035046	-0.13065
29.23	-0.035529	-0.13148
29.24	-0.036067	-0.13219
29.25	-0.036425	-0.1331
29.26	-0.036908	-0.13403
29.27	-0.037475	-0.13511
29.28	-0.038228	-0.13626
29.29	-0.038932	-0.13733
29.3	-0.039635	-0.1384
29.31	-0.040165	-0.13956
29.32	-0.040941	-0.14063
29.33	-0.04175	-0.14154
29.34	-0.04247	-0.14236
29.35	-0.043059	-0.14314
29.36	-0.043735	-0.14408
29.37	-0.044609	-0.145
29.38	-0.045329	-0.14605
29.39	-0.046215	-0.14726
29.4	-0.047331	-0.14862
29.41	-0.048521	-0.14996
29.42	-0.04978	-0.15123
29.43	-0.051121	-0.15227
29.44	-0.052517	-0.15345
29.45	-0.054232	-0.1543
29.46	-0.055623	-0.15492
29.47	-0.056821	-0.15551
29.48	-0.058353	-0.15607
29.49	-0.059831	-0.15673
29.5	-0.061392	-0.15746
29.51	-0.062963	-0.15813
29.52	-0.064501	-0.15869
29.53	-0.065867	-0.15926
29.54	-0.06715	-0.16005
29.55	-0.068396	-0.16078
29.56	-0.069536	-0.16161
29.57	-0.070646	-0.16254
29.58	-0.07141	-0.1636
29.59	-0.07196	-0.16467
29.6	-0.072338	-0.16581
29.61	-0.072669	-0.16705
29.62	-0.072759	-0.16812
29.63	-0.072908	-0.1693
29.64	-0.072963	-0.17054
29.65	-0.073154	-0.17168
29.66	-0.073607	-0.17291
29.67	-0.073906	-0.17387
29.68	-0.074224	-0.17478
29.69	-0.074478	-0.17557
29.7	-0.074885	-0.17635
29.71	-0.075249	-0.1769
29.72	-0.075494	-0.17742
29.73	-0.07556	-0.17787
29.74	-0.075552	-0.17812
29.75	-0.075392	-0.17834
29.76	-0.075249	-0.17853
29.77	-0.074953	-0.17852
29.78	-0.074751	-0.17843
29.79	-0.074441	-0.17843
29.8	-0.073897	-0.17834
29.81	-0.073316	-0.17825
29.82	-0.07255	-0.17789
29.83	-0.071646	-0.17751
29.84	-0.070424	-0.17709
29.85	-0.069265	-0.177
29.86	-0.067982	-0.17681
29.87	-0.066868	-0.17667
29.88	-0.065616	-0.17636
29.89	-0.06432	-0.17611
29.9	-0.062921	-0.17565
29.91	-0.061588	-0.17505
29.92	-0.060184	-0.17442
29.93	-0.058865	-0.17361
29.94	-0.057382	-0.17258
29.95	-0.055904	-0.17152
29.96	-0.054398	-0.17054
29.97	-0.052888	-0.16965
29.98	-0.051469	-0.16864
29.99	-0.049927	-0.168
30	-0.048212	-0.16729
30.01	-0.046686	-0.1666
30.02	-0.045211	-0.16589
30.03	-0.04405	-0.16541
30.04	-0.042869	-0.16497
30.05	-0.041859	-0.16423
30.06	-0.041001	-0.16339
30.07	-0.04012	-0.16277
30.08	-0.039291	-0.16236
30.09	-0.038511	-0.16202
30.1	-0.037751	-0.16174
30.11	-0.036965	-0.16142
30.12	-0.036259	-0.16102
30.13	-0.035624	-0.16062
30.14	-0.035103	-0.16034
30.15	-0.034726	-0.15998
30.16	-0.034582	-0.1595
30.17	-0.03458	-0.15914
30.18	-0.034701	-0.15893
30.19	-0.034825	-0.15875
30.2	-0.034961	-0.15867
30.21	-0.03499	-0.15864
30.22	-0.035167	-0.15869
30.23	-0.03539	-0.15901
30.24	-0.035728	-0.15929
30.25	-0.036201	-0.15933
30.26	-0.036512	-0.15922
30.27	-0.036739	-0.159
30.28	-0.036913	-0.15868
30.29	-0.037115	-0.15807
30.3	-0.037355	-0.15735
30.31	-0.037535	-0.15674
30.32	-0.037801	-0.156
30.33	-0.037919	-0.15516
30.34	-0.03793	-0.15435
30.35	-0.037654	-0.1535
30.36	-0.037319	-0.15262
30.37	-0.036901	-0.15178
30.38	-0.036546	-0.15087
30.39	-0.036486	-0.14971
30.4	-0.036314	-0.14834
30.41	-0.036208	-0.14712
30.42	-0.036052	-0.14572
30.43	-0.03572	-0.14423
30.44	-0.035209	-0.14273
30.45	-0.034593	-0.14113
30.46	-0.033783	-0.13973
30.47	-0.032712	-0.13841
30.48	-0.031796	-0.13724
30.49	-0.031073	-0.13604
30.5	-0.030137	-0.13475
30.51	-0.02924	-0.1333
30.52	-0.02834	-0.13166
30.53	-0.027235	-0.13052
30.54	-0.025947	-0.12937
30.55	-0.024687	-0.1284
30.56	-0.023522	-0.1276
30.57	-0.02246	-0.1268
30.58	-0.021327	-0.12617
30.59	-0.020212	-0.1255
30.6	-0.018988	-0.12491
30.61	-0.017952	-0.12433
30.62	-0.016743	-0.12382
30.63	-0.015509	-0.12334
30.64	-0.014563	-0.12289
30.65	-0.013731	-0.12236
30.66	-0.012736	-0.12191
30.67	-0.011766	-0.12135
30.68	-0.01073	-0.12088
30.69	-0.0098102	-0.12015
30.7	-0.0088766	-0.11937
30.71	-0.0079166	-0.11848
30.72	-0.006819	-0.11757
30.73	-0.0056431	-0.11649
30.74	-0.0046467	-0.11544
30.75	-0.0034656	-0.11415
30.76	-0.0024989	-0.11287
30.77	-0.0015938	-0.11166
30.78	-0.0007726	-0.1106
30.79	-1.0867e-06	-0.10931
30.8	0.00094856	-0.10781
30.81	0.0017471	-0.10612
30.82	0.002551	-0.10458
30.83	0.0033251	-0.10283
30.84	0.0041393	-0.10113
30.85	0.0047069	-0.099465
30.86	0.0052069	-0.097632
30.87	0.0055304	-0.095723
30.88	0.0059489	-0.093751
30.89	0.0062745	-0.091563
30.9	0.0066229	-0.089566
30.91	0.0066717	-0.087602
30.92	0.006835	-0.085601
30.93	0.0070092	-0.083754
30.94	0.0073659	-0.082177
30.95	0.007803	-0.080526
30.96	0.0083944	-0.078505
30.97	0.0089955	-0.076272
30.98	0.0097024	-0.074088
30.99	0.010361	-0.071985
31	0.010892	-0.069992
31.01	0.011346	-0.068194
31.02	0.011662	-0.066244
31.03	0.012187	-0.064117
31.04	0.01268	-0.061994
31.05	0.012961	-0.059923
31.06	0.013145	-0.057712
31.07	0.013528	-0.055736
31.08	0.013774	-0.053842
31.09	0.013845	-0.051883
31.1	0.01413	-0.049795
31.11	0.014504	-0.047846
31.12	0.014886	-0.046168
31.13	0.015127	-0.044813
31.14	0.015311	-0.043584
31.15	0.015764	-0.042475
31.16	0.016357	-0.041276
31.17	0.017164	-0.040057
31.18	0.018117	-0.038833
31.19	0.018966	-0.037584
31.2	0.01982	-0.036441
31.21	0.020749	-0.035496
31.22	0.021566	-0.034389
31.23	0.022281	-0.033342
31.24	0.023078	-0.032327
31.25	0.023967	-0.031213
31.26	0.024882	-0.030012
31.27	0.02576	-0.028844
31.28	0.026641	-0.027719
31.29	0.027516	-0.026368
31.3	0.028111	-0.02493
31.31	0.028481	-0.023757
31.32	0.028836	-0.022629
31.33	0.029024	-0.021408
31.34	0.029182	-0.020143
31.35	0.029328	-0.018914
31.36	0.029388	-0.017551
31.37	0.02957	-0.016232
31.38	0.029856	-0.014801
31.39	0.030207	-0.01339
31.4	0.030295	-0.011902
31.41	0.030523	-0.010049
31.42	0.030651	-0.0082491
31.43	0.030959	-0.0064041
31.44	0.031255	-0.0045694
31.45	0.03162	-0.0026445
31.46	0.031708	-0.0004927
31.47	0.031437	0.0017328
31.48	0.03106	0.0038124
31.49	0.03069	0.0057983
31.5	0.030374	0.0079701
31.51	0.030194	0.010398
31.52	0.030115	0.012823
31.53	0.030058	0.01526
31.54	0.030382	0.017622
31.55	0.030738	0.019961
31.56	0.031071	0.022158
31.57	0.031305	0.024231
31.58	0.03148	0.026306
31.59	0.031421	0.028294
31.6	0.031291	0.030002
31.61	0.030957	0.031659
31.62	0.030683	0.033285
31.63	0.030433	0.034959
31.64	0.030012	0.036865
31.65	0.029731	0.038783
31.66	0.029505	0.040639
31.67	0.029103	0.042466
31.68	0.028576	0.044328
31.69	0.028255	0.0462
31.7	0.028312	0.048061
31.71	0.028462	0.050041
31.72	0.028593	0.052236
31.73	0.028737	0.05422
31.74	0.028829	0.056285
31.75	0.028894	0.058286
31.76	0.029074	0.060259
31.77	0.029069	0.062119
31.78	0.028963	0.064002
31.79	0.028991	0.066131
31.8	0.028981	0.068256
31.81	0.028927	0.070271
31.82	0.029078	0.072338
31.83	0.029155	0.074391
31.84	0.029536	0.076294
31.85	0.029859	0.078285
31.86	0.030135	0.080245
31.87	0.03017	0.082162
31.88	0.030493	0.084151
31.89	0.030758	0.086254
31.9	0.030964	0.088461
31.91	0.031451	0.090747
31.92	0.032051	0.093141
31.93	0.032539	0.09563
31.94	0.033072	0.098156
31.95	0.033528	0.10044
31.96	0.034135	0.10273
31.97	0.034726	0.10497
31.98	0.035338	0.10713
31.99	0.035977	0.10946
32	0.036388	0.11203
32.01	0.036818	0.11446
32.02	0.037189	0.11678
32.03	0.037582	0.11889
32.04	0.037976	0.12094
32.05	0.038183	0.12315
32.06	0.038491	0.12513
32.07	0.03878	0.12702
32.08	0.039161	0.12875
32.09	0.039516	0.13039
32.1	0.039966	0.1319
32.11	0.040504	0.13337
32.12	0.041146	0.13475
32.13	0.041875	0.13616
32.14	0.042624	0.13757
32.15	0.04321	0.1389
32.16	0.043798	0.14008
32.17	0.044496	0.14118
32.18	0.045429	0.14232
32.19	0.046369	0.14365
32.2	0.047327	0.14479
32.21	0.048357	0.14593
32.22	0.049152	0.14708
32.23	0.049978	0.14815
32.24	0.050448	0.14924
32.25	0.050769	0.15015
32.26	0.050811	0.15075
32.27	0.05055	0.15121
32.28	0.050468	0.15166
32.29	0.050456	0.15239
32.3	0.050422	0.15297
32.31	0.050569	0.15361
32.32	0.050813	0.15453
32.33	0.051048	0.15557
32.34	0.051156	0.15678
32.35	0.051348	0.15759
32.36	0.051564	0.15822
32.37	0.051857	0.15871
32.38	0.052075	0.15914
32.39	0.05211	0.15954
32.4	0.052199	0.15978
32.41	0.052492	0.1601
32.42	0.052793	0.16048
32.43	0.053203	0.16097
32.44	0.05344	0.16161
32.45	0.053673	0.16195
32.46	0.05396	0.16247
32.47	0.054316	0.16267
32.48	0.054603	0.16264
32.49	0.05499	0.16267
32.5	0.055202	0.16276
32.51	0.055269	0.16288
32.52	0.055292	0.16287
32.53	0.055251	0.16288
32.54	0.055132	0.16292
32.55	0.055017	0.16296
32.56	0.054945	0.16294
32.57	0.055039	0.16287
32.58	0.055217	0.16264
32.59	0.05545	0.16225
32.6	0.055845	0.16199
32.61	0.056325	0.16179
32.62	0.056701	0.16154
32.63	0.057034	0.16149
32.64	0.057459	0.16158
32.65	0.057817	0.16179
32.66	0.058301	0.16191
32.67	0.058697	0.16239
32.68	0.059161	0.16294
32.69	0.059638	0.16353
32.7	0.060153	0.16376
32.71	0.060564	0.16378
32.72	0.060867	0.16373
32.73	0.061008	0.16375
32.74	0.061192	0.1638
32.75	0.061422	0.16374
32.76	0.061519	0.16353
32.77	0.061659	0.16331
32.78	0.062004	0.16328
32.79	0.062364	0.16337
32.8	0.06229	0.1631
32.81	0.062063	0.16299
32.82	0.061616	0.1628
32.83	0.061049	0.16265
32.84	0.060465	0.16242
32.85	0.059747	0.16216
32.86	0.058971	0.16194
32.87	0.058222	0.16179
32.88	0.057449	0.16188
32.89	0.056763	0.16185
32.9	0.05617	0.16175
32.91	0.055549	0.16176
32.92	0.054896	0.16153
32.93	0.054077	0.16124
32.94	0.053132	0.16106
32.95	0.052116	0.16104
32.96	0.05141	0.16117
32.97	0.05076	0.16146
32.98	0.05021	0.16178
32.99	0.049729	0.16232
33	0.049329	0.16283
33.01	0.048883	0.16339
33.02	0.048494	0.16389
33.03	0.048271	0.16446
33.04	0.048187	0.16485
33.05	0.048222	0.16511
33.06	0.048389	0.16528
33.07	0.048445	0.16539
33.08	0.048618	0.16531
33.09	0.048607	0.16517
33.1	0.048488	0.16496
33.11	0.048341	0.16495
33.12	0.048189	0.16494
33.13	0.0479	0.16523
33.14	0.047611	0.1654
33.15	0.047336	0.16531
33.16	0.046956	0.16529
33.17	0.04633	0.16539
33.18	0.045594	0.16564
33.19	0.044741	0.16565
33.2	0.044034	0.16559
33.21	0.043331	0.16555
33.22	0.042508	0.16553
33.23	0.041925	0.16526
33.24	0.041468	0.16491
33.25	0.041139	0.16449
33.26	0.040717	0.16422
33.27	0.040584	0.16395
33.28	0.040435	0.16383
33.29	0.040277	0.16356
33.3	0.040104	0.1633
33.31	0.040097	0.16304
33.32	0.040373	0.16277
33.33	0.040793	0.16242
33.34	0.041196	0.16221
33.35	0.041723	0.16202
33.36	0.042201	0.16176
33.37	0.042963	0.16144
33.38	0.043694	0.16117
33.39	0.044336	0.16095
33.4	0.045041	0.16064
33.41	0.045581	0.16044
33.42	0.046067	0.16033
33.43	0.046634	0.16015
33.44	0.047012	0.16022
33.45	0.047406	0.16005
33.46	0.047903	0.15996
33.47	0.048294	0.15976
33.48	0.048793	0.15946
33.49	0.049299	0.15939
33.5	0.050124	0.15927
33.51	0.050929	0.15913
33.52	0.052002	0.15909
33.53	0.053073	0.15899
33.54	0.054074	0.15883
33.55	0.055097	0.15873
33.56	0.055936	0.15861
33.57	0.056638	0.15844
33.58	0.05735	0.15824
33.59	0.057861	0.15791
33.6	0.058407	0.15766
33.61	0.058926	0.15725
33.62	0.059243	0.15686
33.63	0.059274	0.15668
33.64	0.05915	0.15645
33.65	0.058868	0.15623
33.66	0.058381	0.1558
33.67	0.057875	0.15532
33.68	0.057234	0.15466
33.69	0.056673	0.15399
33.7	0.056063	0.15344
33.71	0.05529	0.15309
33.72	0.054613	0.15243
33.73	0.054257	0.15149
33.74	0.053908	0.15043
33.75	0.053429	0.14945
33.76	0.053067	0.14866
33.77	0.05282	0.14781
33.78	0.05263	0.14687
33.79	0.052419	0.14598
33.8	0.052179	0.145
33.81	0.052078	0.14402
33.82	0.051997	0.14305
33.83	0.051427	0.14224
33.84	0.050734	0.14134
33.85	0.050261	0.14052
33.86	0.049965	0.1394
33.87	0.049835	0.1382
33.88	0.049523	0.13704
33.89	0.049239	0.13578
33.9	0.048786	0.13461
33.91	0.048455	0.13329
33.92	0.048268	0.13195
33.93	0.047695	0.13058
33.94	0.046911	0.12921
33.95	0.045878	0.12781
33.96	0.044868	0.12631
33.97	0.043822	0.12472
33.98	0.042869	0.12328
33.99	0.041994	0.12185
34	0.041134	0.12055
34.01	0.040353	0.11931
34.02	0.039533	0.118
34.03	0.038843	0.11673
34.04	0.038259	0.11558
34.05	0.037688	0.11469
34.06	0.037003	0.11378
34.07	0.036292	0.11285
34.08	0.035641	0.11183
34.09	0.034873	0.11088
34.1	0.034043	0.1098
34.11	0.033368	0.10883
34.12	0.032495	0.10812
34.13	0.031663	0.1073
34.14	0.030861	0.10648
34.15	0.029812	0.10568
34.16	0.028992	0.10463
34.17	0.027878	0.10353
34.18	0.02664	0.10249
34.19	0.025343	0.10139
34.2	0.0241	0.10037
34.21	0.022887	0.099291
34.22	0.021832	0.098302
34.23	0.020872	0.097211
34.24	0.019735	0.09612
34.25	0.0186	0.094991
34.26	0.017773	0.093848
34.27	0.017144	0.092706
34.28	0.016497	0.091716
34.29	0.015736	0.090828
34.3	0.014996	0.08995
34.31	0.014165	0.089131
34.32	0.013223	0.088094
34.33	0.012297	0.087218
34.34	0.011527	0.086193
34.35	0.010802	0.08517
34.36	0.010258	0.084096
34.37	0.0096181	0.08331
34.38	0.0088432	0.082397
34.39	0.0078461	0.081356
34.4	0.0068881	0.080367
34.41	0.0058206	0.079284
34.42	0.0046833	0.07837
34.43	0.0034439	0.0774
34.44	0.0020374	0.076468
34.45	0.0009057	0.07552
34.46	-0.00021158	0.074658
34.47	-0.0015127	0.073725
34.48	-0.0028097	0.072741
34.49	-0.0041929	0.071768
34.5	-0.005505	0.070997
34.51	-0.0066997	0.070024
34.52	-0.0079556	0.068792
34.53	-0.0090518	0.067735
34.54	-0.0098954	0.066682
34.55	-0.010787	0.065555
34.56	-0.011638	0.06417
34.57	-0.012392	0.062902
34.58	-0.012759	0.061701
34.59	-0.013371	0.060699
34.6	-0.013957	0.059828
34.61	-0.014615	0.058923
34.62	-0.015427	0.057735
34.63	-0.01607	0.056676
34.64	-0.016692	0.055389
34.65	-0.016941	0.054337
34.66	-0.017138	0.05337
34.67	-0.017324	0.05223
34.68	-0.017577	0.051022
34.69	-0.018055	0.049723
34.7	-0.018489	0.048527
34.71	-0.01884	0.047243
34.72	-0.019285	0.046028
34.73	-0.019665	0.044814
34.74	-0.020082	0.043589
34.75	-0.020331	0.042352
34.76	-0.02041	0.04103
34.77	-0.020278	0.039742
34.78	-0.020115	0.038398
34.79	-0.020007	0.037337
34.8	-0.019896	0.036457
34.81	-0.019823	0.035584
34.82	-0.019682	0.034741
34.83	-0.019423	0.03388
34.84	-0.019109	0.03288
34.85	-0.018753	0.031765
34.86	-0.01823	0.030258
34.87	-0.017607	0.028559
34.88	-0.017039	0.027019
34.89	-0.016343	0.025462
34.9	-0.015788	0.02404
34.91	-0.015336	0.022527
34.92	-0.014833	0.021139
34.93	-0.014405	0.019484
34.94	-0.014034	0.017606
34.95	-0.013823	0.015929
34.96	-0.013666	0.014096
34.97	-0.013395	0.012179
34.98	-0.013207	0.01035
34.99	-0.012883	0.0086405
35	-0.012557	0.0069756
35.01	-0.01222	0.0054903
35.02	-0.011971	0.0040283
35.03	-0.011869	0.0026201
35.04	-0.011783	0.0011067
35.05	-0.011561	-0.00049636
35.06	-0.011596	-0.002015
35.07	-0.011789	-0.0035891
35.08	-0.011954	-0.0050952
35.09	-0.012147	-0.0065945
35.1	-0.012402	-0.0082835
35.11	-0.01247	-0.0099527
35.12	-0.012715	-0.011642
35.13	-0.012883	-0.013147
35.14	-0.013328	-0.014505
35.15	-0.013836	-0.01554
35.16	-0.014158	-0.016815
35.17	-0.014362	-0.018336
35.18	-0.014736	-0.019909
35.19	-0.014967	-0.021355
35.2	-0.015433	-0.022807
35.21	-0.016059	-0.024333
35.22	-0.01651	-0.025725
35.23	-0.016827	-0.027071
35.24	-0.017055	-0.028594
35.25	-0.017279	-0.030215
35.26	-0.017508	-0.031669
35.27	-0.017784	-0.033086
35.28	-0.018074	-0.034236
35.29	-0.01841	-0.035257
35.3	-0.01862	-0.036318
35.31	-0.018665	-0.037421
35.32	-0.018893	-0.038584
35.33	-0.01896	-0.039473
35.34	-0.018955	-0.040368
35.35	-0.018987	-0.041346
35.36	-0.01926	-0.04221
35.37	-0.019561	-0.043218
35.38	-0.019993	-0.044182
35.39	-0.020125	-0.044994
35.4	-0.020162	-0.045715
35.41	-0.020056	-0.046486
35.42	-0.019923	-0.047244
35.43	-0.019929	-0.048224
35.44	-0.020018	-0.049454
35.45	-0.020025	-0.050678
35.46	-0.020057	-0.051819
35.47	-0.020137	-0.052857
35.48	-0.02003	-0.053839
35.49	-0.019992	-0.054958
35.5	-0.019976	-0.056105
35.51	-0.019882	-0.057287
35.52	-0.019845	-0.058417
35.53	-0.019831	-0.059478
35.54	-0.019755	-0.060627
35.55	-0.019584	-0.061857
35.56	-0.01937	-0.062864
35.57	-0.019174	-0.064017
35.58	-0.018852	-0.065318
35.59	-0.018698	-0.066632
35.6	-0.018598	-0.067921
35.61	-0.018519	-0.069122
35.62	-0.018468	-0.070133
35.63	-0.018364	-0.071039
35.64	-0.01818	-0.071839
35.65	-0.017759	-0.072563
35.66	-0.01729	-0.073233
35.67	-0.016674	-0.074068
35.68	-0.016138	-0.074946
35.69	-0.015616	-0.075595
35.7	-0.015349	-0.076376
35.71	-0.015111	-0.076905
35.72	-0.014959	-0.077327
35.73	-0.014817	-0.077846
35.74	-0.01459	-0.078175
35.75	-0.014331	-0.078396
35.76	-0.014069	-0.078645
35.77	-0.013666	-0.078981
35.78	-0.013146	-0.079199
35.79	-0.012551	-0.079462
35.8	-0.011909	-0.079766
35.81	-0.011395	-0.080101
35.82	-0.011007	-0.080276
35.83	-0.010674	-0.080111
35.84	-0.010297	-0.080116
35.85	-0.0099016	-0.080051
35.86	-0.0093991	-0.079837
35.87	-0.0089228	-0.079798
35.88	-0.0084492	-0.079723
35.89	-0.0078717	-0.079699
35.9	-0.0073582	-0.079271
35.91	-0.0067376	-0.078716
35.92	-0.0063206	-0.078145
35.93	-0.0056058	-0.0777
35.94	-0.004876	-0.077358
35.95	-0.0044921	-0.076988
35.96	-0.0039935	-0.076629
35.97	-0.003702	-0.076255
35.98	-0.0035211	-0.075846
35.99	-0.0036033	-0.075339
36	-0.0036775	-0.074493
36.01	-0.0036912	-0.073692
36.02	-0.0038319	-0.072997
36.03	-0.0039063	-0.072208
36.04	-0.0040544	-0.071219
36.05	-0.0040766	-0.070206
36.06	-0.0039643	-0.069152
36.07	-0.0040044	-0.068123
36.08	-0.0037111	-0.066924
36.09	-0.0035079	-0.065773
36.1	-0.0033253	-0.064662
36.11	-0.003077	-0.063496
36.12	-0.0027855	-0.062432
36.13	-0.0022875	-0.061186
36.14	-0.001482	-0.060034
36.15	-0.00077186	-0.058855
36.16	-0.0002406	-0.057713
36.17	0.00034188	-0.05669
36.18	0.00093433	-0.055749
36.19	0.0013912	-0.054829
36.2	0.0017835	-0.053869
36.21	0.0021144	-0.052929
36.22	0.0026868	-0.052335
36.23	0.0032844	-0.051407
36.24	0.0038094	-0.050586
36.25	0.0043409	-0.049714
36.26	0.0048926	-0.048895
36.27	0.0055886	-0.048132
36.28	0.0064015	-0.047206
36.29	0.007189	-0.046353
36.3	0.0079727	-0.045685
36.31	0.0087819	-0.045026
36.32	0.0094718	-0.044288
36.33	0.010141	-0.043504
36.34	0.010986	-0.042831
36.35	0.011809	-0.041978
36.36	0.012779	-0.041111
36.37	0.013689	-0.04019
36.38	0.01432	-0.039348
36.39	0.014971	-0.038382
36.4	0.015643	-0.037365
36.41	0.016262	-0.036298
36.42	0.016897	-0.035306
36.43	0.017462	-0.034143
36.44	0.018131	-0.032824
36.45	0.01896	-0.031542
36.46	0.019727	-0.030343
36.47	0.020492	-0.029073
36.48	0.021248	-0.027896
36.49	0.02198	-0.026525
36.5	0.022679	-0.024913
36.51	0.023287	-0.023182
36.52	0.023945	-0.021382
36.53	0.024699	-0.019751
36.54	0.025427	-0.018082
36.55	0.026227	-0.016493
36.56	0.027019	-0.014789
36.57	0.028	-0.013139
36.58	0.028938	-0.011578
36.59	0.029651	-0.010023
36.6	0.030322	-0.0084291
36.61	0.031042	-0.0068172
36.62	0.031706	-0.0053443
36.63	0.032456	-0.0038763
36.64	0.033194	-0.0026017
36.65	0.033849	-0.0012983
36.66	0.034612	0.00013046
36.67	0.035345	0.001481
36.68	0.035955	0.0030422
36.69	0.036336	0.0044839
36.7	0.036682	0.0060977
36.71	0.036959	0.0076651
36.72	0.036992	0.0092164
36.73	0.036798	0.010777
36.74	0.036763	0.012397
36.75	0.036691	0.014126
36.76	0.036822	0.015958
36.77	0.036906	0.017588
36.78	0.037	0.019319
36.79	0.037378	0.020892
36.8	0.037659	0.022464
36.81	0.037874	0.023842
36.82	0.037975	0.025276
36.83	0.038251	0.026791
36.84	0.038453	0.028246
36.85	0.038651	0.029807
36.86	0.038857	0.031391
36.87	0.039106	0.032993
36.88	0.039236	0.034649
36.89	0.039309	0.036406
36.9	0.0396	0.038392
36.91	0.03989	0.040227
36.92	0.040126	0.04211
36.93	0.040329	0.044026
36.94	0.040721	0.045919
36.95	0.041185	0.04772
36.96	0.041539	0.049465
36.97	0.041678	0.051188
36.98	0.041731	0.052775
36.99	0.04201	0.054232
37	0.042317	0.055678
37.01	0.042717	0.057172
37.02	0.04312	0.058563
37.03	0.043527	0.059945
37.04	0.043884	0.061334
37.05	0.044085	0.062818
37.06	0.044408	0.064625
37.07	0.04484	0.06651
37.08	0.04548	0.068326
37.09	0.046045	0.070231
37.1	0.046487	0.071816
37.11	0.046837	0.0734
37.12	0.047062	0.074895
37.13	0.047097	0.07653
37.14	0.047197	0.077968
37.15	0.04718	0.079356
37.16	0.047444	0.080638
37.17	0.047688	0.081941
37.18	0.047859	0.083297
37.19	0.048046	0.084722
37.2	0.048171	0.086047
37.21	0.048342	0.087228
37.22	0.048217	0.088429
37.23	0.048101	0.089647
37.24	0.047993	0.090842
37.25	0.047792	0.092037
37.26	0.047771	0.093312
37.27	0.047742	0.094346
37.28	0.047902	0.09543
37.29	0.04799	0.096441
37.3	0.048057	0.097361
37.31	0.048073	0.098157
37.32	0.048213	0.098894
37.33	0.0483	0.09975
37.34	0.048426	0.10044
37.35	0.048658	0.1012
37.36	0.048864	0.10192
37.37	0.049019	0.10276
37.38	0.049144	0.10349
37.39	0.049461	0.10417
37.4	0.049777	0.10485
37.41	0.050323	0.10549
37.42	0.051025	0.10594
37.43	0.051894	0.10643
37.44	0.052417	0.10717
37.45	0.052989	0.10782
37.46	0.053486	0.10824
37.47	0.053719	0.10855
37.48	0.054073	0.10883
37.49	0.05424	0.10891
37.5	0.054353	0.10911
37.51	0.054298	0.10911
37.52	0.054272	0.1091
37.53	0.054093	0.10907
37.54	0.053892	0.10899
37.55	0.053625	0.10886
37.56	0.053094	0.10881
37.57	0.052471	0.1088
37.58	0.051773	0.10883
37.59	0.051226	0.10863
37.6	0.050567	0.10872
37.61	0.049758	0.10885
37.62	0.048894	0.10886
37.63	0.04793	0.10888
37.64	0.047123	0.10888
37.65	0.04662	0.10887
37.66	0.04613	0.10866
37.67	0.045569	0.1085
37.68	0.044746	0.10856
37.69	0.044147	0.10868
37.7	0.043507	0.1088
37.71	0.042809	0.1089
37.72	0.042159	0.10889
37.73	0.04141	0.10866
37.74	0.040475	0.10853
37.75	0.039528	0.10841
37.76	0.038642	0.10858
37.77	0.0377	0.10875
37.78	0.036712	0.10909
37.79	0.035651	0.1096
37.8	0.034585	0.11027
37.81	0.033694	0.11065
37.82	0.032713	0.11101
37.83	0.031656	0.11133
37.84	0.030629	0.11138
37.85	0.029502	0.11148
37.86	0.028348	0.11149
37.87	0.027208	0.11144
37.88	0.025868	0.11164
37.89	0.024757	0.11199
37.9	0.023525	0.11235
37.91	0.02218	0.11288
37.92	0.021059	0.1132
37.93	0.020277	0.11362
37.94	0.019363	0.11411
37.95	0.018413	0.11443
37.96	0.017561	0.11461
37.97	0.016483	0.11473
37.98	0.015565	0.11462
37.99	0.01451	0.11436
38	0.01367	0.11416
38.01	0.012862	0.11414
38.02	0.01217	0.1141
38.03	0.011449	0.11418
38.04	0.011038	0.11432
38.05	0.010518	0.11457
38.06	0.010049	0.1148
38.07	0.0095827	0.11501
38.08	0.009047	0.11491
38.09	0.0086372	0.11487
38.1	0.008118	0.11502
38.11	0.0075694	0.11489
38.12	0.0070245	0.1147
38.13	0.0065164	0.11427
38.14	0.0059898	0.11383
38.15	0.0054711	0.11336
38.16	0.0050628	0.1126
38.17	0.00476	0.11177
38.18	0.0046914	0.11085
38.19	0.0045456	0.10976
38.2	0.0047099	0.10856
38.21	0.0048842	0.10751
38.22	0.004916	0.10643
38.23	0.0049027	0.1054
38.24	0.0049741	0.10415
38.25	0.0053378	0.10317
38.26	0.0056973	0.10226
38.27	0.006278	0.10151
38.28	0.0067127	0.10081
38.29	0.0071372	0.10023
38.3	0.007654	0.099756
38.31	0.0081898	0.09949
38.32	0.0086727	0.099412
38.33	0.0092021	0.099264
38.34	0.009584	0.099129
38.35	0.010126	0.099163
38.36	0.01094	0.099154
38.37	0.01177	0.099444
38.38	0.012631	0.099978
38.39	0.013531	0.10033
38.4	0.014433	0.10052
38.41	0.015324	0.10064
38.42	0.015999	0.10078
38.43	0.016877	0.10084
38.44	0.017846	0.10093
38.45	0.019022	0.101
38.46	0.020191	0.10125
38.47	0.021277	0.10159
38.48	0.022329	0.10176
38.49	0.023414	0.10198
38.5	0.024446	0.10194
38.51	0.025365	0.10175
38.52	0.026481	0.10167
38.53	0.027632	0.10174
38.54	0.028977	0.10182
38.55	0.030083	0.10171
38.56	0.031396	0.10128
38.57	0.032589	0.10085
38.58	0.033584	0.10052
38.59	0.034431	0.10036
38.6	0.035191	0.10048
38.61	0.035913	0.10055
38.62	0.036965	0.10061
38.63	0.037862	0.1007
38.64	0.038614	0.10075
38.65	0.039448	0.10074
38.66	0.040227	0.10076
38.67	0.040999	0.10077
38.68	0.041707	0.10059
38.69	0.042459	0.10033
38.7	0.043089	0.09993
38.71	0.04353	0.099574
38.72	0.043953	0.099307
38.73	0.044443	0.098933
38.74	0.044959	0.098506
38.75	0.045345	0.098015
38.76	0.045726	0.097417
38.77	0.046292	0.096906
38.78	0.046764	0.096538
38.79	0.047249	0.096182
38.8	0.047608	0.095788
38.81	0.047729	0.095332
38.82	0.047454	0.094726
38.83	0.047331	0.093974
38.84	0.047317	0.093445
38.85	0.047379	0.092886
38.86	0.047556	0.092382
38.87	0.047784	0.091927
38.88	0.047924	0.091564
38.89	0.048078	0.091232
38.9	0.048287	0.090996
38.91	0.048384	0.090827
38.92	0.048655	0.090562
38.93	0.04883	0.090318
38.94	0.049201	0.09035
38.95	0.049507	0.090461
38.96	0.049735	0.090612
38.97	0.049988	0.090712
38.98	0.050243	0.090538
38.99	0.050469	0.090501
39	0.050677	0.090486
39.01	0.050713	0.090431
39.02	0.050849	0.090353
39.03	0.051056	0.090225
39.04	0.051165	0.09014
39.05	0.051277	0.089923
39.06	0.051557	0.089599
39.07	0.051743	0.089034
39.08	0.051753	0.088457
39.09	0.051858	0.088153
39.1	0.051914	0.087913
39.11	0.051985	0.087402
39.12	0.05198	0.086931
39.13	0.0519	0.086576
39.14	0.05178	0.086094
39.15	0.051705	0.08576
39.16	0.05191	0.085454
39.17	0.051959	0.085127
39.18	0.052123	0.084797
39.19	0.052516	0.084599
39.2	0.053025	0.084364
39.21	0.053709	0.084192
39.22	0.054359	0.08385
39.23	0.054879	0.083628
39.24	0.055553	0.083519
39.25	0.056349	0.083245
39.26	0.05713	0.082965
39.27	0.057906	0.082453
39.28	0.058611	0.081948
39.29	0.059146	0.081589
39.3	0.059557	0.081167
39.31	0.05982	0.080608
39.32	0.060046	0.080036
39.33	0.060281	0.079433
39.34	0.060345	0.078761
39.35	0.060284	0.07799
39.36	0.060079	0.077221
39.37	0.059961	0.076678
39.38	0.059963	0.07652
39.39	0.059981	0.076337
39.4	0.060065	0.076237
39.41	0.060215	0.076044
39.42	0.060326	0.075887
39.43	0.060494	0.075683
39.44	0.060689	0.075222
39.45	0.060644	0.074839
39.46	0.060568	0.074401
39.47	0.060417	0.074173
39.48	0.060191	0.07387
39.49	0.059955	0.073652
39.5	0.060047	0.073246
39.51	0.060119	0.073016
39.52	0.060203	0.072676
39.53	0.060271	0.072357
39.54	0.060113	0.072083
39.55	0.059909	0.071837
39.56	0.05955	0.071786
39.57	0.059137	0.071568
39.58	0.058528	0.071292
39.59	0.058141	0.07129
39.6	0.057922	0.07135
39.61	0.057842	0.071379
39.62	0.057938	0.071146
39.63	0.058102	0.070867
39.64	0.058182	0.070598
39.65	0.058276	0.070305
39.66	0.058071	0.069991
39.67	0.058081	0.069718
39.68	0.058121	0.06947
39.69	0.058217	0.069373
39.7	0.058147	0.069236
39.71	0.058109	0.069216
39.72	0.058263	0.069172
39.73	0.058525	0.069124
39.74	0.058717	0.068955
39.75	0.059122	0.068713
39.76	0.059444	0.068357
39.77	0.059667	0.068159
39.78	0.059871	0.068038
39.79	0.059856	0.067643
39.8	0.059742	0.06723
39.81	0.059513	0.067097
39.82	0.059094	0.066876
39.83	0.058631	0.066637
39.84	0.058239	0.066591
39.85	0.057759	0.066712
39.86	0.057306	0.066868
39.87	0.056773	0.066936
39.88	0.056462	0.066959
39.89	0.056032	0.067091
39.9	0.055625	0.067232
39.91	0.055127	0.067251
39.92	0.05459	0.067241
39.93	0.054007	0.06735
39.94	0.05323	0.067464
39.95	0.05239	0.067494
39.96	0.051849	0.067527
39.97	0.051388	0.067416
39.98	0.050882	0.067205
39.99	0.050388	0.066894
40	0.049903	0.066793
40.01	0.049154	0.066627
40.02	0.048417	0.066475
40.03	0.047739	0.066455
40.04	0.047064	0.066421
40.05	0.046223	0.066372
40.06	0.045541	0.066185
40.07	0.044894	0.065839
40.08	0.044438	0.065263
40.09	0.043791	0.064721
40.1	0.043154	0.06434
40.11	0.042539	0.063661
40.12	0.042018	0.062912
40.13	0.041673	0.062102
40.14	0.041418	0.061347
40.15	0.041214	0.060496
40.16	0.040957	0.059605
40.17	0.04053	0.05874
40.18	0.039977	0.057987
40.19	0.039353	0.057311
40.2	0.038524	0.056567
40.21	0.037484	0.055961
40.22	0.036419	0.055196
40.23	0.035541	0.054354
40.24	0.034602	0.053487
40.25	0.033502	0.052494
40.26	0.032244	0.051523
40.27	0.030901	0.050558
40.28	0.029571	0.049691
40.29	0.028354	0.048825
40.3	0.027051	0.048063
40.31	0.025438	0.047368
40.32	0.023958	0.046713
40.33	0.022101	0.045997
40.34	0.020296	0.045312
40.35	0.018426	0.044672
40.36	0.016726	0.04413
40.37	0.015304	0.043514
40.38	0.013965	0.042844
40.39	0.012534	0.042201
40.4	0.011157	0.041656
40.41	0.0098036	0.040965
40.42	0.0084343	0.040361
40.43	0.0070969	0.039581
40.44	0.0059156	0.038803
40.45	0.0046758	0.038012
40.46	0.003552	0.037356
40.47	0.0023242	0.036483
40.48	0.0011337	0.035656
40.49	-3.5145e-05	0.035112
40.5	-0.0013268	0.034433
40.51	-0.0025223	0.033546
40.52	-0.0036609	0.03273
40.53	-0.0050151	0.031986
40.54	-0.0061743	0.031285
40.55	-0.0072454	0.030259
40.56	-0.0083731	0.029178
40.57	-0.0096716	0.028136
40.58	-0.010967	0.027034
40.59	-0.012369	0.026155
40.6	-0.013762	0.02528
40.61	-0.014983	0.024271
40.62	-0.016248	0.023258
40.63	-0.017457	0.02212
40.64	-0.018618	0.021188
40.65	-0.020144	0.020158
40.66	-0.021636	0.019223
40.67	-0.022911	0.01822
40.68	-0.024121	0.017135
40.69	-0.025014	0.015995
40.7	-0.026151	0.014774
40.71	-0.027214	0.013833
40.72	-0.02815	0.012768
40.73	-0.028964	0.011584
40.74	-0.029764	0.010433
40.75	-0.030383	0.0093039
40.76	-0.030946	0.008095
40.77	-0.031415	0.0071702
40.78	-0.032004	0.0063146
40.79	-0.032505	0.005531
40.8	-0.032956	0.0048024
40.81	-0.033471	0.0039654
40.82	-0.033991	0.0031868
40.83	-0.034236	0.0024841
40.84	-0.034629	0.0016278
40.85	-0.034829	0.00073504
40.86	-0.03494	-0.00023362
40.87	-0.03509	-0.001295
40.88	-0.035266	-0.0023601
40.89	-0.035389	-0.0031138
40.9	-0.035378	-0.0040279
40.91	-0.035301	-0.0048582
40.92	-0.03516	-0.0056913
40.93	-0.035196	-0.0064083
40.94	-0.03516	-0.007164
40.95	-0.035028	-0.0078825
40.96	-0.034641	-0.0085875
40.97	-0.034018	-0.0093061
40.98	-0.033371	-0.010033
40.99	-0.032736	-0.010572
41	-0.031965	-0.010954
41.01	-0.031261	-0.011364
41.02	-0.030562	-0.011769
41.03	-0.02992	-0.012388
41.04	-0.029526	-0.013234
41.05	-0.029106	-0.014201
41.06	-0.028751	-0.015279
41.07	-0.028531	-0.016356
41.08	-0.028474	-0.017424
41.09	-0.028408	-0.018468
41.1	-0.028416	-0.019356
41.11	-0.028352	-0.020361
41.12	-0.028265	-0.021542
41.13	-0.028343	-0.022653
41.14	-0.028533	-0.023887
41.15	-0.028792	-0.025086
41.16	-0.029068	-0.026472
41.17	-0.029254	-0.027927
41.18	-0.029482	-0.029318
41.19	-0.029645	-0.030844
41.2	-0.029679	-0.032351
41.21	-0.029653	-0.033652
41.22	-0.029789	-0.034968
41.23	-0.029766	-0.036395
41.24	-0.029771	-0.037775
41.25	-0.029692	-0.038908
41.26	-0.029441	-0.039983
41.27	-0.029207	-0.041123
41.28	-0.028896	-0.042258
41.29	-0.028721	-0.04332
41.3	-0.028737	-0.044257
41.31	-0.028742	-0.045169
41.32	-0.028957	-0.046011
41.33	-0.029263	-0.046789
41.34	-0.029666	-0.047576
41.35	-0.030146	-0.048497
41.36	-0.03071	-0.049244
41.37	-0.031313	-0.049941
41.38	-0.031944	-0.050494
41.39	-0.032619	-0.051039
41.4	-0.033389	-0.051505
41.41	-0.034164	-0.051912
41.42	-0.034969	-0.052354
41.43	-0.035753	-0.052691
41.44	-0.036658	-0.053066
41.45	-0.037605	-0.053303
41.46	-0.038397	-0.05347
41.47	-0.039261	-0.0537
41.48	-0.040026	-0.053822
41.49	-0.04089	-0.053827
41.5	-0.041843	-0.053688
41.51	-0.042924	-0.05358
41.52	-0.043871	-0.053598
41.53	-0.044914	-0.053482
41.54	-0.045802	-0.05346
41.55	-0.046758	-0.05368
41.56	-0.047631	-0.053963
41.57	-0.048376	-0.054292
41.58	-0.049112	-0.054616
41.59	-0.049732	-0.055039
41.6	-0.050239	-0.055448
41.61	-0.050801	-0.05583
41.62	-0.05152	-0.056204
41.63	-0.052276	-0.056912
41.64	-0.053239	-0.057691
41.65	-0.054069	-0.058541
41.66	-0.054644	-0.059373
41.67	-0.055133	-0.06003
41.68	-0.05559	-0.060693
41.69	-0.056154	-0.061461
41.7	-0.056699	-0.062303
41.71	-0.057241	-0.063021
41.72	-0.057807	-0.063696
41.73	-0.058355	-0.064172
41.74	-0.0588	-0.064659
41.75	-0.058969	-0.065036
41.76	-0.059045	-0.065398
41.77	-0.058961	-0.065792
41.78	-0.058795	-0.066255
41.79	-0.058739	-0.066791
41.8	-0.058626	-0.067325
41.81	-0.05862	-0.067665
41.82	-0.058456	-0.067891
41.83	-0.058329	-0.068254
41.84	-0.058105	-0.068663
41.85	-0.058105	-0.069114
41.86	-0.05804	-0.069738
41.87	-0.058022	-0.070321
41.88	-0.057909	-0.070959
41.89	-0.057795	-0.071417
41.9	-0.057547	-0.07175
41.91	-0.057395	-0.07208
41.92	-0.057047	-0.072218
41.93	-0.056585	-0.072228
41.94	-0.056226	-0.072247
41.95	-0.055918	-0.072046
41.96	-0.055714	-0.071791
41.97	-0.055626	-0.071536
41.98	-0.055598	-0.071406
41.99	-0.055476	-0.071175
42	-0.055251	-0.07082
42.01	-0.05504	-0.070357
42.02	-0.054658	-0.06985
42.03	-0.054089	-0.069333
42.04	-0.053632	-0.068821
42.05	-0.05313	-0.068237
42.06	-0.052719	-0.067889
42.07	-0.052222	-0.067552
42.08	-0.05161	-0.067076
42.09	-0.051067	-0.066571
42.1	-0.050488	-0.066145
42.11	-0.049924	-0.065704
42.12	-0.049222	-0.065167
42.13	-0.048779	-0.064773
42.14	-0.048422	-0.06455
42.15	-0.048158	-0.064258
42.16	-0.048142	-0.063967
42.17	-0.048111	-0.063476
42.18	-0.048188	-0.063014
42.19	-0.048379	-0.062499
42.2	-0.048605	-0.061932
42.21	-0.048902	-0.061444
42.22	-0.049375	-0.061092
42.23	-0.049676	-0.060458
42.24	-0.050111	-0.060009
42.25	-0.050508	-0.059585
42.26	-0.050756	-0.059192
42.27	-0.051262	-0.05886
42.28	-0.05177	-0.058626
42.29	-0.052492	-0.058344
42.3	-0.053332	-0.058147
42.31	-0.054147	-0.057985
42.32	-0.05472	-0.057878
42.33	-0.055324	-0.057851
42.34	-0.055827	-0.057816
42.35	-0.056243	-0.057764
42.36	-0.056479	-0.057826
42.37	-0.0568	-0.057928
42.38	-0.057195	-0.058207
42.39	-0.057782	-0.058602
42.4	-0.058398	-0.058906
42.41	-0.05891	-0.059211
42.42	-0.059384	-0.059427
42.43	-0.059978	-0.059497
42.44	-0.060649	-0.059633
42.45	-0.0613	-0.059847
42.46	-0.061997	-0.060066
42.47	-0.062631	-0.060343
42.48	-0.063482	-0.060425
42.49	-0.064388	-0.06049
42.5	-0.065267	-0.060622
42.51	-0.066368	-0.060793
42.52	-0.06736	-0.061151
42.53	-0.068457	-0.061445
42.54	-0.06968	-0.061767
42.55	-0.071112	-0.062054
42.56	-0.072509	-0.062161
42.57	-0.074022	-0.062327
42.58	-0.075439	-0.062537
42.59	-0.076778	-0.062868
42.6	-0.078172	-0.063288
42.61	-0.079523	-0.063895
42.62	-0.081026	-0.06452
42.63	-0.082544	-0.065088
42.64	-0.084071	-0.06557
42.65	-0.085606	-0.066077
42.66	-0.086844	-0.066566
42.67	-0.087997	-0.067044
42.68	-0.08912	-0.067217
42.69	-0.090237	-0.067354
42.7	-0.091598	-0.067504
42.71	-0.093038	-0.067453
42.72	-0.094504	-0.067265
42.73	-0.095972	-0.067289
42.74	-0.097159	-0.067311
42.75	-0.098355	-0.06736
42.76	-0.099517	-0.067235
42.77	-0.10057	-0.067175
42.78	-0.10166	-0.067116
42.79	-0.10272	-0.066968
42.8	-0.10373	-0.066691
42.81	-0.10467	-0.066514
42.82	-0.10577	-0.066483
42.83	-0.10688	-0.066184
42.84	-0.10786	-0.066015
42.85	-0.10873	-0.06579
42.86	-0.10957	-0.065171
42.87	-0.11036	-0.064669
42.88	-0.11106	-0.064215
42.89	-0.11183	-0.063719
42.9	-0.1125	-0.063196
42.91	-0.11325	-0.062467
42.92	-0.11386	-0.061732
42.93	-0.11436	-0.06096
42.94	-0.11493	-0.060302
42.95	-0.11547	-0.059738
42.96	-0.11603	-0.059091
42.97	-0.11658	-0.058253
42.98	-0.11721	-0.057229
42.99	-0.1178	-0.056374
43	-0.11834	-0.055493
43.01	-0.11874	-0.054493
43.02	-0.11945	-0.053459
43.03	-0.12018	-0.052426
43.04	-0.12094	-0.051299
43.05	-0.12181	-0.050257
43.06	-0.12259	-0.049425
43.07	-0.12324	-0.04859
43.08	-0.12405	-0.048012
43.09	-0.12477	-0.04757
43.1	-0.12553	-0.047047
43.11	-0.12631	-0.046527
43.12	-0.12697	-0.046081
43.13	-0.12752	-0.045552
43.14	-0.12789	-0.044911
43.15	-0.12826	-0.044095
43.16	-0.12846	-0.043316
43.17	-0.12856	-0.042452
43.18	-0.12871	-0.041654
43.19	-0.12871	-0.040852
43.2	-0.12858	-0.040062
43.21	-0.12841	-0.039336
43.22	-0.12816	-0.038754
43.23	-0.12791	-0.038209
43.24	-0.12777	-0.037616
43.25	-0.12746	-0.037147
43.26	-0.1273	-0.03656
43.27	-0.12732	-0.035815
43.28	-0.12736	-0.034938
43.29	-0.1274	-0.033954
43.3	-0.12757	-0.032937
43.31	-0.12768	-0.032004
43.32	-0.12775	-0.03117
43.33	-0.12792	-0.030321
43.34	-0.12799	-0.029435
43.35	-0.12798	-0.028485
43.36	-0.12781	-0.02745
43.37	-0.12769	-0.02645
43.38	-0.12756	-0.025359
43.39	-0.12739	-0.02417
43.4	-0.12719	-0.023056
43.41	-0.12689	-0.021908
43.42	-0.12662	-0.020842
43.43	-0.1266	-0.019745
43.44	-0.12664	-0.018762
43.45	-0.1265	-0.017742
43.46	-0.12624	-0.016634
43.47	-0.12593	-0.015564
43.48	-0.12574	-0.014505
43.49	-0.12553	-0.013604
43.5	-0.12519	-0.012566
43.51	-0.12489	-0.011466
43.52	-0.12459	-0.010475
43.53	-0.1242	-0.0094817
43.54	-0.1236	-0.0085432
43.55	-0.12287	-0.0072969
43.56	-0.12204	-0.0059954
43.57	-0.12123	-0.005049
43.58	-0.12038	-0.0040085
43.59	-0.11955	-0.002995
43.6	-0.11858	-0.0020685
43.61	-0.11754	-0.001076
43.62	-0.1168	-0.00024602
43.63	-0.11627	0.00047813
43.64	-0.11586	0.0011765
43.65	-0.11554	0.0016511
43.66	-0.11515	0.001974
43.67	-0.11493	0.0022438
43.68	-0.11469	0.002405
43.69	-0.11422	0.0024889
43.7	-0.11371	0.0027308
43.71	-0.11325	0.0028165
43.72	-0.11288	0.0030069
43.73	-0.11257	0.0032229
43.74	-0.11222	0.0034154
43.75	-0.11182	0.0035294
43.76	-0.11142	0.0037177
43.77	-0.11097	0.0040574
43.78	-0.11048	0.0044399
43.79	-0.11011	0.0050765
43.8	-0.10975	0.0056066
43.81	-0.1095	0.0062893
43.82	-0.10919	0.0068533
43.83	-0.10893	0.0075498
43.84	-0.10881	0.0082651
43.85	-0.10867	0.0088841
43.86	-0.10845	0.0095562
43.87	-0.10833	0.01015
43.88	-0.10835	0.010685
43.89	-0.10813	0.011193
43.9	-0.10798	0.011707
43.91	-0.10777	0.012355
43.92	-0.10783	0.01284
43.93	-0.10795	0.013255
43.94	-0.10795	0.013641
43.95	-0.10768	0.013933
43.96	-0.10751	0.014192
43.97	-0.10716	0.014549
43.98	-0.10664	0.01499
43.99	-0.10618	0.01533
44	-0.1057	0.01558
44.01	-0.10531	0.015845
44.02	-0.10476	0.016164
44.03	-0.10447	0.01661
44.04	-0.10399	0.017317
44.05	-0.10348	0.018058
44.06	-0.10302	0.018782
44.07	-0.10258	0.019376
44.08	-0.10234	0.019959
44.09	-0.10201	0.020458
44.1	-0.10166	0.021062
44.11	-0.10122	0.02157
44.12	-0.10094	0.022136
44.13	-0.10075	0.022681
44.14	-0.10063	0.023219
44.15	-0.1005	0.023793
44.16	-0.10047	0.024415
44.17	-0.10048	0.024882
44.18	-0.10058	0.02522
44.19	-0.1006	0.025584
44.2	-0.10062	0.026052
44.21	-0.1006	0.026367
44.22	-0.1003	0.026744
44.23	-0.099736	0.027034
44.24	-0.099175	0.027202
44.25	-0.098539	0.027345
44.26	-0.097987	0.027639
44.27	-0.097475	0.027947
44.28	-0.096909	0.028203
44.29	-0.096534	0.028492
44.3	-0.096187	0.028735
44.31	-0.095698	0.028989
44.32	-0.095513	0.029053
44.33	-0.095432	0.029185
44.34	-0.095122	0.029528
44.35	-0.094803	0.029853
44.36	-0.094551	0.030023
44.37	-0.094497	0.029945
44.38	-0.09452	0.030013
44.39	-0.094251	0.030078
44.4	-0.093997	0.030225
44.41	-0.09388	0.030374
44.42	-0.09343	0.030563
44.43	-0.092931	0.030654
44.44	-0.092458	0.030833
44.45	-0.091943	0.030978
44.46	-0.091538	0.03131
44.47	-0.091292	0.031741
44.48	-0.091068	0.032314
44.49	-0.090942	0.03285
44.5	-0.090964	0.033344
44.51	-0.090963	0.033657
44.52	-0.090863	0.034057
44.53	-0.090856	0.03436
44.54	-0.090605	0.034679
44.55	-0.09022	0.034961
44.56	-0.089881	0.035201
44.57	-0.089399	0.035458
44.58	-0.088943	0.035613
44.59	-0.088445	0.035726
44.6	-0.087849	0.036003
44.61	-0.087304	0.036543
44.62	-0.086772	0.037153
44.63	-0.086198	0.037725
44.64	-0.085572	0.038295
44.65	-0.085014	0.038617
44.66	-0.084551	0.038866
44.67	-0.08411	0.03899
44.68	-0.083754	0.039137
44.69	-0.083417	0.039435
44.7	-0.083207	0.039881
44.71	-0.082803	0.040298
44.72	-0.082505	0.040936
44.73	-0.082223	0.041397
44.74	-0.082008	0.041634
44.75	-0.081829	0.04187
44.76	-0.081891	0.042084
44.77	-0.08203	0.042329
44.78	-0.082198	0.042588
44.79	-0.082154	0.042881
44.8	-0.082152	0.043213
44.81	-0.082109	0.043557
44.82	-0.082049	0.043878
44.83	-0.081844	0.044159
44.84	-0.081783	0.044313
44.85	-0.081665	0.044156
44.86	-0.081557	0.04383
44.87	-0.081701	0.043426
44.88	-0.081922	0.042993
44.89	-0.082062	0.042819
44.9	-0.08219	0.042539
44.91	-0.082391	0.042217
44.92	-0.082783	0.041923
44.93	-0.083056	0.041466
44.94	-0.08334	0.041127
44.95	-0.083447	0.041067
44.96	-0.0834	0.041214
44.97	-0.083342	0.04129
44.98	-0.083239	0.041443
44.99	-0.083052	0.04155
45	-0.083126	0.041748
45.01	-0.083162	0.041958
45.02	-0.08336	0.042244
45.03	-0.083675	0.042586
45.04	-0.084096	0.042949
45.05	-0.084727	0.043301
45.06	-0.085345	0.043552
45.07	-0.086023	0.043912
45.08	-0.086582	0.04403
45.09	-0.087121	0.044158
45.1	-0.087584	0.044251
45.11	-0.088074	0.044315
45.12	-0.088379	0.044284
45.13	-0.088606	0.044319
45.14	-0.089036	0.044378
45.15	-0.089464	0.044562
45.16	-0.090091	0.044813
45.17	-0.090766	0.045066
45.18	-0.091509	0.04527
45.19	-0.092201	0.045466
45.2	-0.093045	0.045787
45.21	-0.093727	0.046159
45.22	-0.094239	0.046498
45.23	-0.094611	0.046689
45.24	-0.094874	0.046897
45.25	-0.095205	0.047098
45.26	-0.095541	0.046929
45.27	-0.095986	0.046851
45.28	-0.096556	0.046819
45.29	-0.097049	0.046829
45.3	-0.097425	0.046718
45.31	-0.097891	0.046831
45.32	-0.098472	0.046906
45.33	-0.099051	0.046867
45.34	-0.099604	0.046764
45.35	-0.1001	0.046453
45.36	-0.10055	0.046064
45.37	-0.1009	0.045734
45.38	-0.10127	0.045497
45.39	-0.1016	0.04534
45.4	-0.10189	0.045051
45.41	-0.10225	0.044612
45.42	-0.10241	0.044072
45.43	-0.10253	0.043548
45.44	-0.10276	0.043076
45.45	-0.10295	0.042714
45.46	-0.10307	0.042435
45.47	-0.10335	0.04206
45.48	-0.10347	0.041754
45.49	-0.10382	0.041533
45.5	-0.10401	0.041352
45.51	-0.10449	0.041065
45.52	-0.10505	0.040711
45.53	-0.10572	0.040367
45.54	-0.10636	0.039979
45.55	-0.10708	0.03961
45.56	-0.10777	0.0393
45.57	-0.10834	0.039023
45.58	-0.10904	0.038604
45.59	-0.10988	0.038181
45.6	-0.11096	0.037666
45.61	-0.11203	0.03717
45.62	-0.11281	0.036727
45.63	-0.11353	0.036268
45.64	-0.1142	0.035993
45.65	-0.11475	0.035621
45.66	-0.11529	0.035333
45.67	-0.11576	0.034887
45.68	-0.11615	0.034472
45.69	-0.11645	0.034073
45.7	-0.11676	0.033788
45.71	-0.11687	0.033297
45.72	-0.11694	0.032721
45.73	-0.11696	0.0322
45.74	-0.11706	0.031554
45.75	-0.1172	0.030894
45.76	-0.11741	0.030242
45.77	-0.11739	0.029504
45.78	-0.11723	0.028774
45.79	-0.1171	0.027959
45.8	-0.11675	0.027157
45.81	-0.11639	0.026636
45.82	-0.11604	0.026253
45.83	-0.11571	0.025649
45.84	-0.11526	0.024985
45.85	-0.11489	0.02442
45.86	-0.11453	0.023772
45.87	-0.11421	0.023242
45.88	-0.1139	0.022979
45.89	-0.11351	0.022682
45.9	-0.11292	0.022288
45.91	-0.1123	0.021766
45.92	-0.11164	0.021273
45.93	-0.11091	0.020711
45.94	-0.11026	0.020287
45.95	-0.10967	0.019963
45.96	-0.10907	0.019711
45.97	-0.10827	0.019414
45.98	-0.10745	0.019107
45.99	-0.10671	0.018612
46	-0.10596	0.018047
46.01	-0.10534	0.01767
46.02	-0.10465	0.01732
46.03	-0.10413	0.017008
46.04	-0.10343	0.0167
46.05	-0.10268	0.01646
46.06	-0.10188	0.016336
46.07	-0.10111	0.016226
46.08	-0.10059	0.01617
46.09	-0.099834	0.01611
46.1	-0.099238	0.015961
46.11	-0.098592	0.015811
46.12	-0.098068	0.015771
46.13	-0.097366	0.0157
46.14	-0.096828	0.015559
46.15	-0.096349	0.015665
46.16	-0.095775	0.015762
46.17	-0.095274	0.015994
46.18	-0.094735	0.016167
46.19	-0.094225	0.016347
46.2	-0.093838	0.016557
46.21	-0.093377	0.016786
46.22	-0.092901	0.016881
46.23	-0.092277	0.016805
46.24	-0.091441	0.016752
46.25	-0.090609	0.016704
46.26	-0.089736	0.016621
46.27	-0.088864	0.016625
46.28	-0.08794	0.016595
46.29	-0.087122	0.016576
46.3	-0.086357	0.016602
46.31	-0.085485	0.016622
46.32	-0.084777	0.016539
46.33	-0.084028	0.016625
46.34	-0.083271	0.016846
46.35	-0.082608	0.017068
46.36	-0.082179	0.017156
46.37	-0.081851	0.017186
46.38	-0.081604	0.017311
46.39	-0.08158	0.017447
46.4	-0.081556	0.017824
46.41	-0.081556	0.0182
46.42	-0.081657	0.01871
46.43	-0.081585	0.019298
46.44	-0.081576	0.019906
46.45	-0.081633	0.020544
46.46	-0.081601	0.021066
46.47	-0.081308	0.021453
46.48	-0.081175	0.021738
46.49	-0.081259	0.022026
46.5	-0.081347	0.02229
46.51	-0.081395	0.022627
46.52	-0.081471	0.022972
46.53	-0.081599	0.023286
46.54	-0.081688	0.023641
46.55	-0.081884	0.024104
46.56	-0.082084	0.024657
46.57	-0.082393	0.025259
46.58	-0.08256	0.025964
46.59	-0.082609	0.026686
46.6	-0.082758	0.027502
46.61	-0.08273	0.02826
46.62	-0.082817	0.028948
46.63	-0.082834	0.029691
46.64	-0.082939	0.030427
46.65	-0.083048	0.031295
46.66	-0.083266	0.032045
46.67	-0.083453	0.032697
46.68	-0.08375	0.033472
46.69	-0.083983	0.034075
46.7	-0.084134	0.034676
46.71	-0.084203	0.035292
46.72	-0.084181	0.035853
46.73	-0.084053	0.036333
46.74	-0.083766	0.036502
46.75	-0.083474	0.036914
46.76	-0.083215	0.037429
46.77	-0.082881	0.038062
46.78	-0.08242	0.038604
46.79	-0.081941	0.039117
46.8	-0.081565	0.039712
46.81	-0.081153	0.040219
46.82	-0.080818	0.040458
46.83	-0.080343	0.040692
46.84	-0.079974	0.040874
46.85	-0.079626	0.040979
46.86	-0.079225	0.041063
46.87	-0.078852	0.041323
46.88	-0.078397	0.041617
46.89	-0.078015	0.041984
46.9	-0.077703	0.04243
46.91	-0.07749	0.042717
46.92	-0.077294	0.042985
46.93	-0.07736	0.043141
46.94	-0.077385	0.043345
46.95	-0.077503	0.043669
46.96	-0.077696	0.044098
46.97	-0.077872	0.044433
46.98	-0.077996	0.044735
46.99	-0.078159	0.04529
47	-0.078277	0.045947
47.01	-0.078488	0.046508
47.02	-0.078674	0.046961
47.03	-0.078784	0.047226
47.04	-0.078829	0.047501
47.05	-0.078871	0.047738
47.06	-0.078997	0.04818
47.07	-0.078961	0.048736
47.08	-0.078679	0.049382
47.09	-0.078358	0.050043
47.1	-0.078021	0.050683
47.11	-0.077718	0.051144
47.12	-0.077468	0.051519
47.13	-0.077279	0.051898
47.14	-0.07715	0.052199
47.15	-0.076861	0.052295
47.16	-0.076464	0.052372
47.17	-0.075945	0.052318
47.18	-0.075585	0.052215
47.19	-0.075271	0.051824
47.2	-0.075012	0.051505
47.21	-0.074657	0.051149
47.22	-0.074403	0.050852
47.23	-0.074201	0.050362
47.24	-0.07414	0.049923
47.25	-0.074122	0.049651
47.26	-0.074014	0.049378
47.27	-0.074046	0.048849
47.28	-0.074158	0.048335
47.29	-0.074188	0.047894
47.3	-0.074386	0.047708
47.31	-0.07465	0.047556
47.32	-0.074865	0.047354
47.33	-0.075045	0.046946
47.34	-0.07539	0.04638
47.35	-0.075701	0.045937
47.36	-0.076008	0.045615
47.37	-0.076238	0.04517
47.38	-0.076452	0.044691
47.39	-0.0764	0.044023
47.4	-0.076225	0.043305
47.41	-0.076089	0.04263
47.42	-0.075885	0.041991
47.43	-0.075569	0.04142
47.44	-0.075145	0.040856
47.45	-0.074605	0.040566
47.46	-0.074012	0.040127
47.47	-0.073509	0.03972
47.48	-0.07293	0.039308
47.49	-0.072445	0.038974
47.5	-0.071944	0.038735
47.51	-0.071325	0.038457
47.52	-0.070667	0.038146
47.53	-0.07011	0.037868
47.54	-0.069704	0.037784
47.55	-0.069472	0.037842
47.56	-0.069276	0.037752
47.57	-0.069002	0.037522
47.58	-0.068621	0.037512
47.59	-0.068021	0.037415
47.6	-0.067396	0.037162
47.61	-0.066684	0.036945
47.62	-0.066108	0.036697
47.63	-0.065569	0.036498
47.64	-0.065005	0.036285
47.65	-0.064527	0.036199
47.66	-0.064163	0.036149
47.67	-0.063886	0.036087
47.68	-0.063779	0.036191
47.69	-0.063636	0.03636
47.7	-0.063557	0.03649
47.71	-0.063471	0.036486
47.72	-0.06329	0.036212
47.73	-0.062983	0.035912
47.74	-0.062661	0.0356
47.75	-0.062369	0.035466
47.76	-0.062162	0.035307
47.77	-0.062281	0.034954
47.78	-0.062476	0.034608
47.79	-0.062658	0.034339
47.8	-0.062909	0.03402
47.81	-0.06318	0.033652
47.82	-0.063302	0.033197
47.83	-0.063132	0.032802
47.84	-0.063089	0.032555
47.85	-0.062935	0.032149
47.86	-0.062854	0.031528
47.87	-0.062792	0.030808
47.88	-0.062719	0.03016
47.89	-0.0627	0.029611
47.9	-0.062863	0.029064
47.91	-0.062899	0.028425
47.92	-0.06304	0.027826
47.93	-0.062992	0.02729
47.94	-0.062966	0.026532
47.95	-0.063014	0.02577
47.96	-0.063027	0.024927
47.97	-0.063165	0.024082
47.98	-0.063204	0.023488
47.99	-0.063173	0.022761
48	-0.063106	0.021958
48.01	-0.063079	0.021117
48.02	-0.0631	0.020563
48.03	-0.063191	0.019923
48.04	-0.063317	0.019343
48.05	-0.063684	0.018723
48.06	-0.063934	0.018031
48.07	-0.064198	0.017314
48.08	-0.064723	0.016674
48.09	-0.065215	0.01601
48.1	-0.065629	0.015348
48.11	-0.066005	0.014873
48.12	-0.066357	0.014332
48.13	-0.066679	0.013728
48.14	-0.067048	0.013156
48.15	-0.067422	0.01267
48.16	-0.067846	0.012051
48.17	-0.068261	0.011269
48.18	-0.068551	0.010591
48.19	-0.068826	0.0099637
48.2	-0.069245	0.0092223
48.21	-0.069682	0.0084399
48.22	-0.070177	0.0076247
48.23	-0.070673	0.0067737
48.24	-0.071111	0.0057245
48.25	-0.071535	0.0044699
48.26	-0.071913	0.0032784
48.27	-0.072234	0.0020875
48.28	-0.072542	0.0008421
48.29	-0.072657	-0.00039491
48.3	-0.072813	-0.0014703
48.31	-0.073086	-0.0026532
48.32	-0.073185	-0.0038818
48.33	-0.073207	-0.0050419
48.34	-0.073262	-0.0060148
48.35	-0.073381	-0.0069291
48.36	-0.073638	-0.0079025
48.37	-0.073976	-0.0090046
48.38	-0.074188	-0.01016
48.39	-0.074371	-0.01137
48.4	-0.074305	-0.012566
48.41	-0.07422	-0.01374
48.42	-0.074187	-0.014887
48.43	-0.074243	-0.015904
48.44	-0.074242	-0.016954
48.45	-0.074066	-0.01801
48.46	-0.073886	-0.019074
48.47	-0.073958	-0.020011
48.48	-0.0739	-0.021045
48.49	-0.073797	-0.021979
48.5	-0.073673	-0.022854
48.51	-0.073492	-0.023638
48.52	-0.073172	-0.024359
48.53	-0.073053	-0.025083
48.54	-0.072856	-0.025907
48.55	-0.072837	-0.026789
48.56	-0.072709	-0.027576
48.57	-0.072635	-0.028346
48.58	-0.072559	-0.028962
48.59	-0.072559	-0.029455
48.6	-0.072602	-0.030004
48.61	-0.072476	-0.030522
48.62	-0.072309	-0.031053
48.63	-0.072026	-0.031658
48.64	-0.071884	-0.032061
48.65	-0.071799	-0.032473
48.66	-0.071731	-0.032923
48.67	-0.071427	-0.033285
48.68	-0.071165	-0.033584
48.69	-0.070784	-0.033761
48.7	-0.070515	-0.033856
48.71	-0.070212	-0.033927
48.72	-0.070029	-0.034032
48.73	-0.069776	-0.034237
48.74	-0.06943	-0.034587
48.75	-0.06917	-0.035126
48.76	-0.068883	-0.035793
48.77	-0.068753	-0.036565
48.78	-0.06857	-0.037431
48.79	-0.06825	-0.038188
48.8	-0.068111	-0.038866
48.81	-0.067977	-0.039608
48.82	-0.067816	-0.04065
48.83	-0.067794	-0.041886
48.84	-0.067855	-0.043107
48.85	-0.067869	-0.044335
48.86	-0.06788	-0.045481
48.87	-0.067987	-0.046601
48.88	-0.068132	-0.047646
48.89	-0.068076	-0.048495
48.9	-0.067976	-0.049293
48.91	-0.06788	-0.050115
48.92	-0.067747	-0.050745
48.93	-0.067533	-0.051375
48.94	-0.067016	-0.051945
48.95	-0.066434	-0.052531
48.96	-0.065747	-0.052959
48.97	-0.065079	-0.053439
48.98	-0.064496	-0.053897
48.99	-0.063886	-0.054335
49	-0.063176	-0.054807
49.01	-0.062644	-0.055361
49.02	-0.062033	-0.055921
49.03	-0.061409	-0.056403
49.04	-0.060866	-0.057047
49.05	-0.060413	-0.057761
49.06	-0.059827	-0.058369
49.07	-0.059242	-0.059031
49.08	-0.058776	-0.059604
49.09	-0.058293	-0.060204
49.1	-0.057953	-0.060965
49.11	-0.057667	-0.06159
49.12	-0.0573	-0.062149
49.13	-0.057069	-0.062534
49.14	-0.056912	-0.062881
49.15	-0.056608	-0.063351
49.16	-0.056345	-0.063675
49.17	-0.056152	-0.06406
49.18	-0.055753	-0.064723
49.19	-0.055235	-0.065357
49.2	-0.054693	-0.065939
49.21	-0.054131	-0.066464
49.22	-0.053558	-0.066991
49.23	-0.053086	-0.067255
49.24	-0.052481	-0.067396
49.25	-0.05197	-0.067603
49.26	-0.051489	-0.067789
49.27	-0.050904	-0.068122
49.28	-0.050256	-0.068331
49.29	-0.049516	-0.06873
49.3	-0.048856	-0.069152
49.31	-0.04809	-0.069629
49.32	-0.04744	-0.070119
49.33	-0.046661	-0.07068
49.34	-0.045957	-0.071336
49.35	-0.045118	-0.071984
49.36	-0.044272	-0.072442
49.37	-0.043557	-0.072721
49.38	-0.042922	-0.073075
49.39	-0.042386	-0.073456
49.4	-0.041992	-0.073712
49.41	-0.041645	-0.073953
49.42	-0.041332	-0.074035
49.43	-0.04103	-0.074085
49.44	-0.040712	-0.073941
49.45	-0.040229	-0.073892
49.46	-0.039472	-0.073904
49.47	-0.038646	-0.073794
49.48	-0.037994	-0.073702
49.49	-0.037294	-0.073667
49.5	-0.036668	-0.07378
49.51	-0.036167	-0.07382
49.52	-0.035569	-0.07386
49.53	-0.035071	-0.073982
49.54	-0.034688	-0.074109
49.55	-0.034241	-0.074224
49.56	-0.033862	-0.07434
49.57	-0.033569	-0.074582
49.58	-0.033376	-0.074764
49.59	-0.033098	-0.074905
49.6	-0.03282	-0.075218
49.61	-0.032628	-0.075536
49.62	-0.032517	-0.075832
49.63	-0.032459	-0.076033
49.64	-0.032353	-0.07625
49.65	-0.032028	-0.076426
49.66	-0.0316	-0.07657
49.67	-0.030974	-0.076645
49.68	-0.030435	-0.076638
49.69	-0.029833	-0.076536
49.7	-0.029156	-0.076404
49.71	-0.028454	-0.076194
49.72	-0.027621	-0.076118
49.73	-0.026658	-0.07575
49.74	-0.025594	-0.075321
49.75	-0.024464	-0.074916
49.76	-0.023506	-0.0746
49.77	-0.022451	-0.074413
49.78	-0.021325	-0.074266
49.79	-0.020245	-0.074037
49.8	-0.019317	-0.073826
49.81	-0.018276	-0.073561
49.82	-0.017323	-0.073223
49.83	-0.016595	-0.072813
49.84	-0.015896	-0.072396
49.85	-0.015139	-0.071898
49.86	-0.014442	-0.071413
49.87	-0.013779	-0.070995
49.88	-0.01329	-0.070646
49.89	-0.012947	-0.070184
49.9	-0.01271	-0.069661
49.91	-0.012457	-0.069096
49.92	-0.012134	-0.06858
49.93	-0.011848	-0.068319
49.94	-0.011487	-0.068039
49.95	-0.01138	-0.06768
49.96	-0.011259	-0.067412
49.97	-0.0111	-0.067034
49.98	-0.010698	-0.066701
49.99	-0.01068	-0.066335
50	-0.010473	-0.06587
50.01	-0.010364	-0.06552
50.02	-0.010234	-0.065107
50.03	-0.010108	-0.064718
50.04	-0.010137	-0.06424
50.05	-0.010157	-0.063712
50.06	-0.010043	-0.063165
50.07	-0.0099443	-0.062595
50.08	-0.0097541	-0.061809
50.09	-0.0094819	-0.06098
50.1	-0.009288	-0.060145
50.11	-0.009088	-0.059314
50.12	-0.008825	-0.058563
50.13	-0.0085175	-0.057777
50.14	-0.0083008	-0.056951
50.15	-0.0079371	-0.056002
50.16	-0.0074676	-0.055067
50.17	-0.0069051	-0.05417
50.18	-0.0064819	-0.053411
50.19	-0.0059922	-0.052683
50.2	-0.0055411	-0.052128
50.21	-0.0049949	-0.051497
50.22	-0.0044354	-0.050734
50.23	-0.0038756	-0.050086
50.24	-0.0033675	-0.049439
50.25	-0.00284	-0.048699
50.26	-0.0022767	-0.048037
50.27	-0.00174	-0.047518
50.28	-0.0012373	-0.047057
50.29	-0.00065691	-0.046711
50.3	-0.00019882	-0.046308
50.31	0.0003521	-0.045776
50.32	0.00089311	-0.045397
50.33	0.0012284	-0.044948
50.34	0.0014996	-0.044345
50.35	0.0019326	-0.043852
50.36	0.0024481	-0.043443
50.37	0.0029583	-0.042998
50.38	0.0035657	-0.042527
50.39	0.0041777	-0.042152
50.4	0.0047358	-0.041761
50.41	0.0053503	-0.041438
50.42	0.00585	-0.041141
50.43	0.0064552	-0.041009
50.44	0.0070813	-0.040942
50.45	0.0077413	-0.040711
50.46	0.0083521	-0.04061
50.47	0.008984	-0.040414
50.48	0.0096708	-0.040205
50.49	0.010316	-0.039863
50.5	0.01089	-0.039604
50.51	0.011352	-0.039537
50.52	0.011717	-0.039462
50.53	0.011922	-0.03959
50.54	0.012028	-0.039719
50.55	0.012103	-0.03983
50.56	0.012073	-0.039919
50.57	0.011963	-0.039997
50.58	0.011821	-0.040029
50.59	0.011751	-0.040112
50.6	0.011751	-0.040291
50.61	0.011799	-0.040531
50.62	0.011893	-0.040752
50.63	0.012071	-0.04092
50.64	0.012073	-0.04131
50.65	0.01194	-0.041936
50.66	0.011839	-0.042635
50.67	0.011872	-0.043426
50.68	0.011986	-0.044385
50.69	0.012106	-0.045344
50.7	0.012196	-0.046431
50.71	0.012259	-0.047344
50.72	0.012502	-0.048187
50.73	0.01269	-0.048984
50.74	0.012706	-0.049542
50.75	0.012763	-0.050058
50.76	0.012723	-0.050471
50.77	0.012618	-0.050741
50.78	0.012525	-0.050907
50.79	0.012518	-0.05099
50.8	0.012443	-0.051119
50.81	0.012734	-0.051204
50.82	0.012908	-0.051183
50.83	0.013214	-0.051112
50.84	0.013532	-0.051111
50.85	0.013634	-0.051256
50.86	0.013651	-0.051332
50.87	0.013641	-0.051389
50.88	0.013564	-0.051425
50.89	0.013551	-0.051472
50.9	0.013563	-0.051497
50.91	0.013507	-0.051479
50.92	0.013486	-0.051348
50.93	0.013583	-0.051149
50.94	0.013687	-0.05094
50.95	0.014105	-0.050728
50.96	0.014472	-0.050522
50.97	0.014742	-0.050317
50.98	0.015006	-0.050055
50.99	0.015351	-0.049809
51	0.01576	-0.049607
51.01	0.016186	-0.049335
51.02	0.016597	-0.049148
51.03	0.016854	-0.049092
51.04	0.017157	-0.049065
51.05	0.017364	-0.049146
51.06	0.017571	-0.04929
51.07	0.017716	-0.049513
51.08	0.017713	-0.049805
51.09	0.017782	-0.04989
51.1	0.017919	-0.050168
51.11	0.018051	-0.050338
51.12	0.01804	-0.050605
51.13	0.01812	-0.051025
51.14	0.018137	-0.051371
51.15	0.018225	-0.05168
51.16	0.018136	-0.051846
51.17	0.018072	-0.052026
51.18	0.017885	-0.052191
51.19	0.017779	-0.052338
51.2	0.017593	-0.05247
51.21	0.017366	-0.052536
51.22	0.01723	-0.052512
51.23	0.017268	-0.052392
51.24	0.017295	-0.052277
51.25	0.017363	-0.052238
51.26	0.017481	-0.05212
51.27	0.017637	-0.052087
51.28	0.01782	-0.052012
51.29	0.018001	-0.05182
51.3	0.018246	-0.051437
51.31	0.018526	-0.05103
51.32	0.018746	-0.050704
51.33	0.018966	-0.050497
51.34	0.019113	-0.050047
51.35	0.019336	-0.049697
51.36	0.019614	-0.049461
51.37	0.019696	-0.04937
51.38	0.019652	-0.049405
51.39	0.019486	-0.049524
51.4	0.019478	-0.049592
51.41	0.019568	-0.049492
51.42	0.019732	-0.049277
51.43	0.01983	-0.049222
51.44	0.020159	-0.049029
51.45	0.020369	-0.048957
51.46	0.020617	-0.048823
51.47	0.020807	-0.048597
51.48	0.021011	-0.048258
51.49	0.021356	-0.047669
51.5	0.021642	-0.047104
51.51	0.021976	-0.046556
51.52	0.022546	-0.04595
51.53	0.023035	-0.045358
51.54	0.023669	-0.044642
51.55	0.024413	-0.043891
51.56	0.025111	-0.043137
51.57	0.025757	-0.042496
51.58	0.02622	-0.041837
51.59	0.026687	-0.041311
51.6	0.02717	-0.040755
51.61	0.027552	-0.040109
51.62	0.028017	-0.039431
51.63	0.028444	-0.038911
51.64	0.028772	-0.038282
51.65	0.029124	-0.037635
51.66	0.029543	-0.036923
51.67	0.03	-0.036161
51.68	0.030381	-0.035497
51.69	0.030757	-0.034897
51.7	0.031153	-0.034447
51.71	0.03167	-0.034006
51.72	0.032135	-0.033787
51.73	0.032588	-0.033752
51.74	0.033211	-0.033674
51.75	0.033673	-0.033423
51.76	0.034267	-0.033234
51.77	0.034929	-0.033226
51.78	0.03558	-0.033181
51.79	0.036178	-0.033114
51.8	0.036577	-0.033122
51.81	0.036999	-0.033128
51.82	0.037335	-0.033235
51.83	0.037772	-0.033277
51.84	0.038264	-0.033293
51.85	0.03871	-0.033314
51.86	0.039138	-0.033293
51.87	0.039478	-0.033414
51.88	0.039698	-0.033422
51.89	0.03999	-0.033419
51.9	0.040221	-0.033468
51.91	0.040491	-0.033524
51.92	0.040704	-0.033578
51.93	0.040853	-0.033671
51.94	0.041151	-0.033706
51.95	0.041441	-0.033758
51.96	0.041695	-0.033756
51.97	0.041942	-0.033743
51.98	0.042191	-0.033851
51.99	0.042318	-0.033916
52	0.042628	-0.033965
52.01	0.042915	-0.034001
52.02	0.043118	-0.033984
52.03	0.043449	-0.03386
52.04	0.043882	-0.033659
52.05	0.044373	-0.03355
52.06	0.044556	-0.033489
52.07	0.044937	-0.033324
52.08	0.045406	-0.033155
52.09	0.045791	-0.032886
52.1	0.046124	-0.032619
52.11	0.046653	-0.032354
52.12	0.047087	-0.032026
52.13	0.047468	-0.031695
52.14	0.047812	-0.031474
52.15	0.048148	-0.031245
52.16	0.04864	-0.031132
52.17	0.049008	-0.031152
52.18	0.049308	-0.031002
52.19	0.049647	-0.030957
52.2	0.05001	-0.030962
52.21	0.050449	-0.031017
52.22	0.050853	-0.031073
52.23	0.051242	-0.031041
52.24	0.051877	-0.031066
52.25	0.052545	-0.031168
52.26	0.053186	-0.031309
52.27	0.053915	-0.031398
52.28	0.054623	-0.031515
52.29	0.055408	-0.031803
52.3	0.056303	-0.032062
52.31	0.05719	-0.032395
52.32	0.058084	-0.032652
52.33	0.05892	-0.032873
52.34	0.059819	-0.032868
52.35	0.060718	-0.032561
52.36	0.061538	-0.032206
52.37	0.062168	-0.031717
52.38	0.062762	-0.03115
52.39	0.06325	-0.03055
52.4	0.063781	-0.030142
52.41	0.064208	-0.029847
52.42	0.064624	-0.0295
52.43	0.064985	-0.029113
52.44	0.065437	-0.028635
52.45	0.065855	-0.028316
52.46	0.066148	-0.02808
52.47	0.066432	-0.028006
52.48	0.066632	-0.027997
52.49	0.066749	-0.027781
52.5	0.066872	-0.027548
52.51	0.067131	-0.027351
52.52	0.067442	-0.027092
52.53	0.067594	-0.026857
52.54	0.067881	-0.026713
52.55	0.068019	-0.026534
52.56	0.06808	-0.026395
52.57	0.068182	-0.026325
52.58	0.068419	-0.026239
52.59	0.068636	-0.026226
52.6	0.068762	-0.026152
52.61	0.068994	-0.026147
52.62	0.069153	-0.026296
52.63	0.069212	-0.026426
52.64	0.069304	-0.02653
52.65	0.069453	-0.026567
52.66	0.069234	-0.026571
52.67	0.068971	-0.026591
52.68	0.06866	-0.026615
52.69	0.068186	-0.026617
52.7	0.06762	-0.026587
52.71	0.067095	-0.02647
52.72	0.066607	-0.026244
52.73	0.066078	-0.025965
52.74	0.065625	-0.025879
52.75	0.065228	-0.025982
52.76	0.064782	-0.026044
52.77	0.064487	-0.026091
52.78	0.064286	-0.026104
52.79	0.064168	-0.026151
52.8	0.0641	-0.026224
52.81	0.063916	-0.026387
52.82	0.063792	-0.026599
52.83	0.063713	-0.026672
52.84	0.063754	-0.026636
52.85	0.063764	-0.026585
52.86	0.063752	-0.026691
52.87	0.063797	-0.026948
52.88	0.063755	-0.027139
52.89	0.063617	-0.027249
52.9	0.063538	-0.027337
52.91	0.063363	-0.027647
52.92	0.063127	-0.027977
52.93	0.062996	-0.028195
52.94	0.062884	-0.028419
52.95	0.062765	-0.028604
52.96	0.062515	-0.028835
52.97	0.062372	-0.02896
52.98	0.062059	-0.028996
52.99	0.061859	-0.029036
53	0.06162	-0.029193
53.01	0.061451	-0.029437
53.02	0.061367	-0.029642
53.03	0.061271	-0.029917
53.04	0.061178	-0.030186
53.05	0.061039	-0.030361
53.06	0.06092	-0.030482
53.07	0.060697	-0.030759
53.08	0.060549	-0.030968
53.09	0.060398	-0.031178
53.1	0.060333	-0.031585
53.11	0.060274	-0.032018
53.12	0.06048	-0.032412
53.13	0.060757	-0.03284
53.14	0.061012	-0.033454
53.15	0.061216	-0.034121
53.16	0.061143	-0.034678
53.17	0.061228	-0.035274
53.18	0.061263	-0.03591
53.19	0.061297	-0.036534
53.2	0.061307	-0.037116
53.21	0.061306	-0.037777
53.22	0.061261	-0.038369
53.23	0.061267	-0.0389
53.24	0.06146	-0.039548
53.25	0.061565	-0.040292
53.26	0.061556	-0.041084
53.27	0.061575	-0.041902
53.28	0.061554	-0.042608
53.29	0.06152	-0.043367
53.3	0.061377	-0.044069
53.31	0.061209	-0.044723
53.32	0.061036	-0.04534
53.33	0.06071	-0.045926
53.34	0.060393	-0.046496
53.35	0.060225	-0.047008
53.36	0.060008	-0.047515
53.37	0.059886	-0.048063
53.38	0.059765	-0.048574
53.39	0.059587	-0.049186
53.4	0.05946	-0.049895
53.41	0.059345	-0.050683
53.42	0.059344	-0.051515
53.43	0.059237	-0.052172
53.44	0.059159	-0.052795
53.45	0.058972	-0.053437
53.46	0.058755	-0.054027
53.47	0.058567	-0.054471
53.48	0.058114	-0.054767
53.49	0.0577	-0.05532
53.5	0.057291	-0.055933
53.51	0.056932	-0.056572
53.52	0.056562	-0.05717
53.53	0.056194	-0.057771
53.54	0.055824	-0.058277
53.55	0.055348	-0.058694
53.56	0.054858	-0.059021
53.57	0.05426	-0.05934
53.58	0.053722	-0.059638
53.59	0.053139	-0.059932
53.6	0.052741	-0.060111
53.61	0.05232	-0.060198
53.62	0.052041	-0.060184
53.63	0.05179	-0.060223
53.64	0.051565	-0.060307
53.65	0.051234	-0.060191
53.66	0.050968	-0.060113
53.67	0.050599	-0.059987
53.68	0.050288	-0.059763
53.69	0.049894	-0.05949
53.7	0.049471	-0.059379
53.71	0.04924	-0.059427
53.72	0.048986	-0.059608
53.73	0.048738	-0.059762
53.74	0.048582	-0.060027
53.75	0.048469	-0.060193
53.76	0.048336	-0.060267
53.77	0.048112	-0.060395
53.78	0.048051	-0.060555
53.79	0.047937	-0.060624
53.8	0.047796	-0.060605
53.81	0.047682	-0.060712
53.82	0.047589	-0.060744
53.83	0.047446	-0.060691
53.84	0.04731	-0.060714
53.85	0.047347	-0.060798
53.86	0.047416	-0.060896
53.87	0.047573	-0.061146
53.88	0.047715	-0.061321
53.89	0.047853	-0.061446
53.9	0.047992	-0.061427
53.91	0.047943	-0.061451
53.92	0.047877	-0.061446
53.93	0.04804	-0.061437
53.94	0.048277	-0.061368
53.95	0.048495	-0.061198
53.96	0.048779	-0.061041
53.97	0.049091	-0.060929
53.98	0.04959	-0.060884
53.99	0.04995	-0.06087
54	0.050402	-0.06097
54.01	0.050671	-0.061048
54.02	0.051027	-0.061181
54.03	0.051344	-0.06109
54.04	0.051672	-0.060987
54.05	0.051906	-0.060818
54.06	0.052145	-0.060488
54.07	0.052486	-0.060114
54.08	0.052756	-0.059657
54.09	0.053061	-0.059116
54.1	0.053491	-0.058495
54.11	0.053962	-0.057905
54.12	0.054398	-0.05719
54.13	0.054896	-0.056446
54.14	0.055319	-0.05569
54.15	0.055891	-0.054846
54.16	0.056386	-0.053949
54.17	0.056751	-0.053074
54.18	0.057096	-0.052157
54.19	0.057373	-0.051166
54.2	0.057662	-0.05002
54.21	0.057846	-0.049076
54.22	0.057967	-0.048204
54.23	0.058207	-0.047328
54.24	0.05828	-0.04651
54.25	0.058357	-0.045655
54.26	0.058518	-0.044834
54.27	0.058748	-0.043916
54.28	0.059082	-0.042879
54.29	0.059491	-0.041759
54.3	0.059842	-0.040678
54.31	0.060091	-0.039482
54.32	0.060373	-0.038422
54.33	0.060643	-0.037271
54.34	0.060771	-0.036214
54.35	0.060911	-0.035239
54.36	0.061094	-0.034303
54.37	0.061294	-0.033369
54.38	0.061509	-0.032405
54.39	0.06173	-0.031294
54.4	0.061971	-0.03014
54.41	0.062213	-0.028811
54.42	0.062366	-0.027535
54.43	0.062389	-0.026139
54.44	0.062268	-0.024792
54.45	0.062132	-0.023566
54.46	0.061885	-0.022442
54.47	0.061863	-0.021425
54.48	0.061962	-0.02044
54.49	0.062002	-0.019378
54.5	0.062161	-0.018373
54.51	0.062338	-0.01738
54.52	0.062382	-0.016487
54.53	0.062348	-0.015704
54.54	0.062367	-0.014935
54.55	0.062459	-0.014165
54.56	0.062526	-0.013352
54.57	0.06272	-0.012645
54.58	0.062904	-0.011979
54.59	0.063101	-0.011378
54.6	0.063411	-0.010757
54.61	0.063805	-0.010117
54.62	0.064208	-0.0095302
54.63	0.064659	-0.0088683
54.64	0.065123	-0.0082597
54.65	0.065698	-0.0076987
54.66	0.066205	-0.0072539
54.67	0.066722	-0.0069506
54.68	0.067221	-0.0066365
54.69	0.067838	-0.0062981
54.7	0.068337	-0.0060792
54.71	0.06877	-0.0058451
54.72	0.069286	-0.0056316
54.73	0.069879	-0.0054349
54.74	0.070332	-0.0053344
54.75	0.07063	-0.005074
54.76	0.070885	-0.0046708
54.77	0.071273	-0.0042513
54.78	0.071512	-0.0038788
54.79	0.071732	-0.0036003
54.8	0.072051	-0.0033851
54.81	0.072318	-0.0032084
54.82	0.072558	-0.0027969
54.83	0.072822	-0.0023062
54.84	0.073155	-0.0018882
54.85	0.073486	-0.0015151
54.86	0.073653	-0.0010717
54.87	0.073908	-0.00080065
54.88	0.074318	-0.00052103
54.89	0.074643	-0.00023344
54.9	0.075024	0.00011085
54.91	0.075323	0.00043782
54.92	0.075604	0.00054592
54.93	0.075747	0.00058187
54.94	0.075728	0.0006436
54.95	0.075771	0.00069932
54.96	0.075734	0.00068584
54.97	0.075629	0.0008724
54.98	0.07547	0.0011676
54.99	0.075312	0.0013733
55	0.074975	0.0015583
55.01	0.074551	0.0017963
55.02	0.074134	0.0019661
55.03	0.073656	0.002169
55.04	0.073317	0.002259
55.05	0.07292	0.0023135
55.06	0.072715	0.0022664
55.07	0.072496	0.0021545
55.08	0.072265	0.0020979
55.09	0.072092	0.0021315
55.1	0.072177	0.0021279
55.11	0.072266	0.0020472
55.12	0.072227	0.002036
55.13	0.072233	0.0019897
55.14	0.072275	0.0020449
55.15	0.072242	0.0022878
55.16	0.072277	0.0025559
55.17	0.072268	0.002745
55.18	0.072196	0.0029326
55.19	0.07219	0.0031576
55.2	0.072146	0.0034469
55.21	0.071994	0.0036644
55.22	0.071687	0.0039529
55.23	0.071331	0.004316
55.24	0.071106	0.0046811
55.25	0.070775	0.0048759
55.26	0.070408	0.0050947
55.27	0.069808	0.0052447
55.28	0.06919	0.0053251
55.29	0.068576	0.0054512
55.3	0.067941	0.0056369
55.31	0.067378	0.0058006
55.32	0.06697	0.0059865
55.33	0.066516	0.006048
55.34	0.065985	0.0061874
55.35	0.065562	0.0063829
55.36	0.06512	0.0063718
55.37	0.064608	0.006333
55.38	0.064057	0.0062857
55.39	0.063669	0.0063184
55.4	0.063315	0.0063867
55.41	0.062934	0.0064357
55.42	0.06262	0.0064896
55.43	0.062163	0.0066969
55.44	0.061721	0.0069997
55.45	0.06144	0.0072905
55.46	0.061108	0.0076502
55.47	0.06075	0.0079305
55.48	0.06037	0.0082461
55.49	0.059973	0.0084089
55.5	0.059569	0.0084993
55.51	0.059062	0.0085083
55.52	0.058452	0.0085314
55.53	0.05781	0.0086476
55.54	0.05701	0.0089318
55.55	0.056114	0.0092048
55.56	0.055182	0.0093635
55.57	0.054213	0.0097304
55.58	0.053187	0.010303
55.59	0.052188	0.010839
55.6	0.05126	0.011448
55.61	0.050448	0.012069
55.62	0.049636	0.012614
55.63	0.048962	0.013205
55.64	0.048431	0.013805
55.65	0.047842	0.014341
55.66	0.047282	0.01488
55.67	0.046703	0.015451
55.68	0.046006	0.016118
55.69	0.045329	0.016818
55.7	0.044719	0.017397
55.71	0.044172	0.017905
55.72	0.043519	0.018401
55.73	0.043051	0.01873
55.74	0.042563	0.018954
55.75	0.041942	0.018983
55.76	0.041349	0.018937
55.77	0.040758	0.018831
55.78	0.040138	0.018775
55.79	0.039712	0.018625
55.8	0.039323	0.01873
55.81	0.038907	0.018684
55.82	0.038452	0.01856
55.83	0.038126	0.018397
55.84	0.037685	0.018464
55.85	0.03737	0.018495
55.86	0.037027	0.018478
55.87	0.036738	0.018367
55.88	0.036609	0.018318
55.89	0.036451	0.018246
55.9	0.036343	0.018135
55.91	0.036313	0.018021
55.92	0.036385	0.017921
55.93	0.036491	0.017787
55.94	0.036599	0.017668
55.95	0.03672	0.01758
55.96	0.036918	0.017437
55.97	0.037045	0.017277
55.98	0.037237	0.016954
55.99	0.037483	0.016633
56	0.037685	0.016308
56.01	0.037874	0.015955
56.02	0.037935	0.015633
56.03	0.037967	0.015416
56.04	0.038065	0.015085
56.05	0.038052	0.014734
56.06	0.0382	0.014408
56.07	0.0383	0.014046
56.08	0.038283	0.01366
56.09	0.038192	0.013266
56.1	0.037929	0.012834
56.11	0.037668	0.012205
56.12	0.037362	0.011532
56.13	0.037054	0.010862
56.14	0.036711	0.010228
56.15	0.036369	0.0095345
56.16	0.036107	0.0089239
56.17	0.035861	0.0084689
56.18	0.035632	0.0080277
56.19	0.035398	0.0074092
56.2	0.035192	0.0067623
56.21	0.035076	0.0059637
56.22	0.035031	0.0051105
56.23	0.035026	0.0042061
56.24	0.034933	0.0032329
56.25	0.03488	0.0021747
56.26	0.034856	0.001081
56.27	0.03483	-5.1265e-05
56.28	0.034801	-0.0012074
56.29	0.034603	-0.0022841
56.3	0.034403	-0.0033509
56.31	0.034185	-0.0042516
56.32	0.033932	-0.0050352
56.33	0.033713	-0.0057054
56.34	0.033369	-0.0064506
56.35	0.032945	-0.007114
56.36	0.0325	-0.0077873
56.37	0.03204	-0.008252
56.38	0.031695	-0.0086792
56.39	0.031354	-0.0091458
56.4	0.031095	-0.0095245
56.41	0.030677	-0.0099067
56.42	0.030189	-0.010355
56.43	0.029802	-0.010664
56.44	0.029335	-0.010894
56.45	0.028866	-0.010956
56.46	0.028385	-0.011052
56.47	0.028002	-0.011311
56.48	0.027609	-0.011555
56.49	0.027247	-0.011741
56.5	0.026994	-0.011832
56.51	0.026609	-0.01196
56.52	0.026247	-0.012023
56.53	0.025678	-0.012146
56.54	0.025064	-0.012287
56.55	0.024539	-0.012323
56.56	0.024034	-0.012324
56.57	0.023436	-0.01224
56.58	0.022655	-0.012139
56.59	0.021843	-0.012199
56.6	0.021047	-0.012531
56.61	0.020238	-0.012922
56.62	0.019598	-0.013176
56.63	0.019034	-0.013234
56.64	0.018543	-0.013358
56.65	0.018079	-0.013389
56.66	0.017533	-0.013366
56.67	0.017094	-0.013136
56.68	0.0167	-0.012898
56.69	0.016267	-0.012616
56.7	0.015732	-0.012417
56.71	0.015248	-0.012286
56.72	0.014819	-0.012078
56.73	0.014512	-0.011911
56.74	0.014395	-0.011687
56.75	0.014169	-0.011492
56.76	0.013905	-0.011162
56.77	0.013669	-0.01087
56.78	0.01344	-0.010479
56.79	0.013207	-0.010007
56.8	0.01291	-0.0095016
56.81	0.012699	-0.0090989
56.82	0.012431	-0.008667
56.83	0.012104	-0.0082922
56.84	0.011843	-0.0080174
56.85	0.011516	-0.0078665
56.86	0.011224	-0.0076423
56.87	0.010964	-0.007294
56.88	0.010858	-0.0068573
56.89	0.010685	-0.0063461
56.9	0.010506	-0.0058513
56.91	0.010376	-0.0054108
56.92	0.010257	-0.0050356
56.93	0.010047	-0.004544
56.94	0.0097786	-0.0039066
56.95	0.0094334	-0.0032507
56.96	0.0090981	-0.0027198
56.97	0.0087068	-0.0021877
56.98	0.0081387	-0.0017016
56.99	0.0077139	-0.001163
57	0.0073959	-0.00041896
57.01	0.006966	0.00034673
57.02	0.0065073	0.0011827
57.03	0.0061691	0.0021375
57.04	0.0058113	0.0030181
57.05	0.0053842	0.0038078
57.06	0.0048362	0.0044727
57.07	0.0042851	0.0050505
57.08	0.0038075	0.0057464
57.09	0.0034576	0.0064343
57.1	0.0031431	0.007194
57.11	0.0028067	0.00788
57.12	0.0025183	0.0086851
57.13	0.0023811	0.0095682
57.14	0.0022887	0.010392
57.15	0.0022451	0.01122
57.16	0.0022708	0.012116
57.17	0.002319	0.012793
57.18	0.0022752	0.013383
57.19	0.0021499	0.013981
57.2	0.0019432	0.01469
57.21	0.0018441	0.01542
57.22	0.0017406	0.016059
57.23	0.0017037	0.016607
57.24	0.0017117	0.017297
57.25	0.0017048	0.018057
57.26	0.001758	0.018831
57.27	0.0018081	0.019664
57.28	0.0020087	0.020364
57.29	0.0022623	0.021121
57.3	0.002734	0.021645
57.31	0.0030759	0.022063
57.32	0.0033953	0.02249
57.33	0.0036042	0.022858
57.34	0.0037861	0.023054
57.35	0.0039216	0.02319
57.36	0.0040762	0.023168
57.37	0.0042259	0.023246
57.38	0.0044165	0.023291
57.39	0.0045683	0.023527
57.4	0.0048068	0.023629
57.41	0.005007	0.023695
57.42	0.0053262	0.023768
57.43	0.0056238	0.023998
57.44	0.0059235	0.024216
57.45	0.006367	0.02433
57.46	0.0068225	0.024393
57.47	0.0073331	0.02448
57.48	0.007882	0.024531
57.49	0.0083669	0.024435
57.5	0.0088323	0.024484
57.51	0.009363	0.024652
57.52	0.010018	0.024806
57.53	0.010768	0.024899
57.54	0.01148	0.024911
57.55	0.011959	0.024818
57.56	0.012383	0.024807
57.57	0.012816	0.025033
57.58	0.013102	0.025202
57.59	0.013271	0.025349
57.6	0.013386	0.025483
57.61	0.013611	0.02575
57.62	0.013878	0.025866
57.63	0.014014	0.025914
57.64	0.014152	0.025854
57.65	0.014418	0.025817
57.66	0.014599	0.025746
57.67	0.014731	0.025686
57.68	0.0149	0.025628
57.69	0.015076	0.025679
57.7	0.015373	0.025618
57.71	0.015516	0.025557
57.72	0.015806	0.02568
57.73	0.016078	0.025775
57.74	0.016291	0.02584
57.75	0.016489	0.025823
57.76	0.016666	0.025804
57.77	0.01698	0.025778
57.78	0.017136	0.025819
57.79	0.017314	0.025763
57.8	0.017358	0.025848
57.81	0.017429	0.025858
57.82	0.017402	0.025999
57.83	0.017304	0.026107
57.84	0.017218	0.026283
57.85	0.017238	0.02655
57.86	0.017253	0.026898
57.87	0.017263	0.027243
57.88	0.017269	0.027681
57.89	0.017412	0.028173
57.9	0.017574	0.028566
57.91	0.01776	0.029077
57.92	0.017894	0.029638
57.93	0.018005	0.030205
57.94	0.018081	0.030601
57.95	0.018197	0.03096
57.96	0.018336	0.031297
57.97	0.01851	0.031587
57.98	0.018735	0.031733
57.99	0.018722	0.03189
58	0.01864	0.032025
58.01	0.018681	0.032067
58.02	0.018748	0.032175
58.03	0.018862	0.032237
58.04	0.01899	0.032333
58.05	0.019105	0.03246
58.06	0.019098	0.032651
58.07	0.019085	0.032815
58.08	0.019054	0.032977
58.09	0.019086	0.033138
58.1	0.019012	0.033374
58.11	0.018997	0.033502
58.12	0.019109	0.033746
58.13	0.019144	0.033986
58.14	0.019165	0.034292
58.15	0.019241	0.034471
58.16	0.019402	0.034606
58.17	0.019579	0.034872
58.18	0.019638	0.035368
58.19	0.019627	0.035762
58.2	0.019577	0.036252
58.21	0.019488	0.036774
58.22	0.019282	0.037295
58.23	0.019134	0.037749
58.24	0.018983	0.038183
58.25	0.01895	0.038562
58.26	0.018998	0.038932
58.27	0.019029	0.039266
58.28	0.01903	0.039592
58.29	0.019062	0.040025
58.3	0.01912	0.0405
58.31	0.01915	0.041
58.32	0.019176	0.041382
58.33	0.01919	0.041808
58.34	0.019169	0.042209
58.35	0.019159	0.042679
58.36	0.0192	0.043072
58.37	0.019303	0.043394
58.38	0.019567	0.043615
58.39	0.019602	0.0437
58.4	0.019495	0.043756
58.41	0.01929	0.04386
58.42	0.019095	0.043935
58.43	0.0188	0.043997
58.44	0.018519	0.044222
58.45	0.018308	0.044381
58.46	0.018141	0.044379
58.47	0.017886	0.044283
58.48	0.017737	0.044197
58.49	0.01769	0.044278
58.5	0.017586	0.044447
58.51	0.017417	0.044554
58.52	0.017125	0.044525
58.53	0.016808	0.044576
58.54	0.016527	0.044698
58.55	0.016276	0.044882
58.56	0.015917	0.045116
58.57	0.01559	0.04542
58.58	0.015207	0.045646
58.59	0.014669	0.045938
58.6	0.014152	0.046027
58.61	0.013716	0.046196
58.62	0.013159	0.046368
58.63	0.012589	0.04656
58.64	0.012068	0.046649
58.65	0.01171	0.046747
58.66	0.011332	0.046767
58.67	0.011161	0.046767
58.68	0.010988	0.04678
58.69	0.010863	0.046909
58.7	0.010731	0.047017
58.71	0.01054	0.047097
58.72	0.010411	0.047279
58.73	0.010184	0.047489
58.74	0.0098736	0.04777
58.75	0.0094864	0.048066
58.76	0.0092064	0.048269
58.77	0.008934	0.048527
58.78	0.0087477	0.048711
58.79	0.0085458	0.048987
58.8	0.0083676	0.04923
58.81	0.0080524	0.049412
58.82	0.0076713	0.049608
58.83	0.0072256	0.049658
58.84	0.0066867	0.049635
58.85	0.0060413	0.049588
58.86	0.0054503	0.049507
58.87	0.0046237	0.049449
58.88	0.0037883	0.04932
58.89	0.0031103	0.049318
58.9	0.0023749	0.04927
58.91	0.0016926	0.049265
58.92	0.0011039	0.049262
58.93	0.00056288	0.049365
58.94	7.5782e-05	0.049517
58.95	-0.00038369	0.049562
58.96	-0.00081894	0.04945
58.97	-0.0012007	0.049343
58.98	-0.0013926	0.049115
58.99	-0.0015495	0.049011
59	-0.0016123	0.048859
59.01	-0.0016075	0.04875
59.02	-0.0016249	0.048669
59.03	-0.0016388	0.048659
59.04	-0.0016626	0.04878
59.05	-0.0017037	0.049101
59.06	-0.0017651	0.049449
59.07	-0.0018146	0.049797
59.08	-0.0018664	0.050012
59.09	-0.0020062	0.050105
59.1	-0.002052	0.050223
59.11	-0.0021469	0.050323
59.12	-0.002239	0.05047
59.13	-0.0023449	0.050509
59.14	-0.0023728	0.050594
59.15	-0.0023029	0.050684
59.16	-0.0022757	0.050748
59.17	-0.0023113	0.050707
59.18	-0.0023513	0.050766
59.19	-0.0024585	0.050801
59.2	-0.0024992	0.050656
59.21	-0.0024542	0.05037
59.22	-0.0024427	0.049986
59.23	-0.0024897	0.049593
59.24	-0.0025997	0.04912
59.25	-0.0027321	0.048561
59.26	-0.0028192	0.048013
59.27	-0.002924	0.047423
59.28	-0.002986	0.046766
59.29	-0.0030152	0.04621
59.3	-0.0031206	0.045625
59.31	-0.00329	0.045024
59.32	-0.0034364	0.044407
59.33	-0.0035065	0.043823
59.34	-0.003698	0.043375
59.35	-0.0037878	0.042879
59.36	-0.0039562	0.04242
59.37	-0.0041445	0.042193
59.38	-0.0043701	0.042039
59.39	-0.0047001	0.041913
59.4	-0.0048375	0.041875
59.41	-0.0049121	0.041781
59.42	-0.0049794	0.041857
59.43	-0.0049308	0.041928
59.44	-0.0047956	0.042006
59.45	-0.0046213	0.042016
59.46	-0.0044287	0.042046
59.47	-0.0041657	0.042076
59.48	-0.0038699	0.042105
59.49	-0.0034487	0.042065
59.5	-0.0030235	0.041983
59.51	-0.0027109	0.041827
59.52	-0.0023274	0.041777
59.53	-0.0018454	0.041651
59.54	-0.0013835	0.041509
59.55	-0.00085453	0.04128
59.56	-0.0003104	0.040975
59.57	0.00012298	0.040695
59.58	0.00058541	0.040434
59.59	0.0010608	0.040222
59.6	0.0015826	0.040012
59.61	0.0021586	0.03977
59.62	0.0026843	0.03956
59.63	0.0030358	0.039548
59.64	0.0034434	0.03954
59.65	0.0037841	0.03959
59.66	0.0041165	0.039681
59.67	0.0043844	0.039693
59.68	0.0047231	0.039782
59.69	0.0050031	0.039944
59.7	0.0053695	0.039937
59.71	0.0057698	0.039846
59.72	0.0061218	0.039722
59.73	0.0064399	0.039615
59.74	0.0067875	0.039522
59.75	0.0071051	0.039258
59.76	0.0073718	0.039045
59.77	0.0076037	0.038809
59.78	0.0079781	0.038691
59.79	0.0085219	0.038484
59.8	0.0090143	0.038375
59.81	0.0094594	0.038274
59.82	0.0098791	0.038201
59.83	0.010401	0.038213
59.84	0.010911	0.03824
59.85	0.011407	0.038268
59.86	0.011819	0.038327
59.87	0.012204	0.038343
59.88	0.012441	0.038384
59.89	0.012604	0.038395
59.9	0.012822	0.03829
59.91	0.012832	0.038205
59.92	0.012739	0.038039
59.93	0.012686	0.038055
59.94	0.01267	0.038006
59.95	0.012511	0.037837
59.96	0.01241	0.037765
59.97	0.012299	0.037783
59.98	0.012158	0.037886
59.99	0.012034	0.037925
60	0.011883	0.037843
60.01	0.011772	0.037735
60.02	0.011672	0.037559
60.03	0.011501	0.03739
60.04	0.011362	0.037165
60.05	0.011329	0.036908
60.06	0.011402	0.036738
60.07	0.011515	0.036598
60.08	0.011506	0.036513
60.09	0.01152	0.036419
60.1	0.011615	0.036474
60.11	0.011713	0.036551
60.12	0.011769	0.036808
60.13	0.011887	0.037065
60.14	0.012041	0.037356
60.15	0.012216	0.037641
60.16	0.012267	0.037956
60.17	0.012254	0.03831
60.18	0.012304	0.038672
60.19	0.012236	0.039069
60.2	0.012177	0.039449
60.21	0.012051	0.039793
60.22	0.011888	0.040198
60.23	0.011718	0.04058
60.24	0.011653	0.040959
60.25	0.011601	0.041349
60.26	0.011531	0.041817
60.27	0.011521	0.042355
60.28	0.01149	0.042909
60.29	0.011401	0.043489
60.3	0.011417	0.044096
60.31	0.011599	0.044609
60.32	0.011703	0.045161
60.33	0.011796	0.04567
60.34	0.01186	0.046166
60.35	0.011852	0.046675
60.36	0.011684	0.04707
60.37	0.011477	0.047484
60.38	0.011285	0.047913
60.39	0.011082	0.048261
60.4	0.010708	0.048628
60.41	0.010237	0.048998
60.42	0.0098087	0.04933
60.43	0.0092956	0.049612
60.44	0.0088055	0.049858
60.45	0.0083169	0.050106
60.46	0.008028	0.050306
60.47	0.007771	0.050571
60.48	0.0074035	0.050828
60.49	0.0071042	0.051069
60.5	0.006895	0.051337
60.51	0.0067211	0.051568
60.52	0.0065154	0.051715
60.53	0.0064034	0.05191
60.54	0.0062552	0.052118
60.55	0.0060982	0.052437
60.56	0.0060038	0.052762
60.57	0.0058714	0.053031
60.58	0.0059028	0.053315
60.59	0.0059629	0.053656
60.6	0.0059646	0.05397
60.61	0.0059544	0.054297
60.62	0.0058502	0.054599
60.63	0.0057126	0.054723
60.64	0.0055452	0.054753
60.65	0.0053774	0.054888
60.66	0.0052566	0.054966
60.67	0.0052979	0.055021
60.68	0.0052187	0.055119
60.69	0.0051562	0.055222
60.7	0.0050328	0.055414
60.71	0.004853	0.055571
60.72	0.0046576	0.055643
60.73	0.0044853	0.055843
60.74	0.0042964	0.055959
60.75	0.0040817	0.056026
60.76	0.0037716	0.056009
60.77	0.0034505	0.055971
60.78	0.0032977	0.056017
60.79	0.0031476	0.055985
60.8	0.0029503	0.055869
60.81	0.0027428	0.055752
60.82	0.0026278	0.055606
60.83	0.0025606	0.055454
60.84	0.0025164	0.055146
60.85	0.0026181	0.054855
60.86	0.0026376	0.054545
60.87	0.0025348	0.054115
60.88	0.0024	0.053571
60.89	0.0022297	0.053065
60.9	0.0020527	0.052487
60.91	0.0018546	0.05188
60.92	0.0017244	0.051266
60.93	0.0015622	0.050651
60.94	0.0015368	0.049876
60.95	0.0014016	0.048935
60.96	0.0012872	0.048033
60.97	0.0011156	0.047243
60.98	0.00087754	0.046493
60.99	0.00064037	0.045786
61	0.00043441	0.044882
61.01	0.00026862	0.043952
61.02	-3.4945e-05	0.043053
61.03	-0.00030288	0.042068
61.04	-0.00064056	0.041225
61.05	-0.00095762	0.040251
61.06	-0.0011609	0.039307
61.07	-0.0014605	0.038393
61.08	-0.0017545	0.037501
61.09	-0.0020131	0.036603
61.1	-0.0022473	0.035766
61.11	-0.002412	0.035008
61.12	-0.0026495	0.034232
61.13	-0.002893	0.033422
61.14	-0.0031838	0.032711
61.15	-0.0035759	0.032007
61.16	-0.0040946	0.031423
61.17	-0.0045856	0.030787
61.18	-0.0050358	0.030129
61.19	-0.0054451	0.029481
61.2	-0.0057513	0.028868
61.21	-0.0060958	0.028286
61.22	-0.0064614	0.027645
61.23	-0.0067093	0.02708
61.24	-0.0070558	0.026468
61.25	-0.0074402	0.025764
61.26	-0.0078233	0.024945
61.27	-0.0082626	0.024187
61.28	-0.0086281	0.023419
61.29	-0.0090167	0.022551
61.3	-0.0092072	0.021673
61.31	-0.0092849	0.020916
61.32	-0.0093081	0.020156
61.33	-0.0093246	0.019449
61.34	-0.0092229	0.018688
61.35	-0.0090477	0.017844
61.36	-0.0089083	0.016999
61.37	-0.008823	0.016124
61.38	-0.0087754	0.015327
61.39	-0.0086807	0.014557
61.4	-0.0085764	0.013906
61.41	-0.0084668	0.013264
61.42	-0.0081829	0.012733
61.43	-0.0079961	0.012214
61.44	-0.0078754	0.011709
61.45	-0.0077816	0.01129
61.46	-0.0077874	0.011035
61.47	-0.0077547	0.010786
61.48	-0.0077856	0.010331
61.49	-0.0078154	0.0098126
61.5	-0.0078828	0.0093431
61.51	-0.0079386	0.0089014
61.52	-0.0079608	0.0085223
61.53	-0.0080171	0.0081712
61.54	-0.0081151	0.0077468
61.55	-0.0081658	0.007275
61.56	-0.0082721	0.0067881
61.57	-0.0083021	0.0062838
61.58	-0.008333	0.0058475
61.59	-0.0082474	0.0055181
61.6	-0.0080507	0.005136
61.61	-0.0078662	0.0047783
61.62	-0.0077049	0.004426
61.63	-0.0075388	0.004157
61.64	-0.0073686	0.0039597
61.65	-0.0073759	0.0038317
61.66	-0.0073672	0.0036633
61.67	-0.0073701	0.0034935
61.68	-0.0073486	0.0032734
61.69	-0.0072823	0.0029551
61.7	-0.0072663	0.0027424
61.71	-0.0072823	0.0025524
61.72	-0.0072642	0.0023311
61.73	-0.0073816	0.0020275
61.74	-0.0074457	0.0016658
61.75	-0.0074449	0.0013779
61.76	-0.0074974	0.0012109
61.77	-0.007614	0.00098831
61.78	-0.0078037	0.00082695
61.79	-0.0080086	0.0006983
61.8	-0.0081041	0.00059844
61.81	-0.0081666	0.00047336
61.82	-0.0082124	0.00031545
61.83	-0.0082346	0.00017585
61.84	-0.0082295	3.348e-05
61.85	-0.0082539	-6.718e-06
61.86	-0.0081196	-0.00010821
61.87	-0.0079515	-0.00022661
61.88	-0.0077338	-0.00041674
61.89	-0.0075739	-0.00051454
61.9	-0.0075068	-0.000551
61.91	-0.0073828	-0.00049353
61.92	-0.0072755	-0.00051466
61.93	-0.0070988	-0.00056478
61.94	-0.0068114	-0.00072296
61.95	-0.0064688	-0.00088851
61.96	-0.0060793	-0.0011365
61.97	-0.0057112	-0.0013959
61.98	-0.0052875	-0.0016702
61.99	-0.0048801	-0.0019712
62	-0.0044829	-0.0022511
62.01	-0.0041267	-0.0024774
62.02	-0.0038112	-0.0027175
62.03	-0.003602	-0.0030172
62.04	-0.0034381	-0.0033015
62.05	-0.003213	-0.0035656
62.06	-0.0029805	-0.0036821
62.07	-0.0026865	-0.0037056
62.08	-0.0024081	-0.0037466
62.09	-0.0021316	-0.0036799
62.1	-0.001942	-0.0035269
62.11	-0.0018061	-0.0034014
62.12	-0.0015543	-0.0033292
62.13	-0.0012077	-0.0032967
62.14	-0.0009269	-0.0032281
62.15	-0.00057263	-0.0031746
62.16	-0.00019569	-0.0031709
62.17	0.00012627	-0.0032158
62.18	0.00048507	-0.0032529
62.19	0.00073834	-0.0031864
62.2	0.0010724	-0.003147
62.21	0.0012777	-0.0030367
62.22	0.0014736	-0.0029115
62.23	0.0015606	-0.0027523
62.24	0.0015881	-0.0025045
62.25	0.0016125	-0.0022335
62.26	0.0016192	-0.0019244
62.27	0.0016581	-0.0016411
62.28	0.0015552	-0.0014805
62.29	0.0015096	-0.0013573
62.3	0.001369	-0.0012151
62.31	0.0012685	-0.0010834
62.32	0.0011482	-0.0010141
62.33	0.00097359	-0.00082068
62.34	0.0008123	-0.00051065
62.35	0.00072706	-0.0002737
62.36	0.00070283	-0.00011755
62.37	0.00070015	-0.0001467
62.38	0.00070305	-9.5202e-05
62.39	0.0007424	3.833e-05
62.4	0.00070765	0.00013096
62.41	0.0007162	9.2421e-05
62.42	0.00069252	-1.8412e-05
62.43	0.00065101	-0.00022808
62.44	0.00064868	-0.00042788
62.45	0.00052399	-0.0006912
62.46	0.00041034	-0.00093854
62.47	0.00026033	-0.0012484
62.48	0.00011948	-0.0015763
62.49	-7.3585e-06	-0.0019328
62.5	-0.00015592	-0.0022304
62.51	-0.00040741	-0.0025603
62.52	-0.00074497	-0.0029221
62.53	-0.0010841	-0.0032259
62.54	-0.0014151	-0.0034161
62.55	-0.0017048	-0.0036682
62.56	-0.0019182	-0.0039185
62.57	-0.002126	-0.0042311
62.58	-0.0022525	-0.0045701
62.59	-0.0023601	-0.0048465
62.6	-0.0024128	-0.0052239
62.61	-0.0024813	-0.0055971
62.62	-0.0025388	-0.0059769
62.63	-0.0025519	-0.0063502
62.64	-0.0025543	-0.0066186
62.65	-0.0026233	-0.0068594
62.66	-0.0027293	-0.0070861
62.67	-0.002851	-0.0073289
62.68	-0.0028196	-0.0075136
62.69	-0.0027366	-0.007634
62.7	-0.0027689	-0.0077019
62.71	-0.0027359	-0.007752
62.72	-0.0026978	-0.0078712
62.73	-0.0028218	-0.0079089
62.74	-0.0028983	-0.0079104
62.75	-0.0030121	-0.0080013
62.76	-0.003064	-0.0081544
62.77	-0.003133	-0.008285
62.78	-0.0032481	-0.0083185
62.79	-0.0033672	-0.0082786
62.8	-0.003443	-0.0082764
62.81	-0.0035936	-0.0083113
62.82	-0.0037111	-0.0083123
62.83	-0.003759	-0.0083463
62.84	-0.0038525	-0.0083826
62.85	-0.0038838	-0.0083537
62.86	-0.0039212	-0.0083868
62.87	-0.0038991	-0.0083828
62.88	-0.0038294	-0.0083612
62.89	-0.0038854	-0.0082533
62.9	-0.0038623	-0.0082202
62.91	-0.00391	-0.0081929
62.92	-0.0039901	-0.0081985
62.93	-0.0041118	-0.0080694
62.94	-0.0042371	-0.0078743
62.95	-0.0043963	-0.0076157
62.96	-0.004606	-0.0073037
62.97	-0.0048562	-0.0069353
62.98	-0.0050943	-0.0065511
62.99	-0.005251	-0.0062433
63	-0.0053916	-0.0059007
63.01	-0.0055244	-0.0055637
63.02	-0.0057328	-0.0053376
63.03	-0.0058942	-0.0050222
63.04	-0.0061254	-0.0048321
63.05	-0.0062508	-0.0047423
63.06	-0.0064978	-0.0046848
63.07	-0.0067733	-0.004641
63.08	-0.0070086	-0.0046206
63.09	-0.00716	-0.0045651
63.1	-0.0071859	-0.0044586
63.11	-0.0070354	-0.0043302
63.12	-0.0069047	-0.0042257
63.13	-0.0067637	-0.0040756
63.14	-0.0066574	-0.0038678
63.15	-0.0064924	-0.0036253
63.16	-0.0062612	-0.0034319
63.17	-0.0059694	-0.0033334
63.18	-0.0056614	-0.0032145
63.19	-0.0053378	-0.0030693
63.2	-0.0051035	-0.0030345
63.21	-0.004957	-0.0030439
63.22	-0.0048552	-0.0030248
63.23	-0.004633	-0.0028768
63.24	-0.0045528	-0.0028399
63.25	-0.0044117	-0.0029102
63.26	-0.0042341	-0.0030199
63.27	-0.0039708	-0.0030336
63.28	-0.0036247	-0.0030181
63.29	-0.0033413	-0.0030789
63.3	-0.0029909	-0.0032141
63.31	-0.0026666	-0.0033048
63.32	-0.0024675	-0.0034154
63.33	-0.0022697	-0.0034283
63.34	-0.0020277	-0.0034903
63.35	-0.0017874	-0.0034361
63.36	-0.0014375	-0.0034763
63.37	-0.001046	-0.0034302
63.38	-0.00067268	-0.0032161
63.39	-0.00027367	-0.003012
63.4	0.00013897	-0.0027417
63.41	0.00054347	-0.0024441
63.42	0.00095967	-0.0021382
63.43	0.0013659	-0.0019276
63.44	0.0018518	-0.0016469
63.45	0.0023746	-0.0013342
63.46	0.0029128	-0.0010514
63.47	0.0033683	-0.00079089
63.48	0.003736	-0.00052841
63.49	0.0041205	-0.00028985
63.5	0.0044906	-0.00014054
63.51	0.0048376	-2.4833e-05
63.52	0.0051952	0.00012088
63.53	0.0055192	0.00026482
63.54	0.0057715	0.00040248
63.55	0.0059695	0.00046048
63.56	0.0060814	0.00046053
63.57	0.0060886	0.00057068
63.58	0.0060297	0.00074825
63.59	0.0058896	0.00086266
63.6	0.0057493	0.0009776
63.61	0.0055528	0.001188
63.62	0.0054604	0.0014624
63.63	0.0053448	0.0016842
63.64	0.0052987	0.0018662
63.65	0.0053049	0.0019532
63.66	0.0053385	0.0020749
63.67	0.005422	0.0021756
63.68	0.0055526	0.0022684
63.69	0.0056222	0.0023896
63.7	0.0056628	0.0025903
63.71	0.0056604	0.0027602
63.72	0.0056478	0.002981
63.73	0.0056455	0.0031878
63.74	0.0056592	0.0032799
63.75	0.0056396	0.003248
63.76	0.0056097	0.0031632
63.77	0.0056423	0.0031011
63.78	0.0055906	0.0030274
63.79	0.005559	0.002934
63.8	0.0054269	0.0028159
63.81	0.0052797	0.0026772
63.82	0.0051406	0.0026196
63.83	0.0050233	0.0025237
63.84	0.0049944	0.002455
63.85	0.004917	0.0022928
63.86	0.0049155	0.0022158
63.87	0.0047733	0.0021308
63.88	0.0046423	0.0020743
63.89	0.0045029	0.0019777
63.9	0.0042645	0.0018961
63.91	0.0040577	0.0017018
63.92	0.0038107	0.0015159
63.93	0.0037165	0.0013559
63.94	0.0036587	0.0011734
63.95	0.0036326	0.0010118
63.96	0.0036255	0.00083927
63.97	0.0035458	0.0006486
63.98	0.0034835	0.00042421
63.99	0.0033877	0.00029203
64	0.0032963	0.00011103
64.01	0.0031265	-7.1554e-05
64.02	0.0029295	-0.00030018
64.03	0.002814	-0.00053282
64.04	0.0027275	-0.00082945
64.05	0.0027135	-0.0011417
64.06	0.0026228	-0.0013872
64.07	0.0024773	-0.0016832
64.08	0.0022979	-0.0019919
64.09	0.0020034	-0.0023112
64.1	0.0016985	-0.0026086
64.11	0.0014471	-0.0028179
64.12	0.0011752	-0.0029486
64.13	0.00094647	-0.0031287
64.14	0.00075899	-0.0033162
64.15	0.00059334	-0.0034501
64.16	0.00042897	-0.0035768
64.17	0.0002615	-0.003746
64.18	0.00016613	-0.0038905
64.19	-4.4493e-05	-0.0040762
64.2	-0.00017448	-0.0043876
64.21	-0.00031859	-0.0046865
64.22	-0.00032216	-0.0049874
64.23	-0.0003764	-0.0052615
64.24	-0.00036905	-0.0055764
64.25	-0.00036357	-0.0059018
64.26	-0.00037609	-0.006302
64.27	-0.00039498	-0.0065841
64.28	-0.00048388	-0.0068522
64.29	-0.00061534	-0.0071065
64.3	-0.00075616	-0.0073717
64.31	-0.00095477	-0.0075968
64.32	-0.001119	-0.0077997
64.33	-0.0012402	-0.0080507
64.34	-0.0013631	-0.0083217
64.35	-0.0014592	-0.0086001
64.36	-0.0015436	-0.0089473
64.37	-0.0017001	-0.0094042
64.38	-0.0018771	-0.0097667
64.39	-0.0019652	-0.010229
64.4	-0.0019361	-0.010707
64.41	-0.0018623	-0.011245
64.42	-0.0018427	-0.01166
64.43	-0.0018897	-0.011997
64.44	-0.0019118	-0.012365
64.45	-0.001888	-0.012754
64.46	-0.0018147	-0.013047
64.47	-0.0016556	-0.013274
64.48	-0.0014845	-0.013566
64.49	-0.0012874	-0.013783
64.5	-0.0011353	-0.013915
64.51	-0.00087048	-0.014028
64.52	-0.00054708	-0.014228
64.53	-0.00024597	-0.014457
64.54	-8.2794e-06	-0.014652
64.55	0.00015711	-0.014798
64.56	0.00022331	-0.015022
64.57	0.00026213	-0.015331
64.58	0.00040683	-0.015635
64.59	0.00049495	-0.015926
64.6	0.00055328	-0.016134
64.61	0.00064895	-0.016295
64.62	0.00079258	-0.016433
64.63	0.00098388	-0.016611
64.64	0.0010279	-0.016754
64.65	0.0010644	-0.016998
64.66	0.001115	-0.017264
64.67	0.0012123	-0.017567
64.68	0.0012987	-0.017831
64.69	0.0014191	-0.018129
64.7	0.0014113	-0.018392
64.71	0.001415	-0.018633
64.72	0.0015014	-0.018829
64.73	0.0015595	-0.018981
64.74	0.0016962	-0.019112
64.75	0.0017328	-0.019177
64.76	0.0018419	-0.019258
64.77	0.0019178	-0.019337
64.78	0.0020047	-0.019403
64.79	0.0021617	-0.019426
64.8	0.0022821	-0.019513
64.81	0.0024419	-0.019521
64.82	0.002644	-0.019566
64.83	0.0027052	-0.019646
64.84	0.0027161	-0.019785
64.85	0.0026769	-0.019963
64.86	0.0025979	-0.020178
64.87	0.0025514	-0.020395
64.88	0.0025087	-0.020579
64.89	0.002481	-0.020743
64.9	0.0024813	-0.020865
64.91	0.0024822	-0.021116
64.92	0.0024818	-0.021372
64.93	0.002491	-0.021587
64.94	0.0026076	-0.021801
64.95	0.0026305	-0.021881
64.96	0.0027166	-0.021934
64.97	0.0027633	-0.022039
64.98	0.0027985	-0.022113
64.99	0.0028376	-0.022178
65	0.0028515	-0.022189
65.01	0.0028289	-0.022225
65.02	0.002819	-0.022277
65.03	0.0028723	-0.022359
65.04	0.0028864	-0.022488
65.05	0.0028757	-0.022637
65.06	0.0028141	-0.022776
65.07	0.0027323	-0.022876
65.08	0.0027452	-0.023014
65.09	0.0027499	-0.02316
65.1	0.0028191	-0.02331
65.11	0.002784	-0.023519
65.12	0.0027669	-0.023597
65.13	0.0028	-0.023532
65.14	0.0028605	-0.023528
65.15	0.0028848	-0.023484
65.16	0.0029603	-0.023406
65.17	0.0031043	-0.023307
65.18	0.0032617	-0.023255
65.19	0.0034259	-0.023168
65.2	0.0035836	-0.023019
65.21	0.0038358	-0.022762
65.22	0.0041139	-0.022484
65.23	0.0043058	-0.022199
65.24	0.0044877	-0.021904
65.25	0.0046322	-0.021585
65.26	0.0047715	-0.021239
65.27	0.0049277	-0.02081
65.28	0.0051527	-0.020381
65.29	0.0054572	-0.020106
65.3	0.0058663	-0.019891
65.31	0.0062138	-0.01969
65.32	0.0065151	-0.019418
65.33	0.0067821	-0.019189
65.34	0.0070089	-0.018946
65.35	0.0072458	-0.018626
65.36	0.0074372	-0.018348
65.37	0.0075673	-0.018034
65.38	0.0076522	-0.017722
65.39	0.0076827	-0.01741
65.4	0.0075977	-0.017115
65.41	0.0075498	-0.016696
65.42	0.0075349	-0.016326
65.43	0.0074753	-0.016032
65.44	0.00747	-0.015753
65.45	0.0074277	-0.015428
65.46	0.0074125	-0.015169
65.47	0.0074059	-0.014968
65.48	0.0074872	-0.014775
65.49	0.0075559	-0.014584
65.5	0.0075212	-0.014351
65.51	0.0075757	-0.014108
65.52	0.0075698	-0.013836
65.53	0.0075356	-0.013572
65.54	0.0074568	-0.013413
65.55	0.0074632	-0.013269
65.56	0.007522	-0.013221
65.57	0.0076669	-0.013179
65.58	0.0077811	-0.013102
65.59	0.0079649	-0.013074
65.6	0.0080483	-0.013079
65.61	0.008136	-0.013076
65.62	0.0082369	-0.013062
65.63	0.0083711	-0.013023
65.64	0.0084216	-0.012974
65.65	0.0084335	-0.012922
65.66	0.0083703	-0.012842
65.67	0.0082812	-0.012817
65.68	0.0082186	-0.012773
65.69	0.0081599	-0.012714
65.7	0.008225	-0.012601
65.71	0.0083098	-0.012521
65.72	0.0083585	-0.012434
65.73	0.0083944	-0.012324
65.74	0.0084311	-0.012181
65.75	0.0084833	-0.01205
65.76	0.0085323	-0.011829
65.77	0.0086162	-0.011675
65.78	0.0086367	-0.011544
65.79	0.0086834	-0.011493
65.8	0.0087411	-0.011429
65.81	0.00883	-0.011422
65.82	0.0089752	-0.01144
65.83	0.0091243	-0.011422
65.84	0.0092035	-0.011364
65.85	0.0091968	-0.011319
65.86	0.0091467	-0.011284
65.87	0.0090116	-0.011219
65.88	0.0088925	-0.011208
65.89	0.0087911	-0.011235
65.9	0.0086744	-0.011264
65.91	0.008557	-0.011348
65.92	0.0083439	-0.011507
65.93	0.0081536	-0.011656
65.94	0.007927	-0.011853
65.95	0.0076871	-0.012023
65.96	0.0075475	-0.012172
65.97	0.0073777	-0.012341
65.98	0.0072933	-0.012438
65.99	0.0071603	-0.012516
66	0.0070213	-0.012526
66.01	0.0069273	-0.012488
66.02	0.0068779	-0.01251
66.03	0.0069226	-0.012483
66.04	0.0069014	-0.01238
66.05	0.0068991	-0.012321
66.06	0.0068675	-0.012235
66.07	0.0068386	-0.012184
66.08	0.0068181	-0.012084
66.09	0.0067594	-0.011979
66.1	0.006694	-0.011945
66.11	0.0065948	-0.011882
66.12	0.0064302	-0.011885
66.13	0.0061988	-0.011849
66.14	0.0060005	-0.011841
66.15	0.0058635	-0.011826
66.16	0.0057131	-0.011846
66.17	0.0055278	-0.01196
66.18	0.0051976	-0.012191
66.19	0.0048312	-0.012377
66.2	0.0044975	-0.012603
66.21	0.0041706	-0.012736
66.22	0.0038444	-0.012843
66.23	0.0035158	-0.012919
66.24	0.0031943	-0.012931
66.25	0.0029381	-0.012971
66.26	0.0027263	-0.013081
66.27	0.0025944	-0.013144
66.28	0.0023771	-0.013206
66.29	0.0022031	-0.013234
66.3	0.0020675	-0.013311
66.31	0.0019306	-0.01345
66.32	0.0018368	-0.013603
66.33	0.0016535	-0.013828
66.34	0.0014724	-0.01404
66.35	0.0012497	-0.014239
66.36	0.0009725	-0.014434
66.37	0.00068335	-0.014623
66.38	0.00040584	-0.014874
66.39	0.00014048	-0.015109
66.4	-0.00016455	-0.01533
66.41	-0.00048618	-0.015491
66.42	-0.00071918	-0.01558
66.43	-0.00087139	-0.015633
66.44	-0.0010024	-0.015703
66.45	-0.001146	-0.015696
66.46	-0.0012118	-0.015618
66.47	-0.0012316	-0.015443
66.48	-0.0013762	-0.015321
66.49	-0.0015182	-0.015147
66.5	-0.001668	-0.014845
66.51	-0.0018021	-0.014602
66.52	-0.0019382	-0.014416
66.53	-0.0021437	-0.014241
66.54	-0.0022658	-0.014037
66.55	-0.0022941	-0.013877
66.56	-0.0022636	-0.013812
66.57	-0.0021905	-0.013795
66.58	-0.0020454	-0.013725
66.59	-0.0019695	-0.013633
66.6	-0.0019309	-0.01347
66.61	-0.001945	-0.013356
66.62	-0.0020778	-0.013222
66.63	-0.002217	-0.013077
66.64	-0.0023955	-0.01291
66.65	-0.002553	-0.012741
66.66	-0.0027039	-0.012581
66.67	-0.0028311	-0.012379
66.68	-0.0029189	-0.012182
66.69	-0.0029322	-0.012014
66.7	-0.002915	-0.011811
66.71	-0.002854	-0.01162
66.72	-0.0027914	-0.011391
66.73	-0.0027187	-0.011162
66.74	-0.0026491	-0.010967
66.75	-0.0026037	-0.010803
66.76	-0.0025891	-0.010613
66.77	-0.0025962	-0.01043
66.78	-0.0025791	-0.010263
66.79	-0.0026199	-0.010073
66.8	-0.0025967	-0.0099473
66.81	-0.0025833	-0.009847
66.82	-0.0025158	-0.009769
66.83	-0.0023785	-0.0097275
66.84	-0.0022071	-0.0097081
66.85	-0.0020039	-0.0096805
66.86	-0.0017825	-0.0096807
66.87	-0.0015311	-0.0096374
66.88	-0.0013083	-0.0095711
66.89	-0.0010837	-0.0094309
66.9	-0.00090774	-0.0093459
66.91	-0.00077746	-0.0093629
66.92	-0.00055466	-0.0093053
66.93	-0.00041046	-0.0092204
66.94	-0.00021111	-0.0090834
66.95	-6.728e-05	-0.0089345
66.96	0.00010328	-0.0087439
66.97	0.00026241	-0.0085041
66.98	0.00045859	-0.0082581
66.99	0.00068793	-0.0080219
67	0.00098425	-0.0077123
67.01	0.0012882	-0.0074436
67.02	0.0014795	-0.0071699
67.03	0.0017131	-0.0069223
67.04	0.0019578	-0.0066518
67.05	0.00225	-0.0064112
67.06	0.002613	-0.0062322
67.07	0.0029902	-0.006094
67.08	0.0033424	-0.0059989
67.09	0.0036928	-0.0058706
67.1	0.0040482	-0.0057698
67.11	0.0044221	-0.0056786
67.12	0.0048139	-0.0055891
67.13	0.0051513	-0.0054578
67.14	0.0054431	-0.0052762
67.15	0.0058332	-0.0051026
67.16	0.0061429	-0.0050186
67.17	0.0063447	-0.0049527
67.18	0.0064822	-0.004837
67.19	0.0066684	-0.0047258
67.2	0.0068563	-0.0046464
67.21	0.0070099	-0.0045703
67.22	0.0070913	-0.004486
67.23	0.0071518	-0.0044594
67.24	0.007217	-0.0044051
67.25	0.0073212	-0.0043702
67.26	0.0074629	-0.0043748
67.27	0.007631	-0.0043948
67.28	0.0077512	-0.0045192
67.29	0.0078565	-0.0046848
67.3	0.0079724	-0.004814
67.31	0.008091	-0.0048756
67.32	0.0082426	-0.0049473
67.33	0.0082812	-0.0050694
67.34	0.008363	-0.0051815
67.35	0.0083508	-0.0053051
67.36	0.0083087	-0.0054818
67.37	0.0082945	-0.005635
67.38	0.0082462	-0.0058048
67.39	0.0081285	-0.0059318
67.4	0.008031	-0.0060932
67.41	0.0079571	-0.0062418
67.42	0.0078	-0.0064428
67.43	0.0076284	-0.0066517
67.44	0.0074257	-0.0067862
67.45	0.0071461	-0.0070085
67.46	0.0069193	-0.0072228
67.47	0.0066229	-0.0074191
67.48	0.0063336	-0.0076361
67.49	0.0060276	-0.0078645
67.5	0.0057421	-0.0080913
67.51	0.0054809	-0.008307
67.52	0.005285	-0.0085419
67.53	0.0051185	-0.0088377
67.54	0.0049496	-0.0091994
67.55	0.0048379	-0.0095205
67.56	0.0048312	-0.0098215
67.57	0.0048408	-0.010084
67.58	0.004812	-0.010416
67.59	0.0047304	-0.010705
67.6	0.0046908	-0.011028
67.61	0.0046684	-0.011251
67.62	0.0045931	-0.011383
67.63	0.0044946	-0.011437
67.64	0.0043479	-0.011472
67.65	0.0042149	-0.011529
67.66	0.0040437	-0.011637
67.67	0.003943	-0.011724
67.68	0.0038746	-0.011862
67.69	0.0037641	-0.011966
67.7	0.0036599	-0.012077
67.71	0.0035735	-0.012222
67.72	0.0034768	-0.01231
67.73	0.0033573	-0.012369
67.74	0.0032428	-0.012443
67.75	0.003095	-0.012495
67.76	0.0028994	-0.012451
67.77	0.0026791	-0.012432
67.78	0.0025178	-0.012385
67.79	0.0024005	-0.012369
67.8	0.0022959	-0.012344
67.81	0.0021454	-0.012271
67.82	0.0020389	-0.012192
67.83	0.0019237	-0.012116
67.84	0.0018239	-0.012051
67.85	0.0017057	-0.011968
67.86	0.0015627	-0.011861
67.87	0.0013773	-0.01172
67.88	0.0012032	-0.011573
67.89	0.0009885	-0.011369
67.9	0.00081584	-0.011144
67.91	0.00065154	-0.010977
67.92	0.00051187	-0.010802
67.93	0.0003698	-0.010623
67.94	0.00017757	-0.0104
67.95	-2.9719e-05	-0.010199
67.96	-0.00021448	-0.010029
67.97	-0.00045003	-0.0098661
67.98	-0.000683	-0.0096685
67.99	-0.00090027	-0.0094683
68	-0.0010526	-0.0092576
68.01	-0.0011837	-0.0091089
68.02	-0.0013287	-0.0089334
68.03	-0.0014239	-0.008782
68.04	-0.0014738	-0.0086307
68.05	-0.0015484	-0.0084555
68.06	-0.0016608	-0.0082754
68.07	-0.0017502	-0.0080401
68.08	-0.0018643	-0.0077664
68.09	-0.0019402	-0.0074783
68.1	-0.0020201	-0.007169
68.11	-0.0020197	-0.006862
68.12	-0.0020107	-0.0065116
68.13	-0.0019487	-0.0061322
68.14	-0.0019163	-0.0057079
68.15	-0.0018861	-0.0052233
68.16	-0.0019169	-0.0048008
68.17	-0.0019903	-0.0044406
68.18	-0.0020604	-0.0040897
68.19	-0.0021489	-0.0037784
68.2	-0.0022318	-0.0033826
68.21	-0.0022993	-0.0030207
68.22	-0.0024064	-0.0026674
68.23	-0.0025485	-0.0023036
68.24	-0.0026822	-0.001889
68.25	-0.0027968	-0.0015155
68.26	-0.0029676	-0.0012088
68.27	-0.0031663	-0.00083471
68.28	-0.0034337	-0.00041161
68.29	-0.0036295	-4.1557e-05
68.3	-0.0038484	0.00025342
68.31	-0.0040222	0.00057677
68.32	-0.0041261	0.00097846
68.33	-0.0041518	0.0013355
68.34	-0.0041456	0.0016764
68.35	-0.004101	0.0020092
68.36	-0.0039866	0.0023244
68.37	-0.0038677	0.0026388
68.38	-0.003811	0.0029118
68.39	-0.0037731	0.0032249
68.4	-0.0036765	0.0035829
68.41	-0.0035362	0.0039271
68.42	-0.0033945	0.0042501
68.43	-0.0032504	0.0045513
68.44	-0.0030711	0.0048314
68.45	-0.0029634	0.0051241
68.46	-0.0028701	0.0053989
68.47	-0.0028128	0.0057051
68.48	-0.0027155	0.006065
68.49	-0.0026559	0.0064413
68.5	-0.0026499	0.0067776
68.51	-0.0026206	0.0070923
68.52	-0.0025623	0.0074225
68.53	-0.002523	0.0077737
68.54	-0.0025001	0.0080634
68.55	-0.0024764	0.0083025
68.56	-0.0024562	0.0084782
68.57	-0.0024763	0.0086452
68.58	-0.0025273	0.0087959
68.59	-0.0025267	0.008882
68.6	-0.0025101	0.0090113
68.61	-0.0024711	0.0091347
68.62	-0.0024285	0.0092131
68.63	-0.0023392	0.00927
68.64	-0.0022507	0.009365
68.65	-0.0021709	0.0094939
68.66	-0.0021097	0.0096928
68.67	-0.0020451	0.0098832
68.68	-0.0019962	0.01002
68.69	-0.0020093	0.010111
68.7	-0.0020308	0.010198
68.71	-0.002083	0.010242
68.72	-0.0021643	0.010302
68.73	-0.0022737	0.010403
68.74	-0.0023348	0.010489
68.75	-0.0024165	0.01057
68.76	-0.0024794	0.010603
68.77	-0.0025086	0.010635
68.78	-0.0024848	0.01064
68.79	-0.0025214	0.010596
68.8	-0.0025651	0.010543
68.81	-0.0025792	0.010537
68.82	-0.0026082	0.010499
68.83	-0.0026039	0.010443
68.84	-0.0026031	0.010337
68.85	-0.002558	0.010259
68.86	-0.0025073	0.010196
68.87	-0.0024242	0.010108
68.88	-0.0023161	0.0099992
68.89	-0.0021852	0.0098221
68.9	-0.002074	0.0096458
68.91	-0.001982	0.0094617
68.92	-0.0018536	0.009272
68.93	-0.0017912	0.0090311
68.94	-0.0017353	0.0087988
68.95	-0.0016916	0.0085965
68.96	-0.0016715	0.0084
68.97	-0.0016424	0.0081717
68.98	-0.0016549	0.007897
68.99	-0.0016688	0.0076804
69	-0.0016905	0.0074586
69.01	-0.0017401	0.0072353
69.02	-0.0017661	0.007002
69.03	-0.0017553	0.0067534
69.04	-0.0017284	0.0064801
69.05	-0.0017064	0.0062061
69.06	-0.0017017	0.0059502
69.07	-0.0017126	0.005738
69.08	-0.0017174	0.0055009
69.09	-0.0016967	0.005257
69.1	-0.0017131	0.0049979
69.11	-0.0017126	0.0047562
69.12	-0.0017146	0.0045668
69.13	-0.0016833	0.0043418
69.14	-0.001613	0.0041583
69.15	-0.0015621	0.0040281
69.16	-0.0014998	0.003906
69.17	-0.0013678	0.0037454
69.18	-0.001237	0.0035776
69.19	-0.0011138	0.0033827
69.2	-0.00099744	0.0031904
69.21	-0.00093801	0.0029623
69.22	-0.00095525	0.0027376
69.23	-0.00096793	0.0024987
69.24	-0.0010089	0.0022772
69.25	-0.0010186	0.0020682
69.26	-0.0010734	0.0018407
69.27	-0.0011523	0.0016466
69.28	-0.0012406	0.0014511
69.29	-0.0013038	0.0012605
69.3	-0.0013637	0.001052
69.31	-0.0014277	0.00088116
69.32	-0.0014831	0.00070921
69.33	-0.0015763	0.00056076
69.34	-0.0016442	0.00047445
69.35	-0.001719	0.00040764
69.36	-0.0017484	0.00037237
69.37	-0.0017782	0.00033325
69.38	-0.0017858	0.00032805
69.39	-0.0017966	0.00031875
69.4	-0.0018432	0.00028409
69.41	-0.0018905	0.00024659
69.42	-0.0019228	0.00022302
69.43	-0.0019729	0.00013188
69.44	-0.0019737	1.9777e-06
69.45	-0.0019475	-0.00014182
69.46	-0.00188	-0.00029561
69.47	-0.0017964	-0.00046487
69.48	-0.001665	-0.00058956
69.49	-0.0015433	-0.00068179
69.5	-0.0014796	-0.0007712
69.51	-0.0014535	-0.00086481
69.52	-0.0014757	-0.0010037
69.53	-0.0014773	-0.0010925
69.54	-0.0014789	-0.0011193
69.55	-0.0014807	-0.0011232
69.56	-0.0014608	-0.0011399
69.57	-0.0014218	-0.0011537
69.58	-0.0013251	-0.0011383
69.59	-0.0012142	-0.0011287
69.6	-0.0010892	-0.0011042
69.61	-0.00097404	-0.0010677
69.62	-0.00090069	-0.0010123
69.63	-0.00082367	-0.00098
69.64	-0.00074209	-0.00098781
69.65	-0.00061754	-0.00098926
69.66	-0.0005006	-0.00095294
69.67	-0.00040104	-0.00091772
69.68	-0.00032632	-0.00085248
69.69	-0.0002238	-0.00075889
69.7	-0.00014196	-0.00069823
69.71	-9.4383e-05	-0.00065254
69.72	-3.8691e-05	-0.00062463
69.73	1.1718e-05	-0.0005809
69.74	3.0624e-05	-0.00051002
69.75	4.7994e-05	-0.00040134
69.76	4.1605e-05	-0.00033907
69.77	9.0088e-05	-0.00028749
69.78	9.188e-05	-0.00026166
69.79	8.0142e-05	-0.00023336
69.8	4.1277e-05	-0.00016246
69.81	1.0963e-05	-9.3994e-05
69.82	-3.6436e-05	-4.0827e-05
69.83	-0.00011214	1.5908e-05
69.84	-0.00015314	4.6931e-05
69.85	-0.00018606	7.196e-05
69.86	-0.00020714	9.2345e-05
69.87	-0.00023499	0.00013102
69.88	-0.00020789	0.00019293
69.89	-0.00017136	0.00021719
69.9	-0.00012696	0.00022982
69.91	-0.00011556	0.00023904
69.92	-6.8664e-05	0.00023822
69.93	-4.0687e-05	0.00022684
69.94	-2.2973e-05	0.00021655
69.95	-1.2114e-05	0.00018706
69.96	-8.2183e-06	0.0001505
69.97	-4.2037e-07	9.3659e-05
69.98	-7.5428e-06	4.097e-05
69.99	-2.0261e-05	1.3338e-05
