0	0
0.01	7.4898e-05
0.02	0.00053903
0.03	0.00080355
0.04	0.00092989
0.05	0.0013334
0.06	0.0018525
0.07	0.0025275
0.08	0.003562
0.09	0.0043086
0.1	0.0053169
0.11	0.0060675
0.12	0.0065974
0.13	0.0070942
0.14	0.0081315
0.15	0.0092622
0.16	0.010444
0.17	0.011274
0.18	0.012096
0.19	0.013225
0.2	0.01405
0.21	0.015411
0.22	0.016915
0.23	0.017996
0.24	0.019376
0.25	0.020791
0.26	0.022273
0.27	0.024305
0.28	0.026495
0.29	0.028413
0.3	0.030324
0.31	0.032098
0.32	0.034406
0.33	0.036872
0.34	0.039511
0.35	0.042158
0.36	0.045318
0.37	0.048345
0.38	0.051428
0.39	0.054253
0.4	0.05716
0.41	0.059817
0.42	0.062544
0.43	0.064653
0.44	0.067001
0.45	0.06912
0.46	0.071124
0.47	0.073168
0.48	0.075169
0.49	0.077492
0.5	0.079886
0.51	0.081591
0.52	0.083616
0.53	0.085631
0.54	0.087918
0.55	0.090059
0.56	0.091791
0.57	0.09343
0.58	0.095297
0.59	0.097657
0.6	0.09992
0.61	0.10206
0.62	0.10409
0.63	0.10624
0.64	0.10859
0.65	0.11115
0.66	0.11356
0.67	0.11575
0.68	0.11806
0.69	0.12009
0.7	0.12182
0.71	0.12358
0.72	0.12491
0.73	0.12589
0.74	0.12688
0.75	0.12748
0.76	0.12814
0.77	0.12891
0.78	0.12967
0.79	0.13107
0.8	0.13214
0.81	0.13359
0.82	0.13535
0.83	0.13708
0.84	0.13879
0.85	0.14042
0.86	0.14167
0.87	0.14293
0.88	0.14467
0.89	0.14675
0.9	0.14878
0.91	0.15062
0.92	0.15239
0.93	0.15391
0.94	0.15559
0.95	0.15731
0.96	0.15895
0.97	0.16043
0.98	0.16172
0.99	0.16299
1	0.16422
1.01	0.1652
1.02	0.16633
1.03	0.16738
1.04	0.16882
1.05	0.16985
1.06	0.17102
1.07	0.17189
1.08	0.17264
1.09	0.1732
1.1	0.17401
1.11	0.17473
1.12	0.17566
1.13	0.17652
1.14	0.17738
1.15	0.17808
1.16	0.17854
1.17	0.17902
1.18	0.17939
1.19	0.17986
1.2	0.1801
1.21	0.18
1.22	0.18003
1.23	0.17995
1.24	0.1798
1.25	0.17963
1.26	0.17987
1.27	0.18003
1.28	0.17991
1.29	0.17991
1.3	0.17975
1.31	0.17938
1.32	0.1788
1.33	0.17823
1.34	0.17748
1.35	0.1771
1.36	0.17654
1.37	0.17629
1.38	0.17602
1.39	0.17544
1.4	0.17445
1.41	0.17335
1.42	0.1723
1.43	0.17149
1.44	0.17051
1.45	0.16982
1.46	0.1686
1.47	0.16723
1.48	0.16572
1.49	0.16414
1.5	0.16246
1.51	0.16061
1.52	0.15876
1.53	0.15715
1.54	0.15536
1.55	0.15356
1.56	0.15137
1.57	0.14944
1.58	0.14726
1.59	0.14481
1.6	0.14269
1.61	0.14036
1.62	0.13787
1.63	0.13515
1.64	0.13249
1.65	0.12993
1.66	0.12738
1.67	0.125
1.68	0.12318
1.69	0.12137
1.7	0.11935
1.71	0.11758
1.72	0.1156
1.73	0.11407
1.74	0.11257
1.75	0.11091
1.76	0.10957
1.77	0.108
1.78	0.1067
1.79	0.10554
1.8	0.10502
1.81	0.10426
1.82	0.10329
1.83	0.1023
1.84	0.10141
1.85	0.10036
1.86	0.099338
1.87	0.098199
1.88	0.097101
1.89	0.095929
1.9	0.094809
1.91	0.09366
1.92	0.092702
1.93	0.091968
1.94	0.091187
1.95	0.09081
1.96	0.090702
1.97	0.090632
1.98	0.090103
1.99	0.089171
2	0.08856
2.01	0.088001
2.02	0.087189
2.03	0.086487
2.04	0.085896
2.05	0.084971
2.06	0.083908
2.07	0.082899
2.08	0.08196
2.09	0.081176
2.1	0.080101
2.11	0.078405
2.12	0.076748
2.13	0.075307
2.14	0.074007
2.15	0.072952
2.16	0.072197
2.17	0.071885
2.18	0.071333
2.19	0.07081
2.2	0.070325
2.21	0.069886
2.22	0.069138
2.23	0.068093
2.24	0.067162
2.25	0.066361
2.26	0.065555
2.27	0.064417
2.28	0.063226
2.29	0.061683
2.3	0.060391
2.31	0.059503
2.32	0.058594
2.33	0.056901
2.34	0.055331
2.35	0.053739
2.36	0.052605
2.37	0.051591
2.38	0.050729
2.39	0.050048
2.4	0.049756
2.41	0.04913
2.42	0.048404
2.43	0.047919
2.44	0.04714
2.45	0.04565
2.46	0.04398
2.47	0.041959
2.48	0.039949
2.49	0.037805
2.5	0.036041
2.51	0.034384
2.52	0.033179
2.53	0.031682
2.54	0.029985
2.55	0.028271
2.56	0.026466
2.57	0.024664
2.58	0.023034
2.59	0.021394
2.6	0.019506
2.61	0.017296
2.62	0.014908
2.63	0.012945
2.64	0.010997
2.65	0.0090599
2.66	0.007453
2.67	0.0054932
2.68	0.0035875
2.69	0.0016614
2.7	-0.00067368
2.71	-0.0028013
2.72	-0.0048692
2.73	-0.006699
2.74	-0.0087168
2.75	-0.010578
2.76	-0.012194
2.77	-0.013482
2.78	-0.014348
2.79	-0.015247
2.8	-0.01628
2.81	-0.017663
2.82	-0.01859
2.83	-0.019366
2.84	-0.020158
2.85	-0.021053
2.86	-0.021878
2.87	-0.022823
2.88	-0.023858
2.89	-0.024769
2.9	-0.026035
2.91	-0.027582
2.92	-0.029129
2.93	-0.030449
2.94	-0.031967
2.95	-0.033301
2.96	-0.034561
2.97	-0.035879
2.98	-0.036615
2.99	-0.037667
3	-0.038808
3.01	-0.040214
3.02	-0.041908
3.03	-0.043621
3.04	-0.045215
3.05	-0.04685
3.06	-0.048041
3.07	-0.049446
3.08	-0.05076
3.09	-0.051911
3.1	-0.05279
3.11	-0.05348
3.12	-0.054063
3.13	-0.054594
3.14	-0.055513
3.15	-0.056218
3.16	-0.056866
3.17	-0.057368
3.18	-0.05764
3.19	-0.057972
3.2	-0.058033
3.21	-0.057805
3.22	-0.058124
3.23	-0.05829
3.24	-0.058561
3.25	-0.05935
3.26	-0.060305
3.27	-0.060803
3.28	-0.061137
3.29	-0.061689
3.3	-0.062389
3.31	-0.063045
3.32	-0.064041
3.33	-0.064825
3.34	-0.065769
3.35	-0.066387
3.36	-0.06703
3.37	-0.067922
3.38	-0.068601
3.39	-0.0696
3.4	-0.070743
3.41	-0.072144
3.42	-0.073341
3.43	-0.074792
3.44	-0.076751
3.45	-0.079076
3.46	-0.082072
3.47	-0.085312
3.48	-0.088437
3.49	-0.09178
3.5	-0.094598
3.51	-0.097305
3.52	-0.099471
3.53	-0.10165
3.54	-0.1036
3.55	-0.10538
3.56	-0.1071
3.57	-0.10863
3.58	-0.11059
3.59	-0.11235
3.6	-0.1142
3.61	-0.11624
3.62	-0.1183
3.63	-0.11978
3.64	-0.12156
3.65	-0.1232
3.66	-0.12432
3.67	-0.12543
3.68	-0.12597
3.69	-0.12656
3.7	-0.12683
3.71	-0.12685
3.72	-0.1269
3.73	-0.12722
3.74	-0.12714
3.75	-0.12723
3.76	-0.12716
3.77	-0.12711
3.78	-0.12687
3.79	-0.12705
3.8	-0.12718
3.81	-0.12726
3.82	-0.12745
3.83	-0.12753
3.84	-0.12739
3.85	-0.12709
3.86	-0.12697
3.87	-0.1267
3.88	-0.12586
3.89	-0.12505
3.9	-0.12415
3.91	-0.1235
3.92	-0.12324
3.93	-0.12287
3.94	-0.12285
3.95	-0.12312
3.96	-0.12335
3.97	-0.1239
3.98	-0.12381
3.99	-0.12379
4	-0.12357
4.01	-0.12339
4.02	-0.1231
4.03	-0.12302
4.04	-0.12281
4.05	-0.12258
4.06	-0.12216
4.07	-0.122
4.08	-0.12206
4.09	-0.12186
4.1	-0.12172
4.11	-0.12169
4.12	-0.1217
4.13	-0.12195
4.14	-0.12218
4.15	-0.12246
4.16	-0.1228
4.17	-0.12345
4.18	-0.12418
4.19	-0.12488
4.2	-0.12545
4.21	-0.12585
4.22	-0.1259
4.23	-0.12603
4.24	-0.12621
4.25	-0.12606
4.26	-0.12579
4.27	-0.12569
4.28	-0.1254
4.29	-0.12507
4.3	-0.12527
4.31	-0.1252
4.32	-0.12551
4.33	-0.12576
4.34	-0.12614
4.35	-0.12671
4.36	-0.12705
4.37	-0.1275
4.38	-0.12788
4.39	-0.12874
4.4	-0.12945
4.41	-0.12973
4.42	-0.12952
4.43	-0.12931
4.44	-0.12936
4.45	-0.1294
4.46	-0.12914
4.47	-0.12875
4.48	-0.12835
4.49	-0.12797
4.5	-0.12734
4.51	-0.12645
4.52	-0.12568
4.53	-0.12456
4.54	-0.12345
4.55	-0.12221
4.56	-0.12135
4.57	-0.12039
4.58	-0.11926
4.59	-0.11815
4.6	-0.11692
4.61	-0.1158
4.62	-0.11475
4.63	-0.11357
4.64	-0.11235
4.65	-0.11126
4.66	-0.1102
4.67	-0.10922
4.68	-0.10837
4.69	-0.10757
4.7	-0.10657
4.71	-0.10507
4.72	-0.10362
4.73	-0.10228
4.74	-0.10069
4.75	-0.09837
4.76	-0.096089
4.77	-0.093766
4.78	-0.091979
4.79	-0.090199
4.8	-0.088789
4.81	-0.087354
4.82	-0.085827
4.83	-0.084215
4.84	-0.082922
4.85	-0.081411
4.86	-0.080066
4.87	-0.07862
4.88	-0.076673
4.89	-0.074777
4.9	-0.072836
4.91	-0.070793
4.92	-0.06927
4.93	-0.068
4.94	-0.066947
4.95	-0.066005
4.96	-0.064953
4.97	-0.06412
4.98	-0.062941
4.99	-0.062465
5	-0.062099
5.01	-0.061763
5.02	-0.061621
5.03	-0.061635
5.04	-0.061486
5.05	-0.061342
5.06	-0.061667
5.07	-0.061925
5.08	-0.061962
5.09	-0.061861
5.1	-0.061919
5.11	-0.061477
5.12	-0.06123
5.13	-0.061024
5.14	-0.060542
5.15	-0.059987
5.16	-0.059258
5.17	-0.057965
5.18	-0.056284
5.19	-0.054571
5.2	-0.052836
5.21	-0.051309
5.22	-0.04991
5.23	-0.048487
5.24	-0.047364
5.25	-0.046414
5.26	-0.045211
5.27	-0.044027
5.28	-0.042471
5.29	-0.040845
5.3	-0.039532
5.31	-0.037743
5.32	-0.035509
5.33	-0.033614
5.34	-0.03168
5.35	-0.030037
5.36	-0.028742
5.37	-0.027207
5.38	-0.025923
5.39	-0.024523
5.4	-0.022875
5.41	-0.021262
5.42	-0.019282
5.43	-0.016909
5.44	-0.014536
5.45	-0.011946
5.46	-0.0090612
5.47	-0.0062126
5.48	-0.0028779
5.49	0.00020308
5.5	0.0029776
5.51	0.0057194
5.52	0.0086221
5.53	0.011104
5.54	0.013416
5.55	0.016
5.56	0.018173
5.57	0.020251
5.58	0.022763
5.59	0.025132
5.6	0.027553
5.61	0.030049
5.62	0.0332
5.63	0.036413
5.64	0.03973
5.65	0.043159
5.66	0.046373
5.67	0.049447
5.68	0.052185
5.69	0.054743
5.7	0.057537
5.71	0.060383
5.72	0.062911
5.73	0.065085
5.74	0.067256
5.75	0.069442
5.76	0.071524
5.77	0.073907
5.78	0.076541
5.79	0.079124
5.8	0.081515
5.81	0.083583
5.82	0.08588
5.83	0.08779
5.84	0.089266
5.85	0.090838
5.86	0.092431
5.87	0.094346
5.88	0.096334
5.89	0.098292
5.9	0.10005
5.91	0.10152
5.92	0.10286
5.93	0.10411
5.94	0.10536
5.95	0.10714
5.96	0.10898
5.97	0.11026
5.98	0.11145
5.99	0.11234
6	0.11295
6.01	0.11349
6.02	0.11396
6.03	0.11405
6.04	0.11442
6.05	0.11478
6.06	0.11514
6.07	0.11561
6.08	0.11601
6.09	0.11718
6.1	0.11825
6.11	0.11926
6.12	0.12034
6.13	0.12111
6.14	0.12114
6.15	0.12115
6.16	0.12127
6.17	0.12145
6.18	0.12171
6.19	0.12174
6.2	0.12217
6.21	0.12259
6.22	0.12296
6.23	0.12308
6.24	0.12303
6.25	0.12312
6.26	0.12332
6.27	0.12277
6.28	0.12177
6.29	0.12085
6.3	0.11987
6.31	0.11968
6.32	0.1193
6.33	0.11913
6.34	0.11935
6.35	0.11963
6.36	0.11979
6.37	0.12023
6.38	0.12062
6.39	0.12112
6.4	0.12237
6.41	0.12344
6.42	0.12437
6.43	0.12529
6.44	0.12589
6.45	0.12649
6.46	0.12752
6.47	0.1284
6.48	0.1296
6.49	0.13093
6.5	0.13226
6.51	0.13376
6.52	0.13495
6.53	0.13642
6.54	0.13825
6.55	0.14025
6.56	0.14182
6.57	0.14385
6.58	0.14595
6.59	0.14815
6.6	0.15075
6.61	0.15294
6.62	0.15518
6.63	0.15758
6.64	0.15985
6.65	0.16221
6.66	0.16424
6.67	0.1664
6.68	0.16862
6.69	0.17091
6.7	0.17337
6.71	0.17545
6.72	0.17718
6.73	0.17844
6.74	0.17949
6.75	0.18047
6.76	0.18117
6.77	0.18194
6.78	0.1827
6.79	0.18334
6.8	0.18372
6.81	0.18381
6.82	0.18384
6.83	0.18355
6.84	0.18288
6.85	0.18252
6.86	0.18199
6.87	0.18147
6.88	0.18082
6.89	0.18017
6.9	0.17946
6.91	0.17861
6.92	0.17769
6.93	0.17685
6.94	0.17596
6.95	0.17524
6.96	0.1747
6.97	0.17445
6.98	0.1748
6.99	0.17519
7	0.17577
7.01	0.17596
7.02	0.17625
7.03	0.17684
7.04	0.17692
7.05	0.17709
7.06	0.17741
7.07	0.1782
7.08	0.17891
7.09	0.17953
7.1	0.17996
7.11	0.18069
7.12	0.18152
7.13	0.18244
7.14	0.18315
7.15	0.18404
7.16	0.1847
7.17	0.18534
7.18	0.18619
7.19	0.18653
7.2	0.18647
7.21	0.18645
7.22	0.18625
7.23	0.18623
7.24	0.1858
7.25	0.18547
7.26	0.18466
7.27	0.18417
7.28	0.18355
7.29	0.18317
7.3	0.18232
7.31	0.18119
7.32	0.18015
7.33	0.17933
7.34	0.17859
7.35	0.17779
7.36	0.17708
7.37	0.17607
7.38	0.175
7.39	0.17362
7.4	0.17215
7.41	0.17121
7.42	0.17035
7.43	0.16968
7.44	0.16925
7.45	0.16867
7.46	0.16774
7.47	0.16704
7.48	0.16645
7.49	0.16572
7.5	0.16451
7.51	0.16311
7.52	0.16191
7.53	0.16118
7.54	0.16064
7.55	0.16011
7.56	0.15985
7.57	0.15966
7.58	0.15951
7.59	0.15939
7.6	0.15907
7.61	0.1591
7.62	0.15919
7.63	0.1589
7.64	0.15839
7.65	0.15778
7.66	0.15731
7.67	0.15685
7.68	0.15694
7.69	0.15689
7.7	0.15696
7.71	0.15699
7.72	0.15719
7.73	0.15737
7.74	0.15757
7.75	0.1576
7.76	0.15761
7.77	0.15748
7.78	0.15747
7.79	0.1576
7.8	0.15734
7.81	0.15692
7.82	0.15709
7.83	0.15715
7.84	0.15721
7.85	0.15749
7.86	0.15774
7.87	0.15811
7.88	0.15874
7.89	0.15938
7.9	0.16011
7.91	0.16096
7.92	0.16176
7.93	0.16259
7.94	0.16379
7.95	0.16494
7.96	0.16585
7.97	0.16649
7.98	0.16696
7.99	0.16729
8	0.16742
8.01	0.16736
8.02	0.16757
8.03	0.16797
8.04	0.16834
8.05	0.16824
8.06	0.16821
8.07	0.1674
8.08	0.16711
8.09	0.16664
8.1	0.16619
8.11	0.16595
8.12	0.16529
8.13	0.16471
8.14	0.16391
8.15	0.1628
8.16	0.16215
8.17	0.16181
8.18	0.16128
8.19	0.16071
8.2	0.16009
8.21	0.15948
8.22	0.15891
8.23	0.15891
8.24	0.15867
8.25	0.15826
8.26	0.15779
8.27	0.157
8.28	0.15615
8.29	0.15507
8.3	0.15422
8.31	0.15352
8.32	0.15287
8.33	0.15199
8.34	0.15068
8.35	0.14899
8.36	0.14738
8.37	0.14589
8.38	0.14421
8.39	0.14247
8.4	0.14078
8.41	0.13899
8.42	0.13761
8.43	0.1356
8.44	0.13348
8.45	0.13136
8.46	0.12932
8.47	0.12733
8.48	0.12489
8.49	0.12219
8.5	0.11904
8.51	0.11559
8.52	0.11197
8.53	0.10859
8.54	0.10493
8.55	0.10101
8.56	0.097341
8.57	0.094004
8.58	0.090491
8.59	0.086807
8.6	0.083333
8.61	0.079593
8.62	0.075986
8.63	0.071972
8.64	0.068211
8.65	0.064582
8.66	0.060857
8.67	0.057261
8.68	0.053482
8.69	0.049816
8.7	0.04631
8.71	0.042946
8.72	0.039688
8.73	0.036697
8.74	0.033681
8.75	0.030833
8.76	0.028552
8.77	0.02635
8.78	0.024025
8.79	0.021412
8.8	0.018902
8.81	0.016682
8.82	0.014214
8.83	0.011711
8.84	0.0093549
8.85	0.0070087
8.86	0.0046674
8.87	0.0024927
8.88	0.00056414
8.89	-0.0012482
8.9	-0.0030179
8.91	-0.0049562
8.92	-0.0066625
8.93	-0.0084031
8.94	-0.0099086
8.95	-0.011423
8.96	-0.012679
8.97	-0.014131
8.98	-0.01588
8.99	-0.017564
9	-0.019426
9.01	-0.021163
9.02	-0.022959
9.03	-0.024876
9.04	-0.026713
9.05	-0.028489
9.06	-0.030199
9.07	-0.032058
9.08	-0.033884
9.09	-0.03537
9.1	-0.036731
9.11	-0.03738
9.12	-0.037691
9.13	-0.037801
9.14	-0.038097
9.15	-0.03804
9.16	-0.038309
9.17	-0.03896
9.18	-0.039746
9.19	-0.040908
9.2	-0.041986
9.21	-0.043083
9.22	-0.044358
9.23	-0.045345
9.24	-0.046302
9.25	-0.047324
9.26	-0.048698
9.27	-0.049977
9.28	-0.051277
9.29	-0.052611
9.3	-0.054023
9.31	-0.055514
9.32	-0.057182
9.33	-0.059387
9.34	-0.061223
9.35	-0.063016
9.36	-0.064451
9.37	-0.066131
9.38	-0.0677
9.39	-0.069386
9.4	-0.07115
9.41	-0.072894
9.42	-0.074173
9.43	-0.075491
9.44	-0.076606
9.45	-0.077396
9.46	-0.078163
9.47	-0.078437
9.48	-0.078055
9.49	-0.077995
9.5	-0.078287
9.51	-0.078651
9.52	-0.079113
9.53	-0.079637
9.54	-0.079695
9.55	-0.079849
9.56	-0.079775
9.57	-0.080013
9.58	-0.080219
9.59	-0.080118
9.6	-0.079696
9.61	-0.079373
9.62	-0.07902
9.63	-0.078718
9.64	-0.078564
9.65	-0.078398
9.66	-0.078427
9.67	-0.078311
9.68	-0.078389
9.69	-0.078609
9.7	-0.078636
9.71	-0.078611
9.72	-0.078782
9.73	-0.079279
9.74	-0.079591
9.75	-0.080176
9.76	-0.081033
9.77	-0.08155
9.78	-0.082501
9.79	-0.083396
9.8	-0.08386
9.81	-0.084055
9.82	-0.084215
9.83	-0.084481
9.84	-0.084183
9.85	-0.083964
9.86	-0.083872
9.87	-0.084098
9.88	-0.084446
9.89	-0.084129
9.9	-0.083752
9.91	-0.083279
9.92	-0.082636
9.93	-0.082398
9.94	-0.081999
9.95	-0.081422
9.96	-0.080782
9.97	-0.079455
9.98	-0.078092
9.99	-0.076338
10	-0.074476
10.01	-0.07246
10.02	-0.070874
10.03	-0.069552
10.04	-0.068241
10.05	-0.066789
10.06	-0.065323
10.07	-0.064169
10.08	-0.062386
10.09	-0.060464
10.1	-0.058854
10.11	-0.057062
10.12	-0.054959
10.13	-0.052519
10.14	-0.050036
10.15	-0.04773
10.16	-0.045561
10.17	-0.043707
10.18	-0.041955
10.19	-0.040321
10.2	-0.038636
10.21	-0.036887
10.22	-0.035182
10.23	-0.033518
10.24	-0.03204
10.25	-0.030756
10.26	-0.029898
10.27	-0.028718
10.28	-0.02742
10.29	-0.026242
10.3	-0.025004
10.31	-0.023618
10.32	-0.022389
10.33	-0.021422
10.34	-0.020162
10.35	-0.019024
10.36	-0.017856
10.37	-0.016707
10.38	-0.015374
10.39	-0.014004
10.4	-0.01346
10.41	-0.013189
10.42	-0.012631
10.43	-0.011843
10.44	-0.011032
10.45	-0.0099723
10.46	-0.0086713
10.47	-0.0074501
10.48	-0.0066323
10.49	-0.0059699
10.5	-0.0055666
10.51	-0.0051673
10.52	-0.0046018
10.53	-0.0044921
10.54	-0.004195
10.55	-0.0041578
10.56	-0.0037169
10.57	-0.0032516
10.58	-0.0026468
10.59	-0.0022236
10.6	-0.0018584
10.61	-0.0013715
10.62	-0.0010348
10.63	-0.00071539
10.64	-0.00032566
10.65	-0.00014982
10.66	-0.00025469
10.67	8.8595e-05
10.68	0.00066672
10.69	0.0013284
10.7	0.0016797
10.71	0.001678
10.72	0.0016479
10.73	0.0016557
10.74	0.0016411
10.75	0.0017489
10.76	0.0016207
10.77	0.0010582
10.78	0.00040897
10.79	-0.00036441
10.8	-0.00066502
10.81	-0.0010634
10.82	-0.0013304
10.83	-0.0016336
10.84	-0.0014456
10.85	-0.0010768
10.86	-0.00083759
10.87	-0.00032193
10.88	0.00042545
10.89	0.0016432
10.9	0.0027705
10.91	0.0039787
10.92	0.0052937
10.93	0.0062833
10.94	0.0071662
10.95	0.0081444
10.96	0.0089042
10.97	0.009799
10.98	0.01103
10.99	0.01246
11	0.013694
11.01	0.014688
11.02	0.015643
11.03	0.016837
11.04	0.017638
11.05	0.018404
11.06	0.019159
11.07	0.020093
11.08	0.020799
11.09	0.021792
11.1	0.022783
11.11	0.023992
11.12	0.025402
11.13	0.026502
11.14	0.027733
11.15	0.029149
11.16	0.030753
11.17	0.032219
11.18	0.033689
11.19	0.035007
11.2	0.036259
11.21	0.037725
11.22	0.039113
11.23	0.040319
11.24	0.041275
11.25	0.0423
11.26	0.04329
11.27	0.044203
11.28	0.045307
11.29	0.046563
11.3	0.04814
11.31	0.049738
11.32	0.051786
11.33	0.054043
11.34	0.055944
11.35	0.057302
11.36	0.059249
11.37	0.061145
11.38	0.063118
11.39	0.064985
11.4	0.06641
11.41	0.0675
11.42	0.068599
11.43	0.069651
11.44	0.070809
11.45	0.071622
11.46	0.072225
11.47	0.072844
11.48	0.073212
11.49	0.072987
11.5	0.073134
11.51	0.073385
11.52	0.07375
11.53	0.073954
11.54	0.074479
11.55	0.074483
11.56	0.07442
11.57	0.07448
11.58	0.074733
11.59	0.074714
11.6	0.074368
11.61	0.073736
11.62	0.072847
11.63	0.071744
11.64	0.070735
11.65	0.069901
11.66	0.068696
11.67	0.067495
11.68	0.065917
11.69	0.064464
11.7	0.062782
11.71	0.061268
11.72	0.059593
11.73	0.05804
11.74	0.056266
11.75	0.054697
11.76	0.053284
11.77	0.051821
11.78	0.050454
11.79	0.049282
11.8	0.048076
11.81	0.046977
11.82	0.046337
11.83	0.045839
11.84	0.04536
11.85	0.044732
11.86	0.044731
11.87	0.044538
11.88	0.044483
11.89	0.044077
11.9	0.043296
11.91	0.042755
11.92	0.042728
11.93	0.042469
11.94	0.04196
11.95	0.041517
11.96	0.041323
11.97	0.041133
11.98	0.041477
11.99	0.041611
12	0.041918
12.01	0.041843
12.02	0.042004
12.03	0.041981
12.04	0.042317
12.05	0.0425
12.06	0.042937
12.07	0.043459
12.08	0.04385
12.09	0.044203
12.1	0.044541
12.11	0.044503
12.12	0.04441
12.13	0.044423
12.14	0.04389
12.15	0.043666
12.16	0.04369
12.17	0.043666
12.18	0.043706
12.19	0.04374
12.2	0.043845
12.21	0.044179
12.22	0.044252
12.23	0.044137
12.24	0.044159
12.25	0.04377
12.26	0.043892
12.27	0.044109
12.28	0.044531
12.29	0.045277
12.3	0.045803
12.31	0.046513
12.32	0.047478
12.33	0.048302
12.34	0.048975
12.35	0.04984
12.36	0.050531
12.37	0.051206
12.38	0.051697
12.39	0.051757
12.4	0.051976
12.41	0.05251
12.42	0.053201
12.43	0.053602
12.44	0.053685
12.45	0.053811
12.46	0.054166
12.47	0.054854
12.48	0.055726
12.49	0.056234
12.5	0.056927
12.51	0.057513
12.52	0.057915
12.53	0.058191
12.54	0.058504
12.55	0.058242
12.56	0.058232
12.57	0.058293
12.58	0.058839
12.59	0.059513
12.6	0.059809
12.61	0.060383
12.62	0.060811
12.63	0.060886
12.64	0.060584
12.65	0.060484
12.66	0.060203
12.67	0.060009
12.68	0.059944
12.69	0.060035
12.7	0.059752
12.71	0.059451
12.72	0.059157
12.73	0.058858
12.74	0.058571
12.75	0.05842
12.76	0.057875
12.77	0.057414
12.78	0.056623
12.79	0.05605
12.8	0.055418
12.81	0.054788
12.82	0.054072
12.83	0.053555
12.84	0.053154
12.85	0.052821
12.86	0.052627
12.87	0.052341
12.88	0.05204
12.89	0.051901
12.9	0.051362
12.91	0.050824
12.92	0.050685
12.93	0.050214
12.94	0.049755
12.95	0.049408
12.96	0.04912
12.97	0.049062
12.98	0.048678
12.99	0.048263
13	0.047856
13.01	0.047282
13.02	0.046608
13.03	0.04572
13.04	0.045024
13.05	0.04435
13.06	0.043761
13.07	0.043236
13.08	0.042799
13.09	0.042142
13.1	0.041296
13.11	0.040068
13.12	0.038768
13.13	0.037725
13.14	0.036487
13.15	0.034863
13.16	0.033047
13.17	0.031157
13.18	0.029362
13.19	0.027655
13.2	0.026256
13.21	0.025223
13.22	0.02459
13.23	0.024038
13.24	0.023302
13.25	0.023012
13.26	0.023146
13.27	0.02351
13.28	0.02415
13.29	0.024642
13.3	0.025722
13.31	0.026524
13.32	0.02731
13.33	0.028203
13.34	0.028803
13.35	0.029151
13.36	0.029487
13.37	0.030241
13.38	0.030854
13.39	0.031235
13.4	0.031652
13.41	0.032152
13.42	0.032324
13.43	0.032516
13.44	0.032793
13.45	0.033388
13.46	0.033492
13.47	0.033588
13.48	0.03383
13.49	0.033856
13.5	0.033872
13.51	0.033372
13.52	0.032849
13.53	0.032256
13.54	0.031276
13.55	0.029857
13.56	0.028402
13.57	0.027128
13.58	0.025626
13.59	0.024206
13.6	0.021972
13.61	0.019569
13.62	0.017117
13.63	0.014612
13.64	0.012006
13.65	0.0098748
13.66	0.0077475
13.67	0.0053782
13.68	0.0028453
13.69	0.00054131
13.7	-0.0011467
13.71	-0.0031174
13.72	-0.005238
13.73	-0.0074355
13.74	-0.0094021
13.75	-0.011091
13.76	-0.012696
13.77	-0.014277
13.78	-0.015909
13.79	-0.017817
13.8	-0.019745
13.81	-0.022009
13.82	-0.024061
13.83	-0.026289
13.84	-0.028637
13.85	-0.031075
13.86	-0.033603
13.87	-0.036182
13.88	-0.03862
13.89	-0.040952
13.9	-0.043357
13.91	-0.04587
13.92	-0.048365
13.93	-0.0515
13.94	-0.054592
13.95	-0.057523
13.96	-0.060638
13.97	-0.063733
13.98	-0.066505
13.99	-0.069997
14	-0.073394
14.01	-0.076707
14.02	-0.079665
14.03	-0.082419
14.04	-0.085371
14.05	-0.088452
14.06	-0.091438
14.07	-0.094576
14.08	-0.097844
14.09	-0.10139
14.1	-0.10482
14.11	-0.10805
14.12	-0.11122
14.13	-0.11446
14.14	-0.11755
14.15	-0.12075
14.16	-0.12393
14.17	-0.12679
14.18	-0.1295
14.19	-0.13192
14.2	-0.1341
14.21	-0.13621
14.22	-0.13859
14.23	-0.14107
14.24	-0.14337
14.25	-0.14527
14.26	-0.14735
14.27	-0.14921
14.28	-0.15094
14.29	-0.15269
14.3	-0.1542
14.31	-0.15524
14.32	-0.15637
14.33	-0.15734
14.34	-0.15831
14.35	-0.15904
14.36	-0.15961
14.37	-0.1597
14.38	-0.15991
14.39	-0.16012
14.4	-0.16034
14.41	-0.16015
14.42	-0.15973
14.43	-0.15877
14.44	-0.15827
14.45	-0.15826
14.46	-0.15828
14.47	-0.15827
14.48	-0.15835
14.49	-0.15837
14.5	-0.15834
14.51	-0.15825
14.52	-0.15813
14.53	-0.15785
14.54	-0.1574
14.55	-0.15731
14.56	-0.15759
14.57	-0.15775
14.58	-0.15796
14.59	-0.15829
14.6	-0.1586
14.61	-0.15916
14.62	-0.15965
14.63	-0.15993
14.64	-0.16037
14.65	-0.16065
14.66	-0.16112
14.67	-0.16194
14.68	-0.16308
14.69	-0.16489
14.7	-0.1669
14.71	-0.16857
14.72	-0.17019
14.73	-0.17181
14.74	-0.17352
14.75	-0.17491
14.76	-0.17647
14.77	-0.17759
14.78	-0.17866
14.79	-0.17982
14.8	-0.18043
14.81	-0.18039
14.82	-0.18059
14.83	-0.18038
14.84	-0.17943
14.85	-0.17844
14.86	-0.17744
14.87	-0.1762
14.88	-0.17511
14.89	-0.17399
14.9	-0.17272
14.91	-0.17182
14.92	-0.17096
14.93	-0.17025
14.94	-0.16951
14.95	-0.16867
14.96	-0.16828
14.97	-0.16767
14.98	-0.16708
14.99	-0.16649
15	-0.16574
15.01	-0.16485
15.02	-0.16422
15.03	-0.16335
15.04	-0.16287
15.05	-0.16227
15.06	-0.1616
15.07	-0.16129
15.08	-0.16126
15.09	-0.16123
15.1	-0.16089
15.11	-0.16058
15.12	-0.16039
15.13	-0.16051
15.14	-0.16089
15.15	-0.16132
15.16	-0.16166
15.17	-0.16227
15.18	-0.16243
15.19	-0.16249
15.2	-0.16303
15.21	-0.16406
15.22	-0.16515
15.23	-0.16617
15.24	-0.16726
15.25	-0.16791
15.26	-0.16852
15.27	-0.16907
15.28	-0.16944
15.29	-0.17004
15.3	-0.17044
15.31	-0.17093
15.32	-0.17111
15.33	-0.17113
15.34	-0.17096
15.35	-0.17069
15.36	-0.17093
15.37	-0.17128
15.38	-0.17134
15.39	-0.17127
15.4	-0.17174
15.41	-0.17239
15.42	-0.17314
15.43	-0.17405
15.44	-0.1748
15.45	-0.17553
15.46	-0.1759
15.47	-0.17627
15.48	-0.17616
15.49	-0.17591
15.5	-0.17544
15.51	-0.17472
15.52	-0.17419
15.53	-0.17333
15.54	-0.17281
15.55	-0.17216
15.56	-0.17129
15.57	-0.17032
15.58	-0.16952
15.59	-0.16873
15.6	-0.16815
15.61	-0.1676
15.62	-0.16706
15.63	-0.1664
15.64	-0.16553
15.65	-0.16469
15.66	-0.1639
15.67	-0.16316
15.68	-0.16227
15.69	-0.16153
15.7	-0.16082
15.71	-0.1601
15.72	-0.15945
15.73	-0.15862
15.74	-0.15729
15.75	-0.15593
15.76	-0.15475
15.77	-0.15374
15.78	-0.15232
15.79	-0.15106
15.8	-0.14982
15.81	-0.14817
15.82	-0.14689
15.83	-0.14558
15.84	-0.14423
15.85	-0.14297
15.86	-0.14162
15.87	-0.14026
15.88	-0.13931
15.89	-0.13805
15.9	-0.1366
15.91	-0.13494
15.92	-0.13344
15.93	-0.13233
15.94	-0.13144
15.95	-0.13046
15.96	-0.12957
15.97	-0.1287
15.98	-0.12798
15.99	-0.12709
16	-0.1259
16.01	-0.12505
16.02	-0.12385
16.03	-0.12227
16.04	-0.12092
16.05	-0.11945
16.06	-0.11797
16.07	-0.11634
16.08	-0.11471
16.09	-0.1133
16.1	-0.11206
16.11	-0.11094
16.12	-0.10997
16.13	-0.10948
16.14	-0.10909
16.15	-0.10919
16.16	-0.10959
16.17	-0.1098
16.18	-0.10999
16.19	-0.11002
16.2	-0.10995
16.21	-0.10985
16.22	-0.10969
16.23	-0.10975
16.24	-0.10964
16.25	-0.10955
16.26	-0.10949
16.27	-0.10922
16.28	-0.10868
16.29	-0.10827
16.3	-0.10769
16.31	-0.10711
16.32	-0.10673
16.33	-0.10617
16.34	-0.10584
16.35	-0.10558
16.36	-0.10486
16.37	-0.10434
16.38	-0.10372
16.39	-0.10295
16.4	-0.10211
16.41	-0.10112
16.42	-0.10065
16.43	-0.1003
16.44	-0.10031
16.45	-0.10058
16.46	-0.10096
16.47	-0.1009
16.48	-0.10101
16.49	-0.10102
16.5	-0.10119
16.51	-0.10177
16.52	-0.10173
16.53	-0.1015
16.54	-0.10107
16.55	-0.10068
16.56	-0.10023
16.57	-0.099725
16.58	-0.099065
16.59	-0.098522
16.6	-0.098196
16.61	-0.097687
16.62	-0.097264
16.63	-0.096821
16.64	-0.096742
16.65	-0.096417
16.66	-0.096175
16.67	-0.095627
16.68	-0.095085
16.69	-0.094431
16.7	-0.093824
16.71	-0.093206
16.72	-0.092493
16.73	-0.091656
16.74	-0.090979
16.75	-0.09023
16.76	-0.089707
16.77	-0.089153
16.78	-0.088726
16.79	-0.087974
16.8	-0.087355
16.81	-0.086793
16.82	-0.086538
16.83	-0.086093
16.84	-0.08573
16.85	-0.085316
16.86	-0.084914
16.87	-0.084418
16.88	-0.083879
16.89	-0.08312
16.9	-0.082417
16.91	-0.081689
16.92	-0.081063
16.93	-0.080509
16.94	-0.08016
16.95	-0.079299
16.96	-0.078297
16.97	-0.077625
16.98	-0.076827
16.99	-0.076278
17	-0.076261
17.01	-0.076107
17.02	-0.076017
17.03	-0.075695
17.04	-0.07531
17.05	-0.07475
17.06	-0.074514
17.07	-0.074331
17.08	-0.074084
17.09	-0.073901
17.1	-0.073571
17.11	-0.073129
17.12	-0.072516
17.13	-0.072097
17.14	-0.071513
17.15	-0.070804
17.16	-0.069489
17.17	-0.068082
17.18	-0.06669
17.19	-0.065381
17.2	-0.064222
17.21	-0.063426
17.22	-0.062163
17.23	-0.061135
17.24	-0.060129
17.25	-0.058882
17.26	-0.05759
17.27	-0.056136
17.28	-0.054783
17.29	-0.053536
17.3	-0.05226
17.31	-0.050963
17.32	-0.050009
17.33	-0.049174
17.34	-0.049156
17.35	-0.04907
17.36	-0.048778
17.37	-0.048555
17.38	-0.048418
17.39	-0.048502
17.4	-0.048543
17.41	-0.048481
17.42	-0.048457
17.43	-0.048629
17.44	-0.048567
17.45	-0.048847
17.46	-0.049092
17.47	-0.049622
17.48	-0.04978
17.49	-0.049661
17.5	-0.049332
17.51	-0.049048
17.52	-0.048614
17.53	-0.048192
17.54	-0.047933
17.55	-0.047582
17.56	-0.047291
17.57	-0.046509
17.58	-0.045689
17.59	-0.044986
17.6	-0.044474
17.61	-0.043439
17.62	-0.042074
17.63	-0.040472
17.64	-0.038293
17.65	-0.035938
17.66	-0.033683
17.67	-0.031317
17.68	-0.028658
17.69	-0.026331
17.7	-0.02421
17.71	-0.022157
17.72	-0.020159
17.73	-0.018142
17.74	-0.016314
17.75	-0.014713
17.76	-0.013371
17.77	-0.012036
17.78	-0.011068
17.79	-0.009676
17.8	-0.0087017
17.81	-0.0077767
17.82	-0.0067606
17.83	-0.0059431
17.84	-0.0051463
17.85	-0.0040818
17.86	-0.0030091
17.87	-0.0015448
17.88	-8.3527e-05
17.89	0.0016091
17.9	0.0034487
17.91	0.0049779
17.92	0.0065715
17.93	0.0082053
17.94	0.010074
17.95	0.011897
17.96	0.013597
17.97	0.015096
17.98	0.016537
17.99	0.018351
18	0.020268
18.01	0.022594
18.02	0.025401
18.03	0.028045
18.04	0.030723
18.05	0.032952
18.06	0.035551
18.07	0.038008
18.08	0.040704
18.09	0.043322
18.1	0.045868
18.11	0.048273
18.12	0.050463
18.13	0.052864
18.14	0.055806
18.15	0.058714
18.16	0.061678
18.17	0.06435
18.18	0.066496
18.19	0.068662
18.2	0.070875
18.21	0.072838
18.22	0.074667
18.23	0.075718
18.24	0.076566
18.25	0.077311
18.26	0.078168
18.27	0.079043
18.28	0.079593
18.29	0.080395
18.3	0.08094
18.31	0.081622
18.32	0.082332
18.33	0.083546
18.34	0.085204
18.35	0.086353
18.36	0.087366
18.37	0.08824
18.38	0.089192
18.39	0.089926
18.4	0.090665
18.41	0.091527
18.42	0.092627
18.43	0.093881
18.44	0.094907
18.45	0.09585
18.46	0.096437
18.47	0.09711
18.48	0.097912
18.49	0.098455
18.5	0.098747
18.51	0.098893
18.52	0.099461
18.53	0.10042
18.54	0.10164
18.55	0.1029
18.56	0.10406
18.57	0.10509
18.58	0.10589
18.59	0.10648
18.6	0.10685
18.61	0.10778
18.62	0.10844
18.63	0.10931
18.64	0.11038
18.65	0.11137
18.66	0.11183
18.67	0.11219
18.68	0.11242
18.69	0.11266
18.7	0.11269
18.71	0.11274
18.72	0.11294
18.73	0.11332
18.74	0.1133
18.75	0.11341
18.76	0.11336
18.77	0.11389
18.78	0.1144
18.79	0.1149
18.8	0.11525
18.81	0.11553
18.82	0.11582
18.83	0.11622
18.84	0.11673
18.85	0.1175
18.86	0.11837
18.87	0.11977
18.88	0.12119
18.89	0.12277
18.9	0.12412
18.91	0.12525
18.92	0.12624
18.93	0.12709
18.94	0.12788
18.95	0.12833
18.96	0.12877
18.97	0.12926
18.98	0.12927
18.99	0.12926
19	0.12912
19.01	0.12928
19.02	0.12928
19.03	0.12883
19.04	0.12832
19.05	0.12761
19.06	0.12704
19.07	0.12675
19.08	0.12593
19.09	0.12501
19.1	0.1245
19.11	0.12388
19.12	0.12369
19.13	0.12343
19.14	0.12353
19.15	0.12384
19.16	0.12438
19.17	0.125
19.18	0.12526
19.19	0.12544
19.2	0.12549
19.21	0.12533
19.22	0.12573
19.23	0.12591
19.24	0.1263
19.25	0.12696
19.26	0.12754
19.27	0.1278
19.28	0.12735
19.29	0.12682
19.3	0.12655
19.31	0.126
19.32	0.12538
19.33	0.12464
19.34	0.12372
19.35	0.12284
19.36	0.1219
19.37	0.1208
19.38	0.11977
19.39	0.11869
19.4	0.1173
19.41	0.11608
19.42	0.11528
19.43	0.11435
19.44	0.11345
19.45	0.11247
19.46	0.11162
19.47	0.11089
19.48	0.11031
19.49	0.10963
19.5	0.10884
19.51	0.10782
19.52	0.10656
19.53	0.10551
19.54	0.10427
19.55	0.10304
19.56	0.10187
19.57	0.10075
19.58	0.099343
19.59	0.098064
19.6	0.096879
19.61	0.095703
19.62	0.094762
19.63	0.093636
19.64	0.09241
19.65	0.091172
19.66	0.09015
19.67	0.089083
19.68	0.088001
19.69	0.086506
19.7	0.084813
19.71	0.082783
19.72	0.080636
19.73	0.07857
19.74	0.076363
19.75	0.074225
19.76	0.07216
19.77	0.070118
19.78	0.068002
19.79	0.06597
19.8	0.063794
19.81	0.061427
19.82	0.059041
19.83	0.056777
19.84	0.054494
19.85	0.052492
19.86	0.050561
19.87	0.048808
19.88	0.047266
19.89	0.045732
19.9	0.043849
19.91	0.041803
19.92	0.039917
19.93	0.038119
19.94	0.036362
19.95	0.034839
19.96	0.033135
19.97	0.031402
19.98	0.02959
19.99	0.027868
20	0.026806
20.01	0.02602
20.02	0.025233
20.03	0.024499
20.04	0.023535
20.05	0.02266
20.06	0.021941
20.07	0.021302
20.08	0.020369
20.09	0.019639
20.1	0.018878
20.11	0.017926
20.12	0.017341
20.13	0.016982
20.14	0.016422
20.15	0.015846
20.16	0.015404
20.17	0.015158
20.18	0.014844
20.19	0.014422
20.2	0.014109
20.21	0.013619
20.22	0.012939
20.23	0.012712
20.24	0.012271
20.25	0.011729
20.26	0.010842
20.27	0.010086
20.28	0.009105
20.29	0.0087258
20.3	0.0083347
20.31	0.0076959
20.32	0.0071073
20.33	0.006894
20.34	0.006708
20.35	0.0065973
20.36	0.0063426
20.37	0.005848
20.38	0.0057101
20.39	0.0050775
20.4	0.0043375
20.41	0.0038484
20.42	0.0033164
20.43	0.0027265
20.44	0.0020817
20.45	0.0016849
20.46	0.0010951
20.47	0.00027036
20.48	-0.00047597
20.49	-0.0011452
20.5	-0.0016783
20.51	-0.002254
20.52	-0.0024897
20.53	-0.0025848
20.54	-0.0030378
20.55	-0.0036533
20.56	-0.0041059
20.57	-0.0044291
20.58	-0.0042569
20.59	-0.0039114
20.6	-0.0031367
20.61	-0.002269
20.62	-0.0016969
20.63	-0.0010983
20.64	-0.00042672
20.65	0.00010545
20.66	0.00031342
20.67	0.00017274
20.68	1.5522e-05
20.69	-0.00030735
20.7	-0.00036518
20.71	-0.00064535
20.72	-0.00093549
20.73	-0.0013856
20.74	-0.0020592
20.75	-0.002506
20.76	-0.0029864
20.77	-0.0033397
20.78	-0.0037795
20.79	-0.0042535
20.8	-0.0049211
20.81	-0.0059714
20.82	-0.0071759
20.83	-0.0086401
20.84	-0.010212
20.85	-0.012232
20.86	-0.014638
20.87	-0.017329
20.88	-0.019773
20.89	-0.022034
20.9	-0.024286
20.91	-0.026184
20.92	-0.027562
20.93	-0.028889
20.94	-0.030107
20.95	-0.031293
20.96	-0.032603
20.97	-0.033482
20.98	-0.034019
20.99	-0.034371
21	-0.034498
21.01	-0.034226
21.02	-0.03398
21.03	-0.03402
21.04	-0.033342
21.05	-0.032309
21.06	-0.031548
21.07	-0.030962
21.08	-0.030342
21.09	-0.029825
21.1	-0.029353
21.11	-0.028548
21.12	-0.027751
21.13	-0.026687
21.14	-0.025612
21.15	-0.024562
21.16	-0.023773
21.17	-0.023061
21.18	-0.022121
21.19	-0.021009
21.2	-0.020212
21.21	-0.019073
21.22	-0.018052
21.23	-0.016892
21.24	-0.015821
21.25	-0.014621
21.26	-0.013385
21.27	-0.011868
21.28	-0.010485
21.29	-0.0088781
21.3	-0.0075127
21.31	-0.0066654
21.32	-0.0061818
21.33	-0.0053966
21.34	-0.0046322
21.35	-0.0037694
21.36	-0.0027611
21.37	-0.0018596
21.38	-0.0011621
21.39	-0.00024192
21.4	0.00076285
21.41	0.0018637
21.42	0.0034099
21.43	0.0052919
21.44	0.0069448
21.45	0.0083844
21.46	0.010352
21.47	0.012778
21.48	0.015271
21.49	0.017491
21.5	0.01996
21.51	0.02223
21.52	0.024269
21.53	0.026168
21.54	0.028046
21.55	0.029573
21.56	0.031069
21.57	0.032611
21.58	0.034268
21.59	0.035944
21.6	0.037616
21.61	0.039074
21.62	0.040385
21.63	0.041691
21.64	0.042722
21.65	0.04349
21.66	0.044201
21.67	0.044603
21.68	0.044905
21.69	0.044789
21.7	0.044463
21.71	0.043924
21.72	0.043236
21.73	0.042203
21.74	0.041299
21.75	0.040507
21.76	0.039834
21.77	0.039212
21.78	0.038786
21.79	0.038331
21.8	0.037815
21.81	0.037469
21.82	0.036896
21.83	0.03674
21.84	0.036703
21.85	0.036708
21.86	0.036969
21.87	0.037356
21.88	0.037821
21.89	0.03828
21.9	0.038667
21.91	0.039371
21.92	0.040153
21.93	0.041037
21.94	0.042119
21.95	0.04327
21.96	0.044503
21.97	0.04568
21.98	0.046752
21.99	0.047808
22	0.048958
22.01	0.050102
22.02	0.05153
22.03	0.053027
22.04	0.054863
22.05	0.056608
22.06	0.058227
22.07	0.059779
22.08	0.061252
22.09	0.062861
22.1	0.064641
22.11	0.066594
22.12	0.068665
22.13	0.070606
22.14	0.072089
22.15	0.073649
22.16	0.075324
22.17	0.076524
22.18	0.077547
22.19	0.078643
22.2	0.079386
22.21	0.080181
22.22	0.080719
22.23	0.081712
22.24	0.082679
22.25	0.083685
22.26	0.084801
22.27	0.085911
22.28	0.086906
22.29	0.087767
22.3	0.088355
22.31	0.089001
22.32	0.089699
22.33	0.09062
22.34	0.091252
22.35	0.092117
22.36	0.0931
22.37	0.09439
22.38	0.095536
22.39	0.096173
22.4	0.096812
22.41	0.097296
22.42	0.097526
22.43	0.097809
22.44	0.098011
22.45	0.098036
22.46	0.097893
22.47	0.097735
22.48	0.097727
22.49	0.098185
22.5	0.098688
22.51	0.099701
22.52	0.10115
22.53	0.10271
22.54	0.10438
22.55	0.1061
22.56	0.10787
22.57	0.10947
22.58	0.11077
22.59	0.11172
22.6	0.11291
22.61	0.11394
22.62	0.1148
22.63	0.1157
22.64	0.11668
22.65	0.11743
22.66	0.11805
22.67	0.11881
22.68	0.12022
22.69	0.12147
22.7	0.12246
22.71	0.12345
22.72	0.12429
22.73	0.12511
22.74	0.12578
22.75	0.1267
22.76	0.12771
22.77	0.12907
22.78	0.13077
22.79	0.13249
22.8	0.13433
22.81	0.13686
22.82	0.13954
22.83	0.14234
22.84	0.14483
22.85	0.14727
22.86	0.14975
22.87	0.15248
22.88	0.1552
22.89	0.1577
22.9	0.15993
22.91	0.16197
22.92	0.16356
22.93	0.16485
22.94	0.16603
22.95	0.1675
22.96	0.16906
22.97	0.17063
22.98	0.17202
22.99	0.17336
23	0.17484
23.01	0.17629
23.02	0.17775
23.03	0.17921
23.04	0.18075
23.05	0.18233
23.06	0.18412
23.07	0.18641
23.08	0.18884
23.09	0.19115
23.1	0.1935
23.11	0.19588
23.12	0.19797
23.13	0.20005
23.14	0.20199
23.15	0.20388
23.16	0.20566
23.17	0.20733
23.18	0.20893
23.19	0.21027
23.2	0.21168
23.21	0.21364
23.22	0.21601
23.23	0.2185
23.24	0.22104
23.25	0.22343
23.26	0.22602
23.27	0.22885
23.28	0.23176
23.29	0.23442
23.3	0.23685
23.31	0.23895
23.32	0.24143
23.33	0.24378
23.34	0.24616
23.35	0.24841
23.36	0.25096
23.37	0.25329
23.38	0.25566
23.39	0.25802
23.4	0.26046
23.41	0.26283
23.42	0.26482
23.43	0.26667
23.44	0.26868
23.45	0.27036
23.46	0.27235
23.47	0.27414
23.48	0.27584
23.49	0.27749
23.5	0.27936
23.51	0.28121
23.52	0.28313
23.53	0.28511
23.54	0.28742
23.55	0.28968
23.56	0.29177
23.57	0.29337
23.58	0.29496
23.59	0.29616
23.6	0.29756
23.61	0.2989
23.62	0.3001
23.63	0.30094
23.64	0.30175
23.65	0.30272
23.66	0.30357
23.67	0.3038
23.68	0.30403
23.69	0.30412
23.7	0.30374
23.71	0.30365
23.72	0.30358
23.73	0.30353
23.74	0.30317
23.75	0.3025
23.76	0.30161
23.77	0.30073
23.78	0.29972
23.79	0.29848
23.8	0.29699
23.81	0.29566
23.82	0.29444
23.83	0.29306
23.84	0.29189
23.85	0.29085
23.86	0.28963
23.87	0.28852
23.88	0.28733
23.89	0.28617
23.9	0.28506
23.91	0.2837
23.92	0.28206
23.93	0.28027
23.94	0.27823
23.95	0.27592
23.96	0.27351
23.97	0.27087
23.98	0.26827
23.99	0.2657
24	0.26298
24.01	0.26028
24.02	0.2579
24.03	0.25569
24.04	0.25357
24.05	0.25129
24.06	0.24938
24.07	0.24681
24.08	0.24393
24.09	0.24113
24.1	0.23836
24.11	0.23593
24.12	0.23347
24.13	0.23132
24.14	0.22937
24.15	0.22731
24.16	0.22481
24.17	0.22231
24.18	0.21973
24.19	0.21727
24.2	0.21479
24.21	0.21227
24.22	0.20957
24.23	0.20668
24.24	0.20395
24.25	0.2016
24.26	0.19948
24.27	0.19747
24.28	0.19572
24.29	0.1939
24.3	0.19247
24.31	0.19066
24.32	0.18856
24.33	0.18649
24.34	0.18466
24.35	0.18305
24.36	0.18158
24.37	0.1803
24.38	0.17875
24.39	0.17748
24.4	0.17626
24.41	0.17498
24.42	0.17337
24.43	0.17192
24.44	0.17061
24.45	0.16908
24.46	0.1676
24.47	0.16607
24.48	0.16473
24.49	0.16399
24.5	0.16349
24.51	0.16294
24.52	0.1626
24.53	0.16228
24.54	0.16199
24.55	0.16136
24.56	0.16082
24.57	0.16041
24.58	0.15998
24.59	0.15978
24.6	0.15969
24.61	0.15989
24.62	0.16015
24.63	0.16036
24.64	0.16041
24.65	0.16075
24.66	0.16085
24.67	0.16063
24.68	0.16021
24.69	0.15949
24.7	0.15851
24.71	0.15738
24.72	0.15616
24.73	0.15476
24.74	0.15353
24.75	0.15221
24.76	0.15012
24.77	0.14799
24.78	0.14575
24.79	0.14394
24.8	0.14222
24.81	0.14038
24.82	0.13873
24.83	0.13711
24.84	0.13583
24.85	0.13417
24.86	0.13294
24.87	0.13218
24.88	0.1314
24.89	0.1305
24.9	0.12947
24.91	0.12814
24.92	0.12674
24.93	0.12549
24.94	0.12421
24.95	0.12287
24.96	0.12162
24.97	0.1205
24.98	0.11958
24.99	0.11864
25	0.11783
25.01	0.11728
25.02	0.11722
25.03	0.11746
25.04	0.11769
25.05	0.11768
25.06	0.11785
25.07	0.11796
25.08	0.11766
25.09	0.11735
25.1	0.11662
25.11	0.11586
25.12	0.11476
25.13	0.11379
25.14	0.11346
25.15	0.11313
25.16	0.11223
25.17	0.11102
25.18	0.10978
25.19	0.10837
25.2	0.10688
25.21	0.10508
25.22	0.10331
25.23	0.10136
25.24	0.099416
25.25	0.097265
25.26	0.095127
25.27	0.093134
25.28	0.090957
25.29	0.088727
25.3	0.08671
25.31	0.085162
25.32	0.083739
25.33	0.082503
25.34	0.081639
25.35	0.080865
25.36	0.08008
25.37	0.079721
25.38	0.079565
25.39	0.079319
25.4	0.079117
25.41	0.079238
25.42	0.079631
25.43	0.079776
25.44	0.079821
25.45	0.079679
25.46	0.07934
25.47	0.079248
25.48	0.079148
25.49	0.079173
25.5	0.079099
25.51	0.079101
25.52	0.07926
25.53	0.079605
25.54	0.079856
25.55	0.08022
25.56	0.08051
25.57	0.080824
25.58	0.080787
25.59	0.081075
25.6	0.08116
25.61	0.080827
25.62	0.080655
25.63	0.080558
25.64	0.08011
25.65	0.080024
25.66	0.079515
25.67	0.078957
25.68	0.078233
25.69	0.077875
25.7	0.077494
25.71	0.077111
25.72	0.076723
25.73	0.076249
25.74	0.075894
25.75	0.075317
25.76	0.074741
25.77	0.073994
25.78	0.073101
25.79	0.071904
25.8	0.070828
25.81	0.070034
25.82	0.069446
25.83	0.068654
25.84	0.067999
25.85	0.067474
25.86	0.066357
25.87	0.065479
25.88	0.064541
25.89	0.063659
25.9	0.062861
25.91	0.061952
25.92	0.060868
25.93	0.0594
25.94	0.05834
25.95	0.057306
25.96	0.056503
25.97	0.055668
25.98	0.054721
25.99	0.053942
26	0.053004
26.01	0.052103
26.02	0.051146
26.03	0.050274
26.04	0.049496
26.05	0.048676
26.06	0.047967
26.07	0.047018
26.08	0.045964
26.09	0.044873
26.1	0.043484
26.11	0.042438
26.12	0.041662
26.13	0.040466
26.14	0.03886
26.15	0.03733
26.16	0.035941
26.17	0.034679
26.18	0.033491
26.19	0.032256
26.2	0.030951
26.21	0.029686
26.22	0.028362
26.23	0.026948
26.24	0.025746
26.25	0.02497
26.26	0.024003
26.27	0.023051
26.28	0.022134
26.29	0.021253
26.3	0.020186
26.31	0.01929
26.32	0.018569
26.33	0.017512
26.34	0.016161
26.35	0.014538
26.36	0.012878
26.37	0.011178
26.38	0.00926
26.39	0.007593
26.4	0.0059471
26.41	0.0041467
26.42	0.0024333
26.43	0.00045189
26.44	-0.0019211
26.45	-0.0041367
26.46	-0.0059971
26.47	-0.0080811
26.48	-0.010256
26.49	-0.012221
26.5	-0.014089
26.51	-0.015394
26.52	-0.016586
26.53	-0.017812
26.54	-0.018478
26.55	-0.019044
26.56	-0.019885
26.57	-0.020821
26.58	-0.021962
26.59	-0.023279
26.6	-0.024698
26.61	-0.026413
26.62	-0.028087
26.63	-0.02992
26.64	-0.031961
26.65	-0.033772
26.66	-0.03573
26.67	-0.037693
26.68	-0.039611
26.69	-0.041536
26.7	-0.043369
26.71	-0.045208
26.72	-0.046716
26.73	-0.048295
26.74	-0.049662
26.75	-0.051104
26.76	-0.0526
26.77	-0.053787
26.78	-0.054673
26.79	-0.05557
26.8	-0.056322
26.81	-0.057306
26.82	-0.058533
26.83	-0.059684
26.84	-0.060674
26.85	-0.061648
26.86	-0.06275
26.87	-0.063702
26.88	-0.064538
26.89	-0.06507
26.9	-0.065035
26.91	-0.065043
26.92	-0.06461
26.93	-0.064069
26.94	-0.063662
26.95	-0.063586
26.96	-0.063329
26.97	-0.063294
26.98	-0.063353
26.99	-0.063088
27	-0.062438
27.01	-0.061801
27.02	-0.061258
27.03	-0.061014
27.04	-0.060649
27.05	-0.060469
27.06	-0.060386
27.07	-0.060376
27.08	-0.060383
27.09	-0.060534
27.1	-0.061099
27.11	-0.061692
27.12	-0.062503
27.13	-0.062976
27.14	-0.0634
27.15	-0.06384
27.16	-0.064245
27.17	-0.064587
27.18	-0.065208
27.19	-0.065763
27.2	-0.066698
27.21	-0.067333
27.22	-0.068052
27.23	-0.068762
27.24	-0.069755
27.25	-0.071049
27.26	-0.072524
27.27	-0.073441
27.28	-0.07429
27.29	-0.074989
27.3	-0.075555
27.31	-0.075934
27.32	-0.076571
27.33	-0.077167
27.34	-0.07747
27.35	-0.077558
27.36	-0.077764
27.37	-0.077664
27.38	-0.0776
27.39	-0.07735
27.4	-0.077402
27.41	-0.07746
27.42	-0.077403
27.43	-0.077041
27.44	-0.076633
27.45	-0.076412
27.46	-0.076118
27.47	-0.07577
27.48	-0.075379
27.49	-0.074912
27.5	-0.07422
27.51	-0.073551
27.52	-0.073072
27.53	-0.07292
27.54	-0.072855
27.55	-0.07296
27.56	-0.073118
27.57	-0.073253
27.58	-0.073241
27.59	-0.073237
27.6	-0.07314
27.61	-0.072963
27.62	-0.07264
27.63	-0.072067
27.64	-0.071216
27.65	-0.070743
27.66	-0.070288
27.67	-0.06962
27.68	-0.069299
27.69	-0.069119
27.7	-0.06916
27.71	-0.069332
27.72	-0.069313
27.73	-0.069447
27.74	-0.069332
27.75	-0.06913
27.76	-0.068828
27.77	-0.068345
27.78	-0.067962
27.79	-0.067866
27.8	-0.067889
27.81	-0.067819
27.82	-0.067522
27.83	-0.066778
27.84	-0.065742
27.85	-0.064509
27.86	-0.063341
27.87	-0.061883
27.88	-0.060492
27.89	-0.058536
27.9	-0.056618
27.91	-0.054705
27.92	-0.052754
27.93	-0.050857
27.94	-0.048856
27.95	-0.046777
27.96	-0.04451
27.97	-0.042198
27.98	-0.039991
27.99	-0.0379
28	-0.035923
28.01	-0.033815
28.02	-0.031691
28.03	-0.029332
28.04	-0.027083
28.05	-0.024666
28.06	-0.022201
28.07	-0.019448
28.08	-0.017013
28.09	-0.014604
28.1	-0.012285
28.11	-0.010084
28.12	-0.0082016
28.13	-0.0063382
28.14	-0.0045046
28.15	-0.0028713
28.16	-0.0012844
28.17	0.00045214
28.18	0.0022811
28.19	0.0040386
28.2	0.0057325
28.21	0.0073525
28.22	0.0090433
28.23	0.010709
28.24	0.012073
28.25	0.01333
28.26	0.014964
28.27	0.016649
28.28	0.018387
28.29	0.020453
28.3	0.022193
28.31	0.023897
28.32	0.025338
28.33	0.026707
28.34	0.028005
28.35	0.029171
28.36	0.03038
28.37	0.031456
28.38	0.032279
28.39	0.033007
28.4	0.033871
28.41	0.034677
28.42	0.035597
28.43	0.036258
28.44	0.037039
28.45	0.037582
28.46	0.038001
28.47	0.038545
28.48	0.039407
28.49	0.04032
28.5	0.041336
28.51	0.042657
28.52	0.043709
28.53	0.044766
28.54	0.046113
28.55	0.047433
28.56	0.048493
28.57	0.049563
28.58	0.050696
28.59	0.051387
28.6	0.05226
28.61	0.052882
28.62	0.053539
28.63	0.054009
28.64	0.054141
28.65	0.054359
28.66	0.054615
28.67	0.054943
28.68	0.05541
28.69	0.055673
28.7	0.056131
28.71	0.056228
28.72	0.056225
28.73	0.056255
28.74	0.056437
28.75	0.056801
28.76	0.057225
28.77	0.057827
28.78	0.058614
28.79	0.059676
28.8	0.060749
28.81	0.061556
28.82	0.062579
28.83	0.063572
28.84	0.064666
28.85	0.065777
28.86	0.067068
28.87	0.068494
28.88	0.06962
28.89	0.070499
28.9	0.071372
28.91	0.07221
28.92	0.072937
28.93	0.073876
28.94	0.074855
28.95	0.07559
28.96	0.076391
28.97	0.077148
28.98	0.077862
28.99	0.078694
29	0.079176
29.01	0.079853
29.02	0.08062
29.03	0.08098
29.04	0.081487
29.05	0.08212
29.06	0.082631
29.07	0.083395
29.08	0.08425
29.09	0.085323
29.1	0.086334
29.11	0.087196
29.12	0.088006
29.13	0.08911
29.14	0.090155
29.15	0.091319
29.16	0.092577
29.17	0.093398
29.18	0.09391
29.19	0.094168
29.2	0.094783
29.21	0.095225
29.22	0.095606
29.23	0.095954
29.24	0.096124
29.25	0.096679
29.26	0.097123
29.27	0.097632
29.28	0.09803
29.29	0.098401
29.3	0.098765
29.31	0.099396
29.32	0.099686
29.33	0.099794
29.34	0.099894
29.35	0.10008
29.36	0.10035
29.37	0.1004
29.38	0.10072
29.39	0.10104
29.4	0.10129
29.41	0.10144
29.42	0.10144
29.43	0.10115
29.44	0.10093
29.45	0.10007
29.46	0.099298
29.47	0.098687
29.48	0.097719
29.49	0.0969
29.5	0.096068
29.51	0.095163
29.52	0.094184
29.53	0.093394
29.54	0.092903
29.55	0.092386
29.56	0.09207
29.57	0.091891
29.58	0.092186
29.59	0.092713
29.6	0.093474
29.61	0.094379
29.62	0.095363
29.63	0.096396
29.64	0.097575
29.65	0.098523
29.66	0.099308
29.67	0.099963
29.68	0.10055
29.69	0.10109
29.7	0.10146
29.71	0.10165
29.72	0.10193
29.73	0.10231
29.74	0.10257
29.75	0.10294
29.76	0.10328
29.77	0.10357
29.78	0.10368
29.79	0.10399
29.8	0.10445
29.81	0.10493
29.82	0.10533
29.83	0.10586
29.84	0.10666
29.85	0.10774
29.86	0.10883
29.87	0.1098
29.88	0.11075
29.89	0.11179
29.9	0.11273
29.91	0.11346
29.92	0.11424
29.93	0.11474
29.94	0.1152
29.95	0.11562
29.96	0.11614
29.97	0.11676
29.98	0.11717
29.99	0.11807
30	0.11908
30.01	0.11991
30.02	0.12068
30.03	0.12136
30.04	0.1221
30.05	0.12237
30.06	0.12239
30.07	0.12265
30.08	0.12307
30.09	0.1235
30.1	0.12399
30.11	0.12446
30.12	0.12477
30.13	0.125
30.14	0.12524
30.15	0.12525
30.16	0.12492
30.17	0.12456
30.18	0.12422
30.19	0.12392
30.2	0.12371
30.21	0.12365
30.22	0.12353
30.23	0.12362
30.24	0.12356
30.25	0.12313
30.26	0.12271
30.27	0.12226
30.28	0.12177
30.29	0.12095
30.3	0.12
30.31	0.11921
30.32	0.11819
30.33	0.11724
30.34	0.11642
30.35	0.11584
30.36	0.1153
30.37	0.11488
30.38	0.11432
30.39	0.11323
30.4	0.11203
30.41	0.11091
30.42	0.10967
30.43	0.10851
30.44	0.10752
30.45	0.10654
30.46	0.10595
30.47	0.1057
30.48	0.10544
30.49	0.10497
30.5	0.10462
30.51	0.10406
30.52	0.10332
30.53	0.10328
30.54	0.10343
30.55	0.10371
30.56	0.10408
30.57	0.10434
30.58	0.10484
30.59	0.10529
30.6	0.10592
30.61	0.10638
30.62	0.10708
30.63	0.10783
30.64	0.10833
30.65	0.10863
30.66	0.10917
30.67	0.10959
30.68	0.11015
30.69	0.11034
30.7	0.11049
30.71	0.11057
30.72	0.11075
30.73	0.11085
30.74	0.11079
30.75	0.11068
30.76	0.11037
30.77	0.11007
30.78	0.10983
30.79	0.10931
30.8	0.10876
30.81	0.10786
30.82	0.10713
30.83	0.10615
30.84	0.10527
30.85	0.10417
30.86	0.10284
30.87	0.10125
30.88	0.0997
30.89	0.097838
30.9	0.096189
30.91	0.094273
30.92	0.092436
30.93	0.090764
30.94	0.089543
30.95	0.088329
30.96	0.0869
30.97	0.085268
30.98	0.08379
30.99	0.082347
31	0.080884
31.01	0.079539
31.02	0.077906
31.03	0.076304
31.04	0.074673
31.05	0.072884
31.06	0.070857
31.07	0.069264
31.08	0.067616
31.09	0.065728
31.1	0.063925
31.11	0.06235
31.12	0.061053
31.13	0.05994
31.14	0.058895
31.15	0.058239
31.16	0.057633
31.17	0.057221
31.18	0.05695
31.19	0.05655
31.2	0.056261
31.21	0.056245
31.22	0.055956
31.23	0.055623
31.24	0.055405
31.25	0.05518
31.26	0.054894
31.27	0.054603
31.28	0.054361
31.29	0.053885
31.3	0.053041
31.31	0.052238
31.32	0.051466
31.33	0.050432
31.34	0.049325
31.35	0.048241
31.36	0.046939
31.37	0.045802
31.38	0.044657
31.39	0.043597
31.4	0.042197
31.41	0.040572
31.42	0.0389
31.43	0.037364
31.44	0.035825
31.45	0.034265
31.46	0.032201
31.47	0.029704
31.48	0.027247
31.49	0.024892
31.5	0.022404
31.51	0.019796
31.52	0.017293
31.53	0.014798
31.54	0.01276
31.55	0.010777
31.56	0.0089129
31.57	0.0070744
31.58	0.0051733
31.59	0.0031268
31.6	0.0012895
31.61	-0.00070215
31.62	-0.0026011
31.63	-0.0045258
31.64	-0.0068532
31.65	-0.0090515
31.66	-0.011134
31.67	-0.013363
31.68	-0.015752
31.69	-0.017944
31.7	-0.019749
31.71	-0.021579
31.72	-0.023643
31.73	-0.025483
31.74	-0.027456
31.75	-0.029393
31.76	-0.031186
31.77	-0.03305
31.78	-0.035039
31.79	-0.03714
31.8	-0.039275
31.81	-0.041344
31.82	-0.04326
31.83	-0.045236
31.84	-0.046758
31.85	-0.048426
31.86	-0.05011
31.87	-0.051992
31.88	-0.053658
31.89	-0.055496
31.9	-0.057497
31.91	-0.059296
31.92	-0.06109
31.93	-0.063091
31.94	-0.065085
31.95	-0.066907
31.96	-0.068597
31.97	-0.070242
31.98	-0.071788
31.99	-0.073487
32	-0.07564
32.01	-0.077645
32.02	-0.079595
32.03	-0.081308
32.04	-0.082965
32.05	-0.084969
32.06	-0.086642
32.07	-0.088236
32.08	-0.089594
32.09	-0.090869
32.1	-0.091937
32.11	-0.09287
32.12	-0.093606
32.13	-0.094288
32.14	-0.094944
32.15	-0.095687
32.16	-0.096281
32.17	-0.096685
32.18	-0.096895
32.19	-0.097279
32.2	-0.097461
32.21	-0.097571
32.22	-0.097932
32.23	-0.09817
32.24	-0.098788
32.25	-0.099378
32.26	-0.099936
32.27	-0.10066
32.28	-0.1012
32.29	-0.10193
32.3	-0.10254
32.31	-0.10304
32.32	-0.10372
32.33	-0.10452
32.34	-0.10562
32.35	-0.10625
32.36	-0.10666
32.37	-0.10685
32.38	-0.10707
32.39	-0.10743
32.4	-0.10758
32.41	-0.10761
32.42	-0.10769
32.43	-0.10776
32.44	-0.10817
32.45	-0.10827
32.46	-0.10851
32.47	-0.10836
32.48	-0.10803
32.49	-0.10768
32.5	-0.10756
32.51	-0.10761
32.52	-0.10758
32.53	-0.10763
32.54	-0.10778
32.55	-0.10794
32.56	-0.10799
32.57	-0.10783
32.58	-0.10743
32.59	-0.1068
32.6	-0.10615
32.61	-0.10547
32.62	-0.10484
32.63	-0.10446
32.64	-0.10412
32.65	-0.10398
32.66	-0.10361
32.67	-0.10369
32.68	-0.10377
32.69	-0.10389
32.7	-0.10361
32.71	-0.10321
32.72	-0.10286
32.73	-0.10275
32.74	-0.10261
32.75	-0.10232
32.76	-0.10201
32.77	-0.10165
32.78	-0.10128
32.79	-0.101
32.8	-0.10081
32.81	-0.10092
32.82	-0.10118
32.83	-0.1016
32.84	-0.10195
32.85	-0.10241
32.86	-0.10297
32.87	-0.10356
32.88	-0.10443
32.89	-0.10509
32.9	-0.10558
32.91	-0.10621
32.92	-0.10663
32.93	-0.10716
32.94	-0.10793
32.95	-0.10892
32.96	-0.10976
32.97	-0.1107
32.98	-0.11157
32.99	-0.11259
33	-0.1135
33.01	-0.1145
33.02	-0.11539
33.03	-0.11619
33.04	-0.11667
33.05	-0.11689
33.06	-0.11689
33.07	-0.11695
33.08	-0.11669
33.09	-0.11657
33.1	-0.11648
33.11	-0.11661
33.12	-0.11676
33.13	-0.11733
33.14	-0.11779
33.15	-0.11797
33.16	-0.11833
33.17	-0.11906
33.18	-0.12004
33.19	-0.12091
33.2	-0.12155
33.21	-0.12222
33.22	-0.12302
33.23	-0.12334
33.24	-0.12344
33.25	-0.12335
33.26	-0.1235
33.27	-0.12337
33.28	-0.1234
33.29	-0.12328
33.3	-0.1232
33.31	-0.12294
33.32	-0.1224
33.33	-0.12163
33.34	-0.12101
33.35	-0.12029
33.36	-0.11956
33.37	-0.11848
33.38	-0.11748
33.39	-0.11661
33.4	-0.1156
33.41	-0.11486
33.42	-0.11427
33.43	-0.11352
33.44	-0.11321
33.45	-0.11264
33.46	-0.11205
33.47	-0.11147
33.48	-0.11067
33.49	-0.1101
33.5	-0.10914
33.51	-0.10821
33.52	-0.10709
33.53	-0.10592
33.54	-0.10475
33.55	-0.10364
33.56	-0.10267
33.57	-0.10181
33.58	-0.10089
33.59	-0.10005
33.6	-0.099252
33.61	-0.098328
33.62	-0.097618
33.63	-0.097402
33.64	-0.097299
33.65	-0.097358
33.66	-0.097421
33.67	-0.097446
33.68	-0.097422
33.69	-0.097313
33.7	-0.09738
33.71	-0.097802
33.72	-0.09782
33.73	-0.097232
33.74	-0.096518
33.75	-0.096023
33.76	-0.095591
33.77	-0.094993
33.78	-0.094237
33.79	-0.093561
33.8	-0.092823
33.81	-0.09194
33.82	-0.091051
33.83	-0.090815
33.84	-0.090609
33.85	-0.090256
33.86	-0.089436
33.87	-0.08836
33.88	-0.087522
33.89	-0.086544
33.9	-0.08582
33.91	-0.084833
33.92	-0.083679
33.93	-0.082885
33.94	-0.082297
33.95	-0.08193
33.96	-0.081446
33.97	-0.080903
33.98	-0.08041
33.99	-0.079852
34	-0.079418
34.01	-0.078959
34.02	-0.078468
34.03	-0.077888
34.04	-0.077321
34.05	-0.076998
34.06	-0.076781
34.07	-0.076556
34.08	-0.076191
34.09	-0.076002
34.1	-0.075758
34.11	-0.075459
34.12	-0.07563
34.13	-0.075636
34.14	-0.075623
34.15	-0.075866
34.16	-0.075639
34.17	-0.075655
34.18	-0.07585
34.19	-0.07605
34.2	-0.076275
34.21	-0.076404
34.22	-0.07647
34.23	-0.07634
34.24	-0.076385
34.25	-0.076391
34.26	-0.076075
34.27	-0.075563
34.28	-0.075219
34.29	-0.075092
34.3	-0.074954
34.31	-0.074966
34.32	-0.074871
34.33	-0.074921
34.34	-0.074667
34.35	-0.074367
34.36	-0.073838
34.37	-0.073692
34.38	-0.073553
34.39	-0.07351
34.4	-0.073478
34.41	-0.073463
34.42	-0.073687
34.43	-0.073956
34.44	-0.074431
34.45	-0.074615
34.46	-0.074869
34.47	-0.075238
34.48	-0.075551
34.49	-0.075961
34.5	-0.076502
34.51	-0.076724
34.52	-0.076747
34.53	-0.076787
34.54	-0.076578
34.55	-0.076341
34.56	-0.075809
34.57	-0.075294
34.58	-0.07446
34.59	-0.07407
34.6	-0.073786
34.61	-0.073538
34.62	-0.073162
34.63	-0.072746
34.64	-0.072081
34.65	-0.071278
34.66	-0.070508
34.67	-0.069555
34.68	-0.068598
34.69	-0.067777
34.7	-0.067016
34.71	-0.066083
34.72	-0.065313
34.73	-0.06448
34.74	-0.063671
34.75	-0.062683
34.76	-0.061439
34.77	-0.060019
34.78	-0.058513
34.79	-0.057344
34.8	-0.056352
34.81	-0.055407
34.82	-0.054423
34.83	-0.053303
34.84	-0.051989
34.85	-0.050518
34.86	-0.048488
34.87	-0.046166
34.88	-0.044058
34.89	-0.041806
34.9	-0.039828
34.91	-0.037863
34.92	-0.035972
34.93	-0.033889
34.94	-0.031639
34.95	-0.029752
34.96	-0.027762
34.97	-0.025573
34.98	-0.023557
34.99	-0.021524
35	-0.019533
35.01	-0.017711
35.02	-0.016
35.03	-0.014489
35.04	-0.01289
35.05	-0.011064
35.06	-0.0095814
35.07	-0.0081999
35.08	-0.0068588
35.09	-0.0055521
35.1	-0.0041185
35.11	-0.0025169
35.12	-0.0010731
35.13	0.00026399
35.14	0.0011769
35.15	0.0017048
35.16	0.0026568
35.17	0.0039739
35.18	0.0051726
35.19	0.0063883
35.2	0.0073741
35.21	0.0082737
35.22	0.0092145
35.23	0.010244
35.24	0.011539
35.25	0.012937
35.26	0.01416
35.27	0.015302
35.28	0.016162
35.29	0.016847
35.3	0.017698
35.31	0.018756
35.32	0.01969
35.33	0.020513
35.34	0.021414
35.35	0.022359
35.36	0.02295
35.37	0.023657
35.38	0.024188
35.39	0.024869
35.4	0.025553
35.41	0.026429
35.42	0.027322
35.43	0.028295
35.44	0.029436
35.45	0.030654
35.46	0.031762
35.47	0.03272
35.48	0.033809
35.49	0.034966
35.5	0.036129
35.51	0.037406
35.52	0.038571
35.53	0.039648
35.54	0.040873
35.55	0.042274
35.56	0.043495
35.57	0.044843
35.58	0.046466
35.59	0.047934
35.6	0.049323
35.61	0.050602
35.62	0.051665
35.63	0.052676
35.64	0.053659
35.65	0.054804
35.66	0.055943
35.67	0.057394
35.68	0.058808
35.69	0.059978
35.7	0.061027
35.71	0.061794
35.72	0.062369
35.73	0.063029
35.74	0.063585
35.75	0.064065
35.76	0.064575
35.77	0.065314
35.78	0.066054
35.79	0.06691
35.8	0.067857
35.81	0.068706
35.82	0.069268
35.83	0.069437
35.84	0.069819
35.85	0.070149
35.86	0.070438
35.87	0.070875
35.88	0.071274
35.89	0.071827
35.9	0.071913
35.91	0.071978
35.92	0.071824
35.93	0.072094
35.94	0.072482
35.95	0.072496
35.96	0.072635
35.97	0.072553
35.98	0.072325
35.99	0.071735
36	0.070816
36.01	0.070001
36.02	0.069165
36.03	0.068302
36.04	0.067165
36.05	0.06613
36.06	0.065187
36.07	0.064118
36.08	0.063213
36.09	0.062266
36.1	0.061336
36.11	0.060419
36.12	0.059646
36.13	0.058898
36.14	0.058552
36.15	0.058083
36.16	0.057473
36.17	0.057032
36.18	0.056683
36.19	0.056221
36.2	0.055652
36.21	0.055044
36.22	0.055022
36.23	0.054691
36.24	0.054396
36.25	0.054054
36.26	0.053787
36.27	0.053721
36.28	0.053607
36.29	0.053542
36.3	0.053658
36.31	0.053808
36.32	0.053759
36.33	0.053645
36.34	0.053817
36.35	0.053787
36.36	0.05389
36.37	0.053879
36.38	0.053668
36.39	0.053353
36.4	0.053007
36.41	0.05256
36.42	0.052203
36.43	0.051605
36.44	0.050956
36.45	0.050502
36.46	0.05007
36.47	0.049565
36.48	0.049144
36.49	0.048505
36.5	0.047592
36.51	0.046469
36.52	0.045327
36.53	0.044451
36.54	0.043509
36.55	0.04272
36.56	0.041808
36.57	0.041139
36.58	0.040516
36.59	0.039674
36.6	0.038751
36.61	0.037859
36.62	0.03705
36.63	0.036332
36.64	0.035795
36.65	0.035147
36.66	0.034482
36.67	0.033864
36.68	0.032913
36.69	0.031852
36.7	0.030585
36.71	0.029294
36.72	0.027775
36.73	0.026021
36.74	0.024366
36.75	0.022565
36.76	0.020864
36.77	0.019318
36.78	0.017681
36.79	0.016486
36.8	0.015195
36.81	0.014032
36.82	0.0127
36.83	0.01146
36.84	0.010206
36.85	0.0088434
36.86	0.0074658
36.87	0.006113
36.88	0.0045868
36.89	0.0029027
36.9	0.0012075
36.91	-0.00033682
36.92	-0.0019839
36.93	-0.0036967
36.94	-0.0051985
36.95	-0.006535
36.96	-0.0079258
36.97	-0.0095104
36.98	-0.011044
36.99	-0.012222
37	-0.013361
37.01	-0.014455
37.02	-0.015443
37.03	-0.016419
37.04	-0.01745
37.05	-0.018732
37.06	-0.020216
37.07	-0.021671
37.08	-0.022846
37.09	-0.024186
37.1	-0.025329
37.11	-0.026563
37.12	-0.027833
37.13	-0.029434
37.14	-0.030771
37.15	-0.032175
37.16	-0.033193
37.17	-0.034254
37.18	-0.035438
37.19	-0.036676
37.2	-0.037877
37.21	-0.038886
37.22	-0.040212
37.23	-0.041547
37.24	-0.042849
37.25	-0.044245
37.26	-0.045541
37.27	-0.046604
37.28	-0.047528
37.29	-0.048451
37.3	-0.049304
37.31	-0.050083
37.32	-0.050681
37.33	-0.05145
37.34	-0.052019
37.35	-0.052539
37.36	-0.053052
37.37	-0.053743
37.38	-0.054347
37.39	-0.054706
37.4	-0.055075
37.41	-0.055167
37.42	-0.054917
37.43	-0.054532
37.44	-0.054758
37.45	-0.054833
37.46	-0.054753
37.47	-0.054835
37.48	-0.054756
37.49	-0.054671
37.5	-0.054752
37.51	-0.054814
37.52	-0.054831
37.53	-0.054979
37.54	-0.055102
37.55	-0.055239
37.56	-0.055713
37.57	-0.056334
37.58	-0.057054
37.59	-0.057408
37.6	-0.058151
37.61	-0.059092
37.62	-0.059963
37.63	-0.060945
37.64	-0.061753
37.65	-0.062249
37.66	-0.062534
37.67	-0.062932
37.68	-0.063815
37.69	-0.064533
37.7	-0.065296
37.71	-0.066087
37.72	-0.066732
37.73	-0.067254
37.74	-0.068053
37.75	-0.068884
37.76	-0.069936
37.77	-0.071048
37.78	-0.072377
37.79	-0.073948
37.8	-0.075687
37.81	-0.076954
37.82	-0.078301
37.83	-0.079672
37.84	-0.080749
37.85	-0.081978
37.86	-0.083143
37.87	-0.084232
37.88	-0.085772
37.89	-0.087231
37.9	-0.088822
37.91	-0.090698
37.92	-0.092136
37.93	-0.093341
37.94	-0.094752
37.95	-0.096021
37.96	-0.097047
37.97	-0.098252
37.98	-0.099056
37.99	-0.099849
38	-0.10049
38.01	-0.10128
38.02	-0.10193
38.03	-0.10273
38.04	-0.10328
38.05	-0.10406
38.06	-0.10475
38.07	-0.10543
38.08	-0.10586
38.09	-0.10623
38.1	-0.1069
38.11	-0.10732
38.12	-0.10768
38.13	-0.10775
38.14	-0.10784
38.15	-0.10789
38.16	-0.10753
38.17	-0.10701
38.18	-0.10616
38.19	-0.10521
38.2	-0.10385
38.21	-0.10263
38.22	-0.10151
38.23	-0.10049
38.24	-0.099175
38.25	-0.097832
38.26	-0.096566
38.27	-0.095233
38.28	-0.094095
38.29	-0.093093
38.3	-0.092102
38.31	-0.0913
38.32	-0.090739
38.33	-0.090062
38.34	-0.089545
38.35	-0.089038
38.36	-0.088214
38.37	-0.087673
38.38	-0.087347
38.39	-0.086803
38.4	-0.086088
38.41	-0.085319
38.42	-0.08478
38.43	-0.083965
38.44	-0.083088
38.45	-0.081981
38.46	-0.081064
38.47	-0.080313
38.48	-0.079427
38.49	-0.078563
38.5	-0.077494
38.51	-0.076383
38.52	-0.075188
38.53	-0.074113
38.54	-0.072847
38.55	-0.071623
38.56	-0.069883
38.57	-0.068264
38.58	-0.066932
38.59	-0.065933
38.6	-0.065287
38.61	-0.064642
38.62	-0.063648
38.63	-0.062837
38.64	-0.062134
38.65	-0.061297
38.66	-0.060536
38.67	-0.059774
38.68	-0.05888
38.69	-0.057871
38.7	-0.056841
38.71	-0.056045
38.72	-0.055354
38.73	-0.05449
38.74	-0.053547
38.75	-0.05267
38.76	-0.051692
38.77	-0.050613
38.78	-0.049774
38.79	-0.048933
38.8	-0.04818
38.81	-0.047604
38.82	-0.047272
38.83	-0.046643
38.84	-0.046128
38.85	-0.045506
38.86	-0.044826
38.87	-0.044143
38.88	-0.043639
38.89	-0.043153
38.9	-0.042708
38.91	-0.042442
38.92	-0.041906
38.93	-0.041487
38.94	-0.041149
38.95	-0.040954
38.96	-0.040877
38.97	-0.040724
38.98	-0.040295
38.99	-0.040032
39	-0.039809
39.01	-0.039718
39.02	-0.039505
39.03	-0.039169
39.04	-0.038976
39.05	-0.038646
39.06	-0.038042
39.07	-0.037291
39.08	-0.036705
39.09	-0.036295
39.1	-0.035999
39.11	-0.035417
39.12	-0.034951
39.13	-0.034677
39.14	-0.034315
39.15	-0.034055
39.16	-0.033544
39.17	-0.033168
39.18	-0.032674
39.19	-0.032083
39.2	-0.031339
39.21	-0.030483
39.22	-0.029491
39.23	-0.028749
39.24	-0.027965
39.25	-0.026896
39.26	-0.025835
39.27	-0.024547
39.28	-0.023337
39.29	-0.022443
39.3	-0.02161
39.31	-0.020788
39.32	-0.01999
39.33	-0.019152
39.34	-0.018416
39.35	-0.017706
39.36	-0.017142
39.37	-0.016717
39.38	-0.016557
39.39	-0.016356
39.4	-0.016172
39.41	-0.015829
39.42	-0.015561
39.43	-0.015189
39.44	-0.014534
39.45	-0.014196
39.46	-0.013833
39.47	-0.013757
39.48	-0.013679
39.49	-0.013698
39.5	-0.013199
39.51	-0.012898
39.52	-0.012473
39.53	-0.012086
39.54	-0.01197
39.55	-0.011928
39.56	-0.012236
39.57	-0.012431
39.58	-0.012764
39.59	-0.013149
39.6	-0.013428
39.61	-0.013537
39.62	-0.013208
39.63	-0.012764
39.64	-0.012416
39.65	-0.012029
39.66	-0.01192
39.67	-0.011637
39.68	-0.011349
39.69	-0.011156
39.7	-0.011089
39.71	-0.011106
39.72	-0.010908
39.73	-0.010599
39.74	-0.010237
39.75	-0.0095912
39.76	-0.0089125
39.77	-0.0084915
39.78	-0.0081665
39.79	-0.0077873
39.8	-0.0074876
39.81	-0.0075842
39.82	-0.0077825
39.83	-0.0080057
39.84	-0.0083515
39.85	-0.0089531
39.86	-0.0095621
39.87	-0.010163
39.88	-0.010498
39.89	-0.011059
39.9	-0.011607
39.91	-0.012124
39.92	-0.012651
39.93	-0.013343
39.94	-0.014234
39.95	-0.015104
39.96	-0.015678
39.97	-0.016028
39.98	-0.016323
39.99	-0.016506
40	-0.01689
40.01	-0.017472
40.02	-0.018058
40.03	-0.018716
40.04	-0.019357
40.05	-0.020149
40.06	-0.020644
40.07	-0.020945
40.08	-0.020824
40.09	-0.02093
40.1	-0.021186
40.11	-0.021122
40.12	-0.020895
40.13	-0.020428
40.14	-0.019929
40.15	-0.019281
40.16	-0.018648
40.17	-0.01821
40.18	-0.01801
40.19	-0.017958
40.2	-0.018044
40.21	-0.018478
40.22	-0.018778
40.23	-0.018812
40.24	-0.018885
40.25	-0.018991
40.26	-0.019279
40.27	-0.019657
40.28	-0.02012
40.29	-0.02047
40.3	-0.021012
40.31	-0.02193
40.32	-0.022755
40.33	-0.023896
40.34	-0.025015
40.35	-0.026246
40.36	-0.027404
40.37	-0.02821
40.38	-0.028879
40.39	-0.029667
40.4	-0.030498
40.41	-0.031162
40.42	-0.031927
40.43	-0.032485
40.44	-0.032887
40.45	-0.033336
40.46	-0.033804
40.47	-0.034158
40.48	-0.034523
40.49	-0.035147
40.5	-0.03576
40.51	-0.036068
40.52	-0.036391
40.53	-0.037001
40.54	-0.037459
40.55	-0.037504
40.56	-0.037551
40.57	-0.037808
40.58	-0.038001
40.59	-0.038524
40.6	-0.039042
40.61	-0.039255
40.62	-0.039505
40.63	-0.039578
40.64	-0.039806
40.65	-0.040301
40.66	-0.040859
40.67	-0.04113
40.68	-0.041256
40.69	-0.04101
40.7	-0.040925
40.71	-0.041046
40.72	-0.040918
40.73	-0.040548
40.74	-0.040198
40.75	-0.039687
40.76	-0.039041
40.77	-0.038585
40.78	-0.038319
40.79	-0.038036
40.8	-0.037758
40.81	-0.037436
40.82	-0.037178
40.83	-0.03672
40.84	-0.036257
40.85	-0.035564
40.86	-0.034706
40.87	-0.033795
40.88	-0.032906
40.89	-0.032276
40.9	-0.03135
40.91	-0.030443
40.92	-0.029469
40.93	-0.028787
40.94	-0.027996
40.95	-0.027145
40.96	-0.026054
40.97	-0.024712
40.98	-0.023337
40.99	-0.022163
41	-0.021011
41.01	-0.019897
41.02	-0.018793
41.03	-0.017532
41.04	-0.016292
41.05	-0.014905
41.06	-0.013472
41.07	-0.012174
41.08	-0.01105
41.09	-0.0099407
41.1	-0.0090603
41.11	-0.0079912
41.12	-0.006723
41.13	-0.0056903
41.14	-0.0046461
41.15	-0.0037059
41.16	-0.0025959
41.17	-0.0013273
41.18	-0.00016373
41.19	0.001199
41.2	0.0026714
41.21	0.0039991
41.22	0.0051794
41.23	0.0066291
41.24	0.0080035
41.25	0.0092158
41.26	0.010541
41.27	0.011916
41.28	0.013362
41.29	0.014599
41.3	0.01552
41.31	0.016427
41.32	0.017055
41.33	0.017525
41.34	0.01791
41.35	0.018351
41.36	0.018534
41.37	0.018628
41.38	0.018551
41.39	0.01842
41.4	0.018117
41.41	0.017747
41.42	0.017385
41.43	0.016938
41.44	0.016409
41.45	0.015697
41.46	0.015073
41.47	0.014439
41.48	0.013796
41.49	0.012937
41.5	0.011844
41.51	0.010656
41.52	0.0097266
41.53	0.0085681
41.54	0.0076586
41.55	0.0069219
41.56	0.006332
41.57	0.0059159
41.58	0.005504
41.59	0.0053064
41.6	0.0052086
41.61	0.0050289
41.62	0.004684
41.63	0.0046359
41.64	0.0044523
41.65	0.0044711
41.66	0.0047289
41.67	0.0048968
41.68	0.0051024
41.69	0.0053077
41.7	0.0056039
41.71	0.0057803
41.72	0.0058891
41.73	0.0058162
41.74	0.0058588
41.75	0.006067
41.76	0.0063534
41.77	0.0068309
41.78	0.0074603
41.79	0.0080512
41.8	0.0086986
41.81	0.0090448
41.82	0.0094353
41.83	0.009925
41.84	0.010558
41.85	0.011009
41.86	0.011697
41.87	0.012299
41.88	0.01305
41.89	0.013621
41.9	0.014203
41.91	0.014685
41.92	0.01517
41.93	0.015644
41.94	0.016021
41.95	0.016128
41.96	0.016077
41.97	0.01591
41.98	0.015808
41.99	0.015699
42	0.015569
42.01	0.015316
42.02	0.015192
42.03	0.015244
42.04	0.015189
42.05	0.015106
42.06	0.01517
42.07	0.015329
42.08	0.015466
42.09	0.015504
42.1	0.015657
42.11	0.01578
42.12	0.015945
42.13	0.015994
42.14	0.016128
42.15	0.016101
42.16	0.015825
42.17	0.015365
42.18	0.014826
42.19	0.01412
42.2	0.013327
42.21	0.012542
42.22	0.011717
42.23	0.010781
42.24	0.0098977
42.25	0.0090777
42.26	0.0084359
42.27	0.007598
42.28	0.0068558
42.29	0.0058527
42.3	0.0048144
42.31	0.0038385
42.32	0.0031573
42.33	0.0025275
42.34	0.0019898
42.35	0.0015208
42.36	0.0013468
42.37	0.0011276
42.38	0.0010121
42.39	0.00081988
42.4	0.00050855
42.41	0.00030153
42.42	4.3108e-05
42.43	-0.00048073
42.44	-0.0010159
42.45	-0.0014527
42.46	-0.001931
42.47	-0.0022879
42.48	-0.0030561
42.49	-0.0038975
42.5	-0.004645
42.51	-0.0055751
42.52	-0.0062099
42.53	-0.0070122
42.54	-0.0079131
42.55	-0.0090581
42.56	-0.010348
42.57	-0.011695
42.58	-0.012902
42.59	-0.01391
42.6	-0.014884
42.61	-0.015628
42.62	-0.016506
42.63	-0.017457
42.64	-0.018501
42.65	-0.019528
42.66	-0.020278
42.67	-0.020953
42.68	-0.021903
42.69	-0.022882
42.7	-0.024094
42.71	-0.025585
42.72	-0.027239
42.73	-0.028683
42.74	-0.029848
42.75	-0.030995
42.76	-0.032282
42.77	-0.033394
42.78	-0.034548
42.79	-0.03575
42.8	-0.037041
42.81	-0.038156
42.82	-0.03929
42.83	-0.040694
42.84	-0.041843
42.85	-0.042936
42.86	-0.044397
42.87	-0.045692
42.88	-0.046842
42.89	-0.04811
42.9	-0.049308
42.91	-0.050785
42.92	-0.052124
42.93	-0.053401
42.94	-0.054625
42.95	-0.055737
42.96	-0.056935
42.97	-0.058323
42.98	-0.059982
42.99	-0.061428
43	-0.062848
43.01	-0.064248
43.02	-0.065994
43.03	-0.067752
43.04	-0.069646
43.05	-0.071548
43.06	-0.073168
43.07	-0.074655
43.08	-0.076033
43.09	-0.077201
43.1	-0.078488
43.11	-0.079781
43.12	-0.080885
43.13	-0.081966
43.14	-0.082981
43.15	-0.084165
43.16	-0.085141
43.17	-0.086112
43.18	-0.087054
43.19	-0.08786
43.2	-0.088514
43.21	-0.089074
43.22	-0.08941
43.23	-0.089698
43.24	-0.090151
43.25	-0.090314
43.26	-0.090742
43.27	-0.091502
43.28	-0.092424
43.29	-0.093445
43.3	-0.094629
43.31	-0.095676
43.32	-0.096581
43.33	-0.097598
43.34	-0.09855
43.35	-0.099497
43.36	-0.10036
43.37	-0.10124
43.38	-0.1022
43.39	-0.10322
43.4	-0.10414
43.41	-0.10498
43.42	-0.10578
43.43	-0.10686
43.44	-0.10788
43.45	-0.10875
43.46	-0.1096
43.47	-0.11037
43.48	-0.11123
43.49	-0.11193
43.5	-0.11262
43.51	-0.11343
43.52	-0.11411
43.53	-0.11472
43.54	-0.11506
43.55	-0.11557
43.56	-0.11605
43.57	-0.11618
43.58	-0.11637
43.59	-0.11656
43.6	-0.11651
43.61	-0.11646
43.62	-0.11656
43.63	-0.11675
43.64	-0.11704
43.65	-0.11719
43.66	-0.11712
43.67	-0.11718
43.68	-0.11709
43.69	-0.11671
43.7	-0.11644
43.71	-0.11607
43.72	-0.11589
43.73	-0.11579
43.74	-0.11563
43.75	-0.11535
43.76	-0.11514
43.77	-0.11503
43.78	-0.11492
43.79	-0.11519
43.8	-0.11535
43.81	-0.11579
43.82	-0.11604
43.83	-0.11648
43.84	-0.11707
43.85	-0.11756
43.86	-0.118
43.87	-0.11848
43.88	-0.11904
43.89	-0.11932
43.9	-0.11969
43.91	-0.12013
43.92	-0.12067
43.93	-0.1212
43.94	-0.12159
43.95	-0.12162
43.96	-0.1217
43.97	-0.12171
43.98	-0.12163
43.99	-0.12151
44	-0.12128
44.01	-0.12115
44.02	-0.12093
44.03	-0.12108
44.04	-0.1213
44.05	-0.12154
44.06	-0.12181
44.07	-0.12196
44.08	-0.1223
44.09	-0.12247
44.1	-0.12272
44.11	-0.12279
44.12	-0.12307
44.13	-0.12343
44.14	-0.12384
44.15	-0.12429
44.16	-0.12489
44.17	-0.12536
44.18	-0.1258
44.19	-0.12619
44.2	-0.12667
44.21	-0.12697
44.22	-0.12704
44.23	-0.12677
44.24	-0.12638
44.25	-0.12588
44.26	-0.12563
44.27	-0.12542
44.28	-0.12511
44.29	-0.12503
44.3	-0.12492
44.31	-0.12469
44.32	-0.12457
44.33	-0.12462
44.34	-0.12465
44.35	-0.12466
44.36	-0.12457
44.37	-0.12444
44.38	-0.12453
44.39	-0.12433
44.4	-0.12422
44.41	-0.12425
44.42	-0.12399
44.43	-0.12359
44.44	-0.12329
44.45	-0.12292
44.46	-0.12285
44.47	-0.12303
44.48	-0.12338
44.49	-0.12379
44.5	-0.12431
44.51	-0.12462
44.52	-0.12492
44.53	-0.12522
44.54	-0.12528
44.55	-0.12518
44.56	-0.12508
44.57	-0.12486
44.58	-0.12456
44.59	-0.12417
44.6	-0.12385
44.61	-0.12385
44.62	-0.12392
44.63	-0.12392
44.64	-0.12387
44.65	-0.12363
44.66	-0.12342
44.67	-0.1231
44.68	-0.12289
44.69	-0.12285
44.7	-0.12309
44.71	-0.1231
44.72	-0.12344
44.73	-0.12362
44.74	-0.12364
44.75	-0.1237
44.76	-0.12398
44.77	-0.12436
44.78	-0.12479
44.79	-0.12503
44.8	-0.12537
44.81	-0.12567
44.82	-0.12593
44.83	-0.126
44.84	-0.1261
44.85	-0.12582
44.86	-0.12539
44.87	-0.12513
44.88	-0.12492
44.89	-0.12488
44.9	-0.12473
44.91	-0.12461
44.92	-0.12471
44.93	-0.12452
44.94	-0.12447
44.95	-0.12451
44.96	-0.12461
44.97	-0.12463
44.98	-0.12468
44.99	-0.1246
45	-0.12487
45.01	-0.12512
45.02	-0.1256
45.03	-0.12626
45.04	-0.12705
45.05	-0.12803
45.06	-0.1289
45.07	-0.12994
45.08	-0.13061
45.09	-0.13128
45.1	-0.13184
45.11	-0.13239
45.12	-0.13266
45.13	-0.13292
45.14	-0.13341
45.15	-0.13403
45.16	-0.1349
45.17	-0.13583
45.18	-0.13678
45.19	-0.13767
45.2	-0.13883
45.21	-0.13989
45.22	-0.14074
45.23	-0.1413
45.24	-0.14177
45.25	-0.1423
45.26	-0.14247
45.27	-0.14284
45.28	-0.14337
45.29	-0.14388
45.3	-0.14414
45.31	-0.14472
45.32	-0.14538
45.33	-0.14592
45.34	-0.14637
45.35	-0.14655
45.36	-0.14661
45.37	-0.14663
45.38	-0.14677
45.39	-0.14694
45.4	-0.14694
45.41	-0.14686
45.42	-0.14649
45.43	-0.14608
45.44	-0.14584
45.45	-0.14566
45.46	-0.14551
45.47	-0.14541
45.48	-0.14522
45.49	-0.14535
45.5	-0.14536
45.51	-0.14556
45.52	-0.14576
45.53	-0.14608
45.54	-0.14633
45.55	-0.14669
45.56	-0.14707
45.57	-0.14736
45.58	-0.14764
45.59	-0.14806
45.6	-0.14863
45.61	-0.1492
45.62	-0.14953
45.63	-0.14979
45.64	-0.15019
45.65	-0.15037
45.66	-0.15062
45.67	-0.15065
45.68	-0.15063
45.69	-0.15052
45.7	-0.15055
45.71	-0.15016
45.72	-0.14966
45.73	-0.14916
45.74	-0.14861
45.75	-0.1481
45.76	-0.14765
45.77	-0.1469
45.78	-0.146
45.79	-0.14505
45.8	-0.1439
45.81	-0.14302
45.82	-0.14229
45.83	-0.14136
45.84	-0.14024
45.85	-0.13931
45.86	-0.1383
45.87	-0.13746
45.88	-0.13688
45.89	-0.13619
45.9	-0.13521
45.91	-0.13407
45.92	-0.13291
45.93	-0.13162
45.94	-0.13055
45.95	-0.12964
45.96	-0.12878
45.97	-0.12769
45.98	-0.12656
45.99	-0.12532
46	-0.12401
46.01	-0.12301
46.02	-0.12197
46.03	-0.12113
46.04	-0.12013
46.05	-0.11914
46.06	-0.11822
46.07	-0.11733
46.08	-0.11676
46.09	-0.11594
46.1	-0.1152
46.11	-0.1144
46.12	-0.11384
46.13	-0.11307
46.14	-0.11239
46.15	-0.11201
46.16	-0.11154
46.17	-0.11127
46.18	-0.1109
46.19	-0.11057
46.2	-0.1104
46.21	-0.11016
46.22	-0.10978
46.23	-0.10908
46.24	-0.10819
46.25	-0.10731
46.26	-0.10636
46.27	-0.10549
46.28	-0.10453
46.29	-0.1037
46.3	-0.10296
46.31	-0.10211
46.32	-0.10132
46.33	-0.10065
46.34	-0.10012
46.35	-0.099676
46.36	-0.099335
46.37	-0.099037
46.38	-0.098915
46.39	-0.099027
46.4	-0.099379
46.41	-0.099756
46.42	-0.10037
46.43	-0.10088
46.44	-0.10148
46.45	-0.10218
46.46	-0.10267
46.47	-0.10276
46.48	-0.10291
46.49	-0.10329
46.5	-0.10364
46.51	-0.10402
46.52	-0.10444
46.53	-0.10488
46.54	-0.10533
46.55	-0.10599
46.56	-0.10674
46.57	-0.10765
46.58	-0.10852
46.59	-0.1093
46.6	-0.11026
46.61	-0.11099
46.62	-0.11176
46.63	-0.11253
46.64	-0.11337
46.65	-0.11434
46.66	-0.11531
46.67	-0.11615
46.68	-0.11722
46.69	-0.11806
46.7	-0.11881
46.71	-0.1195
46.72	-0.12003
46.73	-0.12039
46.74	-0.12027
46.75	-0.12039
46.76	-0.12064
46.77	-0.12094
46.78	-0.12102
46.79	-0.12106
46.8	-0.12128
46.81	-0.12137
46.82	-0.12128
46.83	-0.12104
46.84	-0.12085
46.85	-0.12061
46.86	-0.12029
46.87	-0.12018
46.88	-0.12001
46.89	-0.12
46.9	-0.12013
46.91	-0.12021
46.92	-0.12028
46.93	-0.1205
46.94	-0.12073
46.95	-0.12117
46.96	-0.12179
46.97	-0.1223
46.98	-0.12273
46.99	-0.12345
47	-0.12422
47.01	-0.125
47.02	-0.12564
47.03	-0.12601
47.04	-0.12633
47.05	-0.12661
47.06	-0.12718
47.07	-0.1277
47.08	-0.12806
47.09	-0.1284
47.1	-0.1287
47.11	-0.12886
47.12	-0.12899
47.13	-0.12918
47.14	-0.12935
47.15	-0.12916
47.16	-0.12884
47.17	-0.12826
47.18	-0.1278
47.19	-0.1271
47.2	-0.12652
47.21	-0.12581
47.22	-0.12526
47.23	-0.12456
47.24	-0.12406
47.25	-0.12377
47.26	-0.12339
47.27	-0.12289
47.28	-0.12249
47.29	-0.12208
47.3	-0.12209
47.31	-0.12221
47.32	-0.12222
47.33	-0.12199
47.34	-0.12177
47.35	-0.12164
47.36	-0.12162
47.37	-0.12141
47.38	-0.12114
47.39	-0.12042
47.4	-0.11953
47.41	-0.11872
47.42	-0.11788
47.43	-0.11699
47.44	-0.116
47.45	-0.11517
47.46	-0.11414
47.47	-0.11323
47.48	-0.11224
47.49	-0.11142
47.5	-0.11068
47.51	-0.10978
47.52	-0.10881
47.53	-0.10798
47.54	-0.10749
47.55	-0.10731
47.56	-0.10703
47.57	-0.10652
47.58	-0.10613
47.59	-0.10544
47.6	-0.10456
47.61	-0.10363
47.62	-0.1028
47.63	-0.10207
47.64	-0.10129
47.65	-0.10073
47.66	-0.10031
47.67	-0.099973
47.68	-0.09997
47.69	-0.099996
47.7	-0.10005
47.71	-0.099957
47.72	-0.099502
47.73	-0.098895
47.74	-0.09826
47.75	-0.097834
47.76	-0.097469
47.77	-0.097235
47.78	-0.097083
47.79	-0.096997
47.8	-0.096929
47.81	-0.096832
47.82	-0.096499
47.83	-0.095934
47.84	-0.095644
47.85	-0.095084
47.86	-0.094382
47.87	-0.0936
47.88	-0.092878
47.89	-0.092312
47.9	-0.091927
47.91	-0.091324
47.92	-0.090866
47.93	-0.090282
47.94	-0.089498
47.95	-0.088785
47.96	-0.087954
47.97	-0.087248
47.98	-0.086692
47.99	-0.085934
48	-0.085064
48.01	-0.084195
48.02	-0.083662
48.03	-0.083115
48.04	-0.08266
48.05	-0.082407
48.06	-0.081964
48.07	-0.081512
48.08	-0.081397
48.09	-0.081225
48.1	-0.080977
48.11	-0.080877
48.12	-0.08069
48.13	-0.080407
48.14	-0.080205
48.15	-0.080092
48.16	-0.079897
48.17	-0.079529
48.18	-0.079142
48.19	-0.07879
48.2	-0.078467
48.21	-0.078122
48.22	-0.077801
48.23	-0.077446
48.24	-0.076835
48.25	-0.076005
48.26	-0.075192
48.27	-0.074322
48.28	-0.073384
48.29	-0.072262
48.3	-0.071343
48.31	-0.070433
48.32	-0.069303
48.33	-0.068165
48.34	-0.067247
48.35	-0.066452
48.36	-0.065736
48.37	-0.064971
48.38	-0.064028
48.39	-0.063001
48.4	-0.061739
48.41	-0.060481
48.42	-0.059301
48.43	-0.058339
48.44	-0.057288
48.45	-0.056056
48.46	-0.054812
48.47	-0.053947
48.48	-0.052856
48.49	-0.051818
48.5	-0.050819
48.51	-0.049855
48.52	-0.048812
48.53	-0.04797
48.54	-0.046949
48.55	-0.046048
48.56	-0.045134
48.57	-0.044289
48.58	-0.043596
48.59	-0.043104
48.6	-0.042598
48.61	-0.041955
48.62	-0.041257
48.63	-0.040368
48.64	-0.039823
48.65	-0.039326
48.66	-0.038808
48.67	-0.038141
48.68	-0.03758
48.69	-0.037023
48.7	-0.036658
48.71	-0.036286
48.72	-0.035997
48.73	-0.035539
48.74	-0.034843
48.75	-0.034044
48.76	-0.03309
48.77	-0.032188
48.78	-0.031139
48.79	-0.030062
48.8	-0.029246
48.81	-0.02837
48.82	-0.027166
48.83	-0.025908
48.84	-0.024748
48.85	-0.023534
48.86	-0.022399
48.87	-0.021386
48.88	-0.020486
48.89	-0.019581
48.9	-0.018683
48.91	-0.017766
48.92	-0.017001
48.93	-0.016158
48.94	-0.015071
48.95	-0.013903
48.96	-0.012788
48.97	-0.01164
48.98	-0.010599
48.99	-0.0095507
49	-0.0083684
49.01	-0.0072834
49.02	-0.0061115
49.03	-0.0050061
49.04	-0.0038193
49.05	-0.0026523
49.06	-0.0014578
49.07	-0.00021022
49.08	0.00082785
49.09	0.001911
49.1	0.003012
49.11	0.0039233
49.12	0.0048492
49.13	0.005465
49.14	0.0059696
49.15	0.0067425
49.16	0.0073305
49.17	0.0079073
49.18	0.0089705
49.19	0.010122
49.2	0.011246
49.21	0.012334
49.22	0.013433
49.23	0.014169
49.24	0.014915
49.25	0.015634
49.26	0.0163
49.27	0.017218
49.28	0.018074
49.29	0.019213
49.3	0.020296
49.31	0.021539
49.32	0.022679
49.33	0.024019
49.34	0.025379
49.35	0.026867
49.36	0.02817
49.37	0.029164
49.38	0.030153
49.39	0.03107
49.4	0.03172
49.41	0.032308
49.42	0.032702
49.43	0.033055
49.44	0.033229
49.45	0.033664
49.46	0.034431
49.47	0.035149
49.48	0.035708
49.49	0.036372
49.5	0.037111
49.51	0.037653
49.52	0.038291
49.53	0.038911
49.54	0.03942
49.55	0.039983
49.56	0.040477
49.57	0.041013
49.58	0.041388
49.59	0.041807
49.6	0.042398
49.61	0.042908
49.62	0.043314
49.63	0.043575
49.64	0.043897
49.65	0.044398
49.66	0.04497
49.67	0.045671
49.68	0.046204
49.69	0.046703
49.7	0.047248
49.71	0.04774
49.72	0.048497
49.73	0.049092
49.74	0.049727
49.75	0.050452
49.76	0.051094
49.77	0.051962
49.78	0.052941
49.79	0.053792
49.8	0.054509
49.81	0.055285
49.82	0.0559
49.83	0.056217
49.84	0.0565
49.85	0.056759
49.86	0.056971
49.87	0.057216
49.88	0.057356
49.89	0.057238
49.9	0.056951
49.91	0.05664
49.92	0.056446
49.93	0.056471
49.94	0.056552
49.95	0.0563
49.96	0.056152
49.97	0.055935
49.98	0.056003
49.99	0.055655
50	0.055396
50.01	0.055156
50.02	0.054872
50.03	0.05461
50.04	0.054102
50.05	0.053555
50.06	0.053122
50.07	0.052651
50.08	0.052055
50.09	0.051498
50.1	0.050857
50.11	0.050226
50.12	0.049738
50.13	0.049259
50.14	0.04865
50.15	0.048065
50.16	0.0476
50.17	0.047265
50.18	0.04693
50.19	0.04669
50.2	0.046587
50.21	0.046502
50.22	0.046298
50.23	0.04621
50.24	0.046072
50.25	0.045859
50.26	0.045761
50.27	0.045778
50.28	0.04582
50.29	0.046054
50.3	0.046109
50.31	0.046128
50.32	0.04629
50.33	0.046176
50.34	0.045844
50.35	0.045784
50.36	0.045891
50.37	0.045956
50.38	0.046093
50.39	0.046329
50.4	0.046497
50.41	0.046788
50.42	0.046991
50.43	0.047465
50.44	0.048023
50.45	0.048452
50.46	0.048962
50.47	0.049398
50.48	0.049875
50.49	0.050179
50.5	0.050495
50.51	0.05089
50.52	0.051179
50.53	0.051512
50.54	0.051747
50.55	0.051933
50.56	0.051992
50.57	0.05196
50.58	0.05185
50.59	0.051862
50.6	0.052042
50.61	0.052331
50.62	0.052646
50.63	0.052991
50.64	0.053382
50.65	0.053875
50.66	0.054474
50.67	0.055298
50.68	0.056371
50.69	0.05745
50.7	0.058627
50.71	0.059603
50.72	0.060689
50.73	0.061674
50.74	0.062248
50.75	0.062821
50.76	0.063194
50.77	0.063359
50.78	0.063431
50.79	0.063508
50.8	0.063563
50.81	0.063939
50.82	0.06409
50.83	0.064326
50.84	0.064643
50.85	0.064889
50.86	0.064983
50.87	0.06503
50.88	0.064989
50.89	0.065023
50.9	0.06506
50.91	0.064986
50.92	0.064834
50.93	0.064732
50.94	0.064627
50.95	0.064833
50.96	0.064993
50.97	0.065059
50.98	0.065061
50.99	0.065159
51	0.065367
51.01	0.065521
51.02	0.065745
51.03	0.065946
51.04	0.066222
51.05	0.066509
51.06	0.066861
51.07	0.06723
51.08	0.067517
51.09	0.067672
51.1	0.068087
51.11	0.068388
51.12	0.068645
51.13	0.069145
51.14	0.069508
51.15	0.069905
51.16	0.069983
51.17	0.070098
51.18	0.070076
51.19	0.070117
51.2	0.070063
51.21	0.069902
51.22	0.069742
51.23	0.06966
51.24	0.069572
51.25	0.069602
51.26	0.0696
51.27	0.069724
51.28	0.069832
51.29	0.069821
51.3	0.069683
51.31	0.069556
51.32	0.069451
51.33	0.069463
51.34	0.06916
51.35	0.069033
51.36	0.069075
51.37	0.069066
51.38	0.069057
51.39	0.06901
51.4	0.069071
51.41	0.06906
51.42	0.069008
51.43	0.069052
51.44	0.069188
51.45	0.069326
51.46	0.06944
51.47	0.069404
51.48	0.06927
51.49	0.069025
51.5	0.068746
51.51	0.068532
51.52	0.068495
51.53	0.068392
51.54	0.068311
51.55	0.068304
51.56	0.068247
51.57	0.068253
51.58	0.068056
51.59	0.067998
51.6	0.067925
51.61	0.067662
51.62	0.067448
51.63	0.067355
51.64	0.067054
51.65	0.066759
51.66	0.066466
51.67	0.066161
51.68	0.065878
51.69	0.065654
51.7	0.0656
51.71	0.065676
51.72	0.065922
51.73	0.06634
51.74	0.066885
51.75	0.067095
51.76	0.067501
51.77	0.068155
51.78	0.068761
51.79	0.069292
51.8	0.069699
51.81	0.070126
51.82	0.070569
51.83	0.07105
51.84	0.071557
51.85	0.072024
51.86	0.072431
51.87	0.072892
51.88	0.073121
51.89	0.073409
51.9	0.073689
51.91	0.074015
51.92	0.074283
51.93	0.074524
51.94	0.074857
51.95	0.075199
51.96	0.075451
51.97	0.075684
51.98	0.076042
51.99	0.076234
52	0.076592
52.01	0.076915
52.02	0.077102
52.03	0.077309
52.04	0.077541
52.05	0.077923
52.06	0.078045
52.07	0.078261
52.08	0.078561
52.09	0.078676
52.1	0.078743
52.11	0.079007
52.12	0.079113
52.13	0.079163
52.14	0.079286
52.15	0.079393
52.16	0.079773
52.17	0.08016
52.18	0.08031
52.19	0.080604
52.2	0.080972
52.21	0.081466
52.22	0.081926
52.23	0.082284
52.24	0.082943
52.25	0.083713
52.26	0.084494
52.27	0.085313
52.28	0.086139
52.29	0.087211
52.3	0.088365
52.31	0.089585
52.32	0.090735
52.33	0.091792
52.34	0.092687
52.35	0.093279
52.36	0.093744
52.37	0.093885
52.38	0.093912
52.39	0.0938
52.4	0.093923
52.41	0.094056
52.42	0.094124
52.43	0.094098
52.44	0.094072
52.45	0.094171
52.46	0.094228
52.47	0.094438
52.48	0.09463
52.49	0.09453
52.5	0.09442
52.51	0.094482
52.52	0.094534
52.53	0.094452
52.54	0.094593
52.55	0.094553
52.56	0.094475
52.57	0.094508
52.58	0.094658
52.59	0.094862
52.6	0.094914
52.61	0.095142
52.62	0.095449
52.63	0.095637
52.64	0.095834
52.65	0.09602
52.66	0.095805
52.67	0.095562
52.68	0.095275
52.69	0.094803
52.7	0.094207
52.71	0.093566
52.72	0.09285
52.73	0.092044
52.74	0.091504
52.75	0.09121
52.76	0.090826
52.77	0.090578
52.78	0.09039
52.79	0.090319
52.8	0.090324
52.81	0.090303
52.82	0.090391
52.83	0.090385
52.84	0.090391
52.85	0.090349
52.86	0.090443
52.87	0.090745
52.88	0.090894
52.89	0.090866
52.9	0.090875
52.91	0.09101
52.92	0.091104
52.93	0.091191
52.94	0.091304
52.95	0.091369
52.96	0.09135
52.97	0.091332
52.98	0.091055
52.99	0.090895
53	0.090813
53.01	0.090888
53.02	0.091009
53.03	0.091188
53.04	0.091364
53.05	0.0914
53.06	0.091402
53.07	0.091456
53.08	0.091517
53.09	0.091576
53.1	0.091918
53.11	0.092293
53.12	0.092893
53.13	0.093597
53.14	0.094466
53.15	0.095336
53.16	0.095821
53.17	0.096502
53.18	0.097173
53.19	0.097831
53.2	0.098423
53.21	0.099084
53.22	0.099629
53.23	0.10017
53.24	0.10101
53.25	0.10186
53.26	0.10264
53.27	0.10348
53.28	0.10416
53.29	0.10489
53.3	0.10545
53.31	0.10593
53.32	0.10638
53.33	0.10664
53.34	0.10689
53.35	0.10723
53.36	0.10752
53.37	0.10795
53.38	0.10834
53.39	0.10877
53.4	0.10936
53.41	0.11003
53.42	0.11086
53.43	0.11141
53.44	0.11195
53.45	0.11241
53.46	0.11278
53.47	0.11304
53.48	0.11288
53.49	0.11302
53.5	0.11322
53.51	0.1135
53.52	0.11373
53.53	0.11397
53.54	0.1141
53.55	0.11404
53.56	0.11388
53.57	0.1136
53.58	0.11336
53.59	0.11307
53.6	0.11285
53.61	0.11252
53.62	0.11223
53.63	0.11201
53.64	0.11187
53.65	0.11142
53.66	0.11108
53.67	0.11059
53.68	0.11005
53.69	0.10938
53.7	0.10885
53.71	0.10867
53.72	0.10859
53.73	0.1085
53.74	0.10861
53.75	0.10866
53.76	0.1086
53.77	0.10851
53.78	0.10861
53.79	0.10856
53.8	0.1084
53.81	0.10839
53.82	0.10833
53.83	0.10814
53.84	0.10802
53.85	0.10814
53.86	0.10831
53.87	0.10872
53.88	0.10904
53.89	0.1093
53.9	0.10942
53.91	0.10939
53.92	0.10932
53.93	0.10948
53.94	0.10965
53.95	0.10969
53.96	0.10982
53.97	0.11002
53.98	0.11047
53.99	0.11082
54	0.11137
54.01	0.11172
54.02	0.11221
54.03	0.11243
54.04	0.11266
54.05	0.11272
54.06	0.11263
54.07	0.1126
54.08	0.11241
54.09	0.11218
54.1	0.11199
54.11	0.11187
54.12	0.11159
54.13	0.11134
54.14	0.11101
54.15	0.11074
54.16	0.11033
54.17	0.10982
54.18	0.10925
54.19	0.10854
54.2	0.10768
54.21	0.10692
54.22	0.10617
54.23	0.10553
54.24	0.10479
54.25	0.10401
54.26	0.10335
54.27	0.10266
54.28	0.10196
54.29	0.10125
54.3	0.10052
54.31	0.099573
54.32	0.098795
54.33	0.097915
54.34	0.096985
54.35	0.09615
54.36	0.095397
54.37	0.094663
54.38	0.093914
54.39	0.093024
54.4	0.092111
54.41	0.091024
54.42	0.089901
54.43	0.088528
54.44	0.08706
54.45	0.085698
54.46	0.084326
54.47	0.083288
54.48	0.082402
54.49	0.08138
54.5	0.080534
54.51	0.079718
54.52	0.078869
54.53	0.078052
54.54	0.077302
54.55	0.076624
54.56	0.075878
54.57	0.075365
54.58	0.074883
54.59	0.074479
54.6	0.074168
54.61	0.073922
54.62	0.073739
54.63	0.073527
54.64	0.073383
54.65	0.073397
54.66	0.073459
54.67	0.073672
54.68	0.073857
54.69	0.074136
54.7	0.074416
54.71	0.074615
54.72	0.074917
54.73	0.075314
54.74	0.075666
54.75	0.075704
54.76	0.075555
54.77	0.075524
54.78	0.075391
54.79	0.075332
54.8	0.075436
54.81	0.075526
54.82	0.075355
54.83	0.075128
54.84	0.075044
54.85	0.075001
54.86	0.074724
54.87	0.074709
54.88	0.074839
54.89	0.074877
54.9	0.074913
54.91	0.074886
54.92	0.075058
54.93	0.075165
54.94	0.075085
54.95	0.075072
54.96	0.075048
54.97	0.074757
54.98	0.074302
54.99	0.073939
55	0.073416
55.01	0.072755
55.02	0.072168
55.03	0.071487
55.04	0.071058
55.05	0.070607
55.06	0.070449
55.07	0.070341
55.08	0.070167
55.09	0.06996
55.1	0.070049
55.11	0.070219
55.12	0.070191
55.13	0.070244
55.14	0.07023
55.15	0.069954
55.16	0.069721
55.17	0.069523
55.18	0.069263
55.19	0.069032
55.2	0.068699
55.21	0.06833
55.22	0.067734
55.23	0.067015
55.24	0.066424
55.25	0.065899
55.26	0.065313
55.27	0.064563
55.28	0.063865
55.29	0.063125
55.3	0.062304
55.31	0.061578
55.32	0.060984
55.33	0.060468
55.34	0.059798
55.35	0.059179
55.36	0.058748
55.37	0.058275
55.38	0.057771
55.39	0.057351
55.4	0.056929
55.41	0.056499
55.42	0.056131
55.43	0.055466
55.44	0.054722
55.45	0.05415
55.46	0.053457
55.47	0.052819
55.48	0.052124
55.49	0.051565
55.5	0.05107
55.51	0.050554
55.52	0.049921
55.53	0.049162
55.54	0.048078
55.55	0.04691
55.56	0.045818
55.57	0.044483
55.58	0.042885
55.59	0.04135
55.6	0.039813
55.61	0.038379
55.62	0.037021
55.63	0.035756
55.64	0.034625
55.65	0.033501
55.66	0.032402
55.67	0.031252
55.68	0.029888
55.69	0.028511
55.7	0.027322
55.71	0.026267
55.72	0.025118
55.73	0.024321
55.74	0.023608
55.75	0.022959
55.76	0.022413
55.77	0.021927
55.78	0.021363
55.79	0.021086
55.8	0.020593
55.81	0.020223
55.82	0.019892
55.83	0.019729
55.84	0.019221
55.85	0.018875
55.86	0.018549
55.87	0.018371
55.88	0.018291
55.89	0.018206
55.9	0.018208
55.91	0.018293
55.92	0.018464
55.93	0.018705
55.94	0.018931
55.95	0.01914
55.96	0.019481
55.97	0.019769
55.98	0.020283
55.99	0.020849
56	0.021376
56.01	0.021919
56.02	0.022302
56.03	0.022551
56.04	0.02298
56.05	0.023317
56.06	0.023792
56.07	0.024255
56.08	0.024623
56.09	0.024926
56.1	0.025095
56.11	0.025463
56.12	0.02583
56.13	0.026192
56.14	0.026483
56.15	0.026835
56.16	0.027184
56.17	0.027393
56.18	0.027604
56.19	0.027989
56.2	0.02843
56.21	0.029112
56.22	0.029921
56.23	0.03082
56.24	0.0317
56.25	0.032705
56.26	0.033775
56.27	0.034881
56.28	0.036009
56.29	0.036887
56.3	0.037754
56.31	0.038437
56.32	0.038967
56.33	0.039419
56.34	0.03982
56.35	0.040059
56.36	0.040288
56.37	0.040292
56.38	0.040374
56.39	0.0405
56.4	0.04062
56.41	0.040583
56.42	0.040544
56.43	0.040466
56.44	0.040229
56.45	0.039822
56.46	0.039437
56.47	0.039313
56.48	0.039165
56.49	0.038988
56.5	0.038825
56.51	0.038569
56.52	0.03827
56.53	0.037824
56.54	0.037351
56.55	0.036862
56.56	0.036358
56.57	0.035675
56.58	0.034794
56.59	0.034042
56.6	0.033579
56.61	0.03316
56.62	0.032774
56.63	0.032268
56.64	0.0319
56.65	0.031468
56.66	0.030899
56.67	0.030231
56.68	0.029598
56.69	0.028883
56.7	0.028149
56.71	0.027534
56.72	0.026897
56.73	0.026423
56.74	0.026082
56.75	0.025661
56.76	0.025068
56.77	0.024539
56.78	0.023918
56.79	0.023214
56.8	0.022411
56.81	0.021798
56.82	0.021098
56.83	0.020397
56.84	0.01986
56.85	0.019383
56.86	0.018866
56.87	0.018258
56.88	0.017716
56.89	0.017031
56.9	0.016358
56.91	0.015787
56.92	0.015293
56.93	0.014591
56.94	0.013685
56.95	0.012684
56.96	0.011818
56.97	0.010894
56.98	0.0098403
56.99	0.0088769
57	0.0078149
57.01	0.0066192
57.02	0.0053246
57.03	0.0040317
57.04	0.0027931
57.05	0.0015764
57.06	0.00036346
57.07	-0.00076544
57.08	-0.0019389
57.09	-0.0029767
57.1	-0.0040508
57.11	-0.0050733
57.12	-0.0061667
57.13	-0.0071871
57.14	-0.0081035
57.15	-0.008975
57.16	-0.0098454
57.17	-0.010474
57.18	-0.011108
57.19	-0.011831
57.2	-0.012747
57.21	-0.013576
57.22	-0.014318
57.23	-0.014904
57.24	-0.015585
57.25	-0.016352
57.26	-0.017073
57.27	-0.017856
57.28	-0.018356
57.29	-0.018859
57.3	-0.018912
57.31	-0.018987
57.32	-0.019094
57.33	-0.019254
57.34	-0.019268
57.35	-0.019268
57.36	-0.019092
57.37	-0.01902
57.38	-0.018874
57.39	-0.018959
57.4	-0.018822
57.41	-0.018688
57.42	-0.018442
57.43	-0.018374
57.44	-0.018293
57.45	-0.017963
57.46	-0.01757
57.47	-0.017147
57.48	-0.016649
57.49	-0.016068
57.5	-0.015652
57.51	-0.015289
57.52	-0.014788
57.53	-0.01413
57.54	-0.013431
57.55	-0.012859
57.56	-0.012424
57.57	-0.012217
57.58	-0.0121
57.59	-0.012078
57.6	-0.012096
57.61	-0.012138
57.62	-0.011988
57.63	-0.0119
57.64	-0.011702
57.65	-0.011398
57.66	-0.011147
57.67	-0.010955
57.68	-0.010728
57.69	-0.010603
57.7	-0.010245
57.71	-0.01004
57.72	-0.0098743
57.73	-0.0096962
57.74	-0.0095494
57.75	-0.0093346
57.76	-0.0091384
57.77	-0.0087979
57.78	-0.0086837
57.79	-0.0084487
57.8	-0.0084898
57.81	-0.0084288
57.82	-0.0085973
57.83	-0.0088026
57.84	-0.0090652
57.85	-0.0093123
57.86	-0.009645
57.87	-0.0099807
57.88	-0.010412
57.89	-0.010761
57.9	-0.010992
57.91	-0.011316
57.92	-0.011744
57.93	-0.012201
57.94	-0.01252
57.95	-0.012763
57.96	-0.012961
57.97	-0.013078
57.98	-0.012997
57.99	-0.013168
58	-0.013385
58.01	-0.013387
58.02	-0.013426
58.03	-0.013375
58.04	-0.013343
58.05	-0.013355
58.06	-0.013552
58.07	-0.01373
58.08	-0.013923
58.09	-0.014052
58.1	-0.014362
58.11	-0.014505
58.12	-0.014637
58.13	-0.014842
58.14	-0.015127
58.15	-0.01523
58.16	-0.015204
58.17	-0.015294
58.18	-0.015731
58.19	-0.016135
58.2	-0.016676
58.21	-0.017285
58.22	-0.018013
58.23	-0.018615
58.24	-0.0192
58.25	-0.019612
58.26	-0.019934
58.27	-0.020237
58.28	-0.020562
58.29	-0.020963
58.3	-0.02138
58.31	-0.02185
58.32	-0.022206
58.33	-0.022618
58.34	-0.023041
58.35	-0.02352
58.36	-0.023872
58.37	-0.024091
58.38	-0.024048
58.39	-0.024097
58.4	-0.024261
58.41	-0.02457
58.42	-0.024841
58.43	-0.025197
58.44	-0.025703
58.45	-0.026073
58.46	-0.026237
58.47	-0.026396
58.48	-0.02646
58.49	-0.026587
58.5	-0.026861
58.51	-0.027137
58.52	-0.027401
58.53	-0.027768
58.54	-0.028171
58.55	-0.028606
58.56	-0.029199
58.57	-0.02983
58.58	-0.030439
58.59	-0.031269
58.6	-0.031875
58.61	-0.03248
58.62	-0.033209
58.63	-0.033972
58.64	-0.034581
58.65	-0.035037
58.66	-0.035434
58.67	-0.035605
58.68	-0.035792
58.69	-0.036047
58.7	-0.036287
58.71	-0.036557
58.72	-0.036868
58.73	-0.037305
58.74	-0.037896
58.75	-0.03858
58.76	-0.039063
58.77	-0.039593
58.78	-0.039964
58.79	-0.040441
58.8	-0.040863
58.81	-0.04136
58.82	-0.041937
58.83	-0.042432
58.84	-0.042948
58.85	-0.043547
58.86	-0.044057
58.87	-0.044826
58.88	-0.045531
58.89	-0.046208
58.9	-0.046895
58.91	-0.047572
58.92	-0.048158
58.93	-0.048803
58.94	-0.049441
58.95	-0.049946
58.96	-0.050269
58.97	-0.050544
58.98	-0.050508
58.99	-0.050561
59	-0.050472
59.01	-0.050357
59.02	-0.050294
59.03	-0.050298
59.04	-0.050443
59.05	-0.050805
59.06	-0.051214
59.07	-0.051612
59.08	-0.051879
59.09	-0.052112
59.1	-0.052275
59.11	-0.05247
59.12	-0.052709
59.13	-0.052854
59.14	-0.052967
59.15	-0.052987
59.16	-0.053024
59.17	-0.053019
59.18	-0.053117
59.19	-0.05326
59.2	-0.053155
59.21	-0.052824
59.22	-0.052429
59.23	-0.052083
59.24	-0.05172
59.25	-0.051293
59.26	-0.050832
59.27	-0.050347
59.28	-0.049752
59.29	-0.049225
59.3	-0.048746
59.31	-0.048314
59.32	-0.047843
59.33	-0.047329
59.34	-0.047073
59.35	-0.046667
59.36	-0.046377
59.37	-0.046337
59.38	-0.046409
59.39	-0.046613
59.4	-0.046712
59.41	-0.046693
59.42	-0.046836
59.43	-0.046859
59.44	-0.046802
59.45	-0.046638
59.46	-0.046475
59.47	-0.046242
59.48	-0.045975
59.49	-0.045514
59.5	-0.045007
59.51	-0.044538
59.52	-0.044105
59.53	-0.043496
59.54	-0.042893
59.55	-0.042134
59.56	-0.041285
59.57	-0.040572
59.58	-0.039848
59.59	-0.039161
59.6	-0.03843
59.61	-0.037611
59.62	-0.036876
59.63	-0.036513
59.64	-0.036097
59.65	-0.035805
59.66	-0.035564
59.67	-0.035309
59.68	-0.035059
59.69	-0.034941
59.7	-0.034567
59.71	-0.034076
59.72	-0.0336
59.73	-0.033175
59.74	-0.032735
59.75	-0.032153
59.76	-0.031673
59.77	-0.031206
59.78	-0.030713
59.79	-0.029962
59.8	-0.029361
59.81	-0.028814
59.82	-0.028322
59.83	-0.027812
59.84	-0.027329
59.85	-0.026861
59.86	-0.026507
59.87	-0.026139
59.88	-0.025943
59.89	-0.025791
59.9	-0.025468
59.91	-0.025373
59.92	-0.0253
59.93	-0.025369
59.94	-0.025336
59.95	-0.025326
59.96	-0.025355
59.97	-0.025483
59.98	-0.025728
59.99	-0.025891
60	-0.025961
60.01	-0.025963
60.02	-0.025887
60.03	-0.025889
60.04	-0.025803
60.05	-0.025579
60.06	-0.025336
60.07	-0.025084
60.08	-0.025007
60.09	-0.0249
60.1	-0.024859
60.11	-0.024839
60.12	-0.025039
60.13	-0.025178
60.14	-0.025315
60.15	-0.025425
60.16	-0.025689
60.17	-0.026056
60.18	-0.026369
60.19	-0.026833
60.2	-0.027272
60.21	-0.027741
60.22	-0.02831
60.23	-0.028862
60.24	-0.029305
60.25	-0.029748
60.26	-0.030286
60.27	-0.030834
60.28	-0.031419
60.29	-0.032088
60.3	-0.032679
60.31	-0.03301
60.32	-0.033457
60.33	-0.033874
60.34	-0.034306
60.35	-0.034823
60.36	-0.035386
60.37	-0.036006
60.38	-0.036628
60.39	-0.037179
60.4	-0.037921
60.41	-0.038761
60.42	-0.039521
60.43	-0.040316
60.44	-0.041053
60.45	-0.041789
60.46	-0.042278
60.47	-0.0428
60.48	-0.043424
60.49	-0.043964
60.5	-0.044442
60.51	-0.044847
60.52	-0.0452
60.53	-0.045507
60.54	-0.045863
60.55	-0.046339
60.56	-0.046758
60.57	-0.047159
60.58	-0.047413
60.59	-0.047693
60.6	-0.048005
60.61	-0.048343
60.62	-0.048749
60.63	-0.049011
60.64	-0.049208
60.65	-0.049511
60.66	-0.049709
60.67	-0.049723
60.68	-0.049901
60.69	-0.050065
60.7	-0.050381
60.71	-0.050718
60.72	-0.050985
60.73	-0.051357
60.74	-0.051662
60.75	-0.051945
60.76	-0.052238
60.77	-0.05252
60.78	-0.052719
60.79	-0.052837
60.8	-0.052919
60.81	-0.053009
60.82	-0.052978
60.83	-0.052893
60.84	-0.05263
60.85	-0.052237
60.86	-0.051908
60.87	-0.05158
60.88	-0.051171
60.89	-0.050835
60.9	-0.050434
60.91	-0.050025
60.92	-0.049542
60.93	-0.049089
60.94	-0.04834
60.95	-0.047533
60.96	-0.046746
60.97	-0.046127
60.98	-0.045616
60.99	-0.045145
61	-0.044448
61.01	-0.043684
61.02	-0.043088
61.03	-0.04237
61.04	-0.041865
61.05	-0.041209
61.06	-0.040468
61.07	-0.039853
61.08	-0.039256
61.09	-0.038617
61.1	-0.038013
61.11	-0.03742
61.12	-0.036881
61.13	-0.036315
61.14	-0.035895
61.15	-0.035583
61.16	-0.035517
61.17	-0.035373
61.18	-0.035165
61.19	-0.034926
61.2	-0.03462
61.21	-0.034382
61.22	-0.034107
61.23	-0.033789
61.24	-0.033524
61.25	-0.033204
61.26	-0.032769
61.27	-0.032449
61.28	-0.032047
61.29	-0.031567
61.3	-0.03088
61.31	-0.030201
61.32	-0.029464
61.33	-0.028774
61.34	-0.027911
61.35	-0.026891
61.36	-0.025907
61.37	-0.024947
61.38	-0.024103
61.39	-0.023238
61.4	-0.022482
61.41	-0.021731
61.42	-0.020916
61.43	-0.02021
61.44	-0.019585
61.45	-0.019071
61.46	-0.018823
61.47	-0.01854
61.48	-0.018117
61.49	-0.017628
61.5	-0.017226
61.51	-0.01684
61.52	-0.016483
61.53	-0.016188
61.54	-0.015862
61.55	-0.015441
61.56	-0.01506
61.57	-0.014586
61.58	-0.01418
61.59	-0.013765
61.6	-0.013187
61.61	-0.012645
61.62	-0.012131
61.63	-0.011696
61.64	-0.011328
61.65	-0.011208
61.66	-0.011031
61.67	-0.010864
61.68	-0.010622
61.69	-0.010237
61.7	-0.010009
61.71	-0.0098347
61.72	-0.0095953
61.73	-0.0094091
61.74	-0.0091115
61.75	-0.0088228
61.76	-0.0087083
61.77	-0.0086023
61.78	-0.0086307
61.79	-0.0087069
61.8	-0.0087026
61.81	-0.00864
61.82	-0.0085278
61.83	-0.0084105
61.84	-0.008263
61.85	-0.0082471
61.86	-0.0080113
61.87	-0.0077249
61.88	-0.007317
61.89	-0.0070594
61.9	-0.0069558
61.91	-0.0068892
61.92	-0.0067608
61.93	-0.0065341
61.94	-0.0060884
61.95	-0.0055803
61.96	-0.0049428
61.97	-0.0043153
61.98	-0.0036173
61.99	-0.0029089
62	-0.0022318
62.01	-0.0016493
62.02	-0.0010937
62.03	-0.00058479
62.04	-0.00013664
62.05	0.00035268
62.06	0.00070165
62.07	0.0010191
62.08	0.0013385
62.09	0.0015482
62.1	0.0015849
62.11	0.0015953
62.12	0.0017749
62.13	0.002089
62.14	0.0023012
62.15	0.0026019
62.16	0.0029752
62.17	0.0033421
62.18	0.0037379
62.19	0.0039248
62.2	0.0042195
62.21	0.0043144
62.22	0.0043851
62.23	0.0043129
62.24	0.0040926
62.25	0.003846
62.26	0.0035436
62.27	0.0032992
62.28	0.0030357
62.29	0.002867
62.3	0.0025842
62.31	0.0023519
62.32	0.0021624
62.33	0.0017943
62.34	0.0013229
62.35	0.0010008
62.36	0.00082038
62.37	0.00084685
62.38	0.00079825
62.39	0.00070407
62.4	0.00057669
62.41	0.00062377
62.42	0.00071093
62.43	0.00087909
62.44	0.0010766
62.45	0.0012152
62.46	0.0013489
62.47	0.0015087
62.48	0.0016958
62.49	0.0019255
62.5	0.0020745
62.51	0.0021529
62.52	0.0021772
62.53	0.0021418
62.54	0.002001
62.55	0.0019634
62.56	0.0020003
62.57	0.0021051
62.58	0.0023176
62.59	0.0024864
62.6	0.0028111
62.61	0.0031159
62.62	0.0034382
62.63	0.0037983
62.64	0.0040643
62.65	0.0042361
62.66	0.0043568
62.67	0.0044779
62.68	0.004694
62.69	0.0048975
62.7	0.004933
62.71	0.0050161
62.72	0.0051733
62.73	0.0050871
62.74	0.0050121
62.75	0.0049892
62.76	0.0050904
62.77	0.005152
62.78	0.0050704
62.79	0.0049114
62.8	0.0048333
62.81	0.0047177
62.82	0.0046011
62.83	0.0045873
62.84	0.00453
62.85	0.0044699
62.86	0.0044656
62.87	0.0044837
62.88	0.0045318
62.89	0.0043679
62.9	0.0043579
62.91	0.0042829
62.92	0.0042084
62.93	0.0039576
62.94	0.0036372
62.95	0.0032194
62.96	0.0026977
62.97	0.0020792
62.98	0.0014568
62.99	0.00099225
63	0.00050914
63.01	3.935e-05
63.02	-0.00039517
63.03	-0.00087198
63.04	-0.0012933
63.05	-0.0015085
63.06	-0.001813
63.07	-0.0021323
63.08	-0.0023879
63.09	-0.002595
63.1	-0.0027273
63.11	-0.0027052
63.12	-0.002679
63.13	-0.002688
63.14	-0.0027895
63.15	-0.0028671
63.16	-0.0028293
63.17	-0.0026359
63.18	-0.0024468
63.19	-0.0022685
63.2	-0.002069
63.21	-0.0019131
63.22	-0.0018304
63.23	-0.0017561
63.24	-0.0017128
63.25	-0.0015015
63.26	-0.0012142
63.27	-0.00093717
63.28	-0.0006066
63.29	-0.00026237
63.3	0.00022315
63.31	0.00063823
63.32	0.00094791
63.33	0.0011586
63.34	0.0014626
63.35	0.0016487
63.36	0.0020388
63.37	0.0023842
63.38	0.0025434
63.39	0.0027383
63.4	0.0028806
63.41	0.0029875
63.42	0.0030979
63.43	0.0032936
63.44	0.0034988
63.45	0.0037088
63.46	0.0039642
63.47	0.0041592
63.48	0.0042644
63.49	0.0044104
63.5	0.0046312
63.51	0.0048625
63.52	0.0050743
63.53	0.0052544
63.54	0.0053691
63.55	0.0055091
63.56	0.0056208
63.57	0.0055179
63.58	0.0052815
63.59	0.0050269
63.6	0.0047717
63.61	0.0043649
63.62	0.003998
63.63	0.0036605
63.64	0.0034326
63.65	0.0033517
63.66	0.0032636
63.67	0.0032464
63.68	0.0032842
63.69	0.0032326
63.7	0.0030725
63.71	0.0029002
63.72	0.0026667
63.73	0.0024577
63.74	0.0023793
63.75	0.0023916
63.76	0.0024464
63.77	0.0025412
63.78	0.0025632
63.79	0.002625
63.8	0.0026109
63.81	0.0026025
63.82	0.0025211
63.83	0.0024996
63.84	0.0025395
63.85	0.0026242
63.86	0.0026997
63.87	0.0026425
63.88	0.002568
63.89	0.0025252
63.9	0.0023685
63.91	0.0023559
63.92	0.0022948
63.93	0.0023606
63.94	0.0024852
63.95	0.0026209
63.96	0.0027862
63.97	0.0028972
63.98	0.0030593
63.99	0.0030957
64	0.0031853
64.01	0.0031981
64.02	0.0032296
64.03	0.0033468
64.04	0.0035569
64.05	0.0038552
64.06	0.0040101
64.07	0.0041604
64.08	0.0042897
64.09	0.0043146
64.1	0.0043071
64.11	0.0042651
64.12	0.0041238
64.13	0.0040752
64.14	0.0040752
64.15	0.0040434
64.16	0.0040058
64.17	0.0040075
64.18	0.0040567
64.19	0.0040317
64.2	0.0042132
64.21	0.004368
64.22	0.0046652
64.23	0.0048851
64.24	0.0052073
64.25	0.0055382
64.26	0.005926
64.27	0.0061891
64.28	0.0063683
64.29	0.0064912
64.3	0.0066156
64.31	0.0066421
64.32	0.0066807
64.33	0.0068105
64.34	0.0069586
64.35	0.0071409
64.36	0.0074037
64.37	0.007704
64.38	0.0078897
64.39	0.0082633
64.4	0.0087706
64.41	0.0093828
64.42	0.0098176
64.43	0.010108
64.44	0.010454
64.45	0.010866
64.46	0.011233
64.47	0.011618
64.48	0.012081
64.49	0.012496
64.5	0.01278
64.51	0.013157
64.52	0.013681
64.53	0.014211
64.54	0.014643
64.55	0.014955
64.56	0.015245
64.57	0.015594
64.58	0.016042
64.59	0.016421
64.6	0.016687
64.61	0.016944
64.62	0.017226
64.63	0.017595
64.64	0.017782
64.65	0.018062
64.66	0.018379
64.67	0.018779
64.68	0.01913
64.69	0.019548
64.7	0.019803
64.71	0.020048
64.72	0.020331
64.73	0.02054
64.74	0.020809
64.75	0.02091
64.76	0.0211
64.77	0.021255
64.78	0.021408
64.79	0.021588
64.8	0.021795
64.81	0.021963
64.82	0.02221
64.83	0.022351
64.84	0.022501
64.85	0.02264
64.86	0.022776
64.87	0.022946
64.88	0.023088
64.89	0.023224
64.9	0.023347
64.91	0.023599
64.92	0.023854
64.93	0.024078
64.94	0.024409
64.95	0.024512
64.96	0.02465
64.97	0.024803
64.98	0.024911
64.99	0.025015
65	0.025041
65.01	0.025054
65.02	0.025096
65.03	0.025232
65.04	0.025375
65.05	0.025513
65.06	0.02559
65.07	0.025608
65.08	0.025759
65.09	0.02591
65.1	0.026129
65.11	0.026303
65.12	0.026364
65.13	0.026332
65.14	0.026388
65.15	0.026369
65.16	0.026366
65.17	0.026411
65.18	0.026516
65.19	0.026594
65.2	0.026603
65.21	0.026598
65.22	0.026598
65.23	0.026505
65.24	0.026391
65.25	0.026217
65.26	0.026011
65.27	0.025738
65.28	0.025534
65.29	0.025563
65.3	0.025757
65.31	0.025904
65.32	0.025934
65.33	0.025971
65.34	0.025955
65.35	0.025872
65.36	0.025785
65.37	0.025602
65.38	0.025375
65.39	0.025092
65.4	0.024712
65.41	0.024246
65.42	0.023861
65.43	0.023507
65.44	0.023223
65.45	0.022856
65.46	0.022581
65.47	0.022374
65.48	0.022262
65.49	0.02214
65.5	0.021872
65.51	0.021683
65.52	0.021405
65.53	0.021107
65.54	0.020869
65.55	0.020732
65.56	0.020743
65.57	0.020846
65.58	0.020883
65.59	0.021039
65.6	0.021128
65.61	0.021212
65.62	0.021299
65.63	0.021394
65.64	0.021396
65.65	0.021355
65.66	0.021212
65.67	0.021098
65.68	0.020992
65.69	0.020874
65.7	0.020826
65.71	0.020831
65.72	0.020793
65.73	0.020718
65.74	0.020612
65.75	0.020533
65.76	0.020361
65.77	0.020291
65.78	0.02018
65.79	0.020176
65.8	0.02017
65.81	0.020252
65.82	0.020415
65.83	0.020546
65.84	0.020567
65.85	0.020516
65.86	0.020431
65.87	0.020231
65.88	0.0201
65.89	0.020026
65.9	0.019938
65.91	0.019905
65.92	0.019851
65.93	0.019809
65.94	0.01978
65.95	0.01971
65.96	0.019719
65.97	0.019719
65.98	0.019731
65.99	0.019676
66	0.019547
66.01	0.019416
66.02	0.019388
66.03	0.019405
66.04	0.019281
66.05	0.01922
66.06	0.019103
66.07	0.019022
66.08	0.018902
66.09	0.018738
66.1	0.018639
66.11	0.018477
66.12	0.018315
66.13	0.018047
66.14	0.017842
66.15	0.017689
66.16	0.01756
66.17	0.017488
66.18	0.017388
66.19	0.017208
66.2	0.0171
66.21	0.016906
66.22	0.016687
66.23	0.016434
66.24	0.016125
66.25	0.015909
66.26	0.015807
66.27	0.015738
66.28	0.015583
66.29	0.015437
66.3	0.015379
66.31	0.01538
66.32	0.015439
66.33	0.015481
66.34	0.015512
66.35	0.015489
66.36	0.015407
66.37	0.015306
66.38	0.015279
66.39	0.015249
66.4	0.015166
66.41	0.015005
66.42	0.014861
66.43	0.014761
66.44	0.0147
66.45	0.01455
66.46	0.014406
66.47	0.014211
66.48	0.013945
66.49	0.013629
66.5	0.013177
66.51	0.0128
66.52	0.012478
66.53	0.012097
66.54	0.011772
66.55	0.011583
66.56	0.011548
66.57	0.011604
66.58	0.01168
66.59	0.011664
66.6	0.011539
66.61	0.011411
66.62	0.011144
66.63	0.01086
66.64	0.010515
66.65	0.010188
66.66	0.0098772
66.67	0.0095476
66.68	0.0092634
66.69	0.0090817
66.7	0.0088958
66.71	0.0087664
66.72	0.0085993
66.73	0.0084437
66.74	0.0083182
66.75	0.0081991
66.76	0.0080237
66.77	0.0078339
66.78	0.0076841
66.79	0.0074531
66.8	0.0073506
66.81	0.0072637
66.82	0.0072532
66.83	0.0073489
66.84	0.007501
66.85	0.0076767
66.86	0.0078983
66.87	0.0081062
66.88	0.0082628
66.89	0.0083473
66.9	0.0084381
66.91	0.0085854
66.92	0.0087506
66.93	0.00881
66.94	0.0088723
66.95	0.0088673
66.96	0.0088471
66.97	0.0087665
66.98	0.0087167
66.99	0.0087098
67	0.0086966
67.01	0.0087318
67.02	0.0086494
67.03	0.0086354
67.04	0.0086096
67.05	0.0086611
67.06	0.0088453
67.07	0.0090843
67.08	0.0093413
67.09	0.0095634
67.1	0.0098181
67.11	0.010101
67.12	0.010403
67.13	0.010609
67.14	0.010719
67.15	0.010936
67.16	0.011161
67.17	0.011297
67.18	0.011319
67.19	0.011394
67.2	0.011503
67.21	0.01158
67.22	0.011577
67.23	0.011611
67.24	0.011622
67.25	0.011691
67.26	0.011838
67.27	0.012026
67.28	0.01227
67.29	0.012541
67.3	0.012786
67.31	0.012967
67.32	0.01319
67.33	0.013351
67.34	0.013544
67.35	0.013656
67.36	0.01379
67.37	0.01393
67.38	0.014051
67.39	0.01406
67.4	0.014124
67.41	0.014199
67.42	0.014243
67.43	0.01428
67.44	0.014212
67.45	0.014155
67.46	0.014142
67.47	0.014042
67.48	0.01397
67.49	0.013892
67.5	0.013833
67.51	0.013788
67.52	0.013827
67.53	0.013956
67.54	0.014149
67.55	0.014358
67.56	0.014653
67.57	0.014924
67.58	0.015228
67.59	0.015435
67.6	0.015719
67.61	0.01592
67.62	0.015976
67.63	0.015932
67.64	0.01582
67.65	0.015744
67.66	0.01568
67.67	0.015667
67.68	0.015736
67.69	0.01573
67.7	0.015737
67.71	0.015796
67.72	0.015786
67.73	0.015726
67.74	0.015686
67.75	0.01559
67.76	0.015351
67.77	0.015111
67.78	0.014903
67.79	0.01477
67.8	0.01464
67.81	0.014416
67.82	0.014231
67.83	0.01404
67.84	0.013875
67.85	0.013674
67.86	0.013424
67.87	0.013097
67.88	0.012776
67.89	0.012357
67.9	0.01196
67.91	0.011628
67.92	0.011314
67.93	0.010993
67.94	0.010578
67.95	0.01017
67.96	0.0098142
67.97	0.0094161
67.98	0.0089855
67.99	0.008568
68	0.008205
68.01	0.0079252
68.02	0.0076046
68.03	0.007358
68.04	0.0071569
68.05	0.0069071
68.06	0.0066146
68.07	0.0062899
68.08	0.0059021
68.09	0.0055381
68.1	0.0051488
68.11	0.0048423
68.12	0.0045009
68.13	0.0041835
68.14	0.0037916
68.15	0.0033372
68.16	0.0028839
68.17	0.0024503
68.18	0.0020293
68.19	0.0016296
68.2	0.0011508
68.21	0.00072139
68.22	0.00026096
68.23	-0.00024483
68.24	-0.00079318
68.25	-0.0012813
68.26	-0.0017588
68.27	-0.0023316
68.28	-0.0030221
68.29	-0.0035879
68.3	-0.0041018
68.31	-0.004599
68.32	-0.0051046
68.33	-0.0054873
68.34	-0.005822
68.35	-0.0061102
68.36	-0.0063109
68.37	-0.0065066
68.38	-0.0067228
68.39	-0.006998
68.4	-0.0072594
68.41	-0.0074633
68.42	-0.0076446
68.43	-0.0078017
68.44	-0.0079024
68.45	-0.0080874
68.46	-0.008269
68.47	-0.0085179
68.48	-0.0087805
68.49	-0.0090972
68.5	-0.0094276
68.51	-0.0097128
68.52	-0.0099848
68.53	-0.010297
68.54	-0.010564
68.55	-0.010779
68.56	-0.010934
68.57	-0.011121
68.58	-0.011323
68.59	-0.011409
68.6	-0.011521
68.61	-0.011606
68.62	-0.011642
68.63	-0.011609
68.64	-0.011616
68.65	-0.011665
68.66	-0.011803
68.67	-0.011928
68.68	-0.012016
68.69	-0.01212
68.7	-0.012229
68.71	-0.012325
68.72	-0.012466
68.73	-0.012677
68.74	-0.012824
68.75	-0.012987
68.76	-0.013082
68.77	-0.013144
68.78	-0.013125
68.79	-0.013118
68.8	-0.013109
68.81	-0.013116
68.82	-0.013107
68.83	-0.013047
68.84	-0.012941
68.85	-0.012817
68.86	-0.012703
68.87	-0.012533
68.88	-0.012315
68.89	-0.012007
68.9	-0.01172
68.91	-0.011444
68.92	-0.011126
68.93	-0.010822
68.94	-0.010534
68.95	-0.010288
68.96	-0.010071
68.97	-0.0098142
68.98	-0.0095519
68.99	-0.0093492
69	-0.0091491
69.01	-0.0089755
69.02	-0.0087681
69.03	-0.0085087
69.04	-0.0082085
69.05	-0.0079125
69.06	-0.0076519
69.07	-0.0074506
69.08	-0.0072183
69.09	-0.0069537
69.1	-0.006711
69.11	-0.0064688
69.12	-0.0062814
69.13	-0.0060252
69.14	-0.0057713
69.15	-0.0055901
69.16	-0.0054058
69.17	-0.0051132
69.18	-0.0048145
69.19	-0.0044965
69.2	-0.0041879
69.21	-0.0039003
69.22	-0.0036928
69.23	-0.0034666
69.24	-0.0032862
69.25	-0.0030868
69.26	-0.0029141
69.27	-0.0027989
69.28	-0.0026917
69.29	-0.0025643
69.3	-0.0024157
69.31	-0.0023089
69.32	-0.0021923
69.33	-0.0021371
69.34	-0.0021186
69.35	-0.0021266
69.36	-0.0021207
69.37	-0.0021114
69.38	-0.0021138
69.39	-0.0021154
69.4	-0.0021273
69.41	-0.0021371
69.42	-0.0021458
69.43	-0.0021048
69.44	-0.0019757
69.45	-0.0018057
69.46	-0.0015844
69.47	-0.0013315
69.48	-0.0010755
69.49	-0.00086147
69.5	-0.00070835
69.51	-0.0005887
69.52	-0.00047192
69.53	-0.0003848
69.54	-0.00035961
69.55	-0.00035741
69.56	-0.00032094
69.57	-0.00026806
69.58	-0.0001868
69.59	-8.553e-05
69.6	1.4979e-05
69.61	9.3641e-05
69.62	0.0001116
69.63	0.00015633
69.64	0.00024572
69.65	0.00037171
69.66	0.00045234
69.67	0.00051667
69.68	0.00052615
69.69	0.00053509
69.7	0.00055627
69.71	0.00055816
69.72	0.00058593
69.73	0.00059262
69.74	0.00054064
69.75	0.00044933
69.76	0.00038068
69.77	0.00037758
69.78	0.00035354
69.79	0.0003135
69.8	0.00020373
69.81	0.00010496
69.82	4.3914e-06
69.83	-0.00012805
69.84	-0.00020007
69.85	-0.00025802
69.86	-0.00029948
69.87	-0.00036601
69.88	-0.00040082
69.89	-0.00038855
69.9	-0.00035678
69.91	-0.0003546
69.92	-0.00030689
69.93	-0.00026753
69.94	-0.00023952
69.95	-0.00019918
69.96	-0.00015872
69.97	-9.4079e-05
69.98	-4.8513e-05
69.99	-3.3599e-05
