0.80366	1.0307
0.80088	1.0307
0.79998	1.0276
0.80343	1.0258
0.8049	1.0207
0.80439	1.027
0.80489	1.0311
0.81141	1.0304
0.81185	1.0293
0.81049	1.0294
0.81121	1.0312
0.80925	1.0318
0.80808	1.0321
0.80738	1.0321
0.80879	1.0317
0.80717	1.0291
0.81199	1.0236
0.8091	1.0237
0.8064	1.0263
0.81196	1.0282
0.80905	1.0303
0.80733	1.0315
0.80404	1.0327
0.80628	1.0343
0.8058	1.0338
0.8105	1.0373
0.80932	1.0385
0.8129	1.0443
0.81295	1.0431
0.81613	1.0466
0.80606	1.0458
0.80368	1.0403
0.80502	1.04
0.80221	1.0361
0.80279	1.0372
0.80014	1.0378
0.80021	1.0413
0.79698	1.0457
0.79817	1.0402
0.79957	1.0392
0.80126	1.0385
0.80327	1.0335
0.80305	1.0329
0.80622	1.0332
0.80651	1.0283
0.80917	1.0272
0.80856	1.0245
0.81067	1.0232
0.81046	1.0253
0.81503	1.0286
0.81764	1.0262
0.81782	1.0239
0.815	1.0246
0.81936	1.0278
0.82137	1.0252
0.82026	1.0263
0.82136	1.0281
0.82321	1.0241
0.82016	1.0303
0.81874	1.0315
0.82216	1.0301
0.82132	1.0321
0.82049	1.0356
0.81571	1.0288
0.82018	1.0292
0.82	1.0238
0.8182	1.0222
0.8189	1.0214
0.81946	1.0232
0.81585	1.0172
0.81689	1.0155
0.81387	1.0193
0.81367	1.0166
0.81931	1.0186
0.81928	1.0215
0.81527	1.017
0.8143	1.0177
0.81487	1.0182
0.81511	1.0163
0.81344	1.0219
0.81364	1.025
0.81054	1.0253
0.81108	1.0271
0.81408	1.0267
0.81124	1.0269
0.81012	1.0246
0.80943	1.0279
0.81032	1.0299
0.81022	1.0254
0.80862	1.0197
0.8062	1.016
0.80751	1.0172
0.80596	1.0191
0.80909	1.0198
0.80015	1.0216
0.80068	1.0175
0.79637	1.0229
0.80118	1.0235
0.80013	1.0197
0.80258	1.02
0.79658	1.0227
0.79561	1.0224
0.79659	1.0242
0.79494	1.0241
0.79391	1.0282
0.79294	1.0267
0.79229	1.0257
0.79202	1.024
0.78915	1.0303
0.78992	1.0282
0.78969	1.0291
0.7858	1.0319
0.78848	1.0241
0.79004	1.0282
0.79236	1.0275
0.7929	1.0252
0.79269	1.0252
0.79414	1.0243
0.7911	1.0229
0.79479	1.0271
0.79893	1.033
0.79224	1.0338
0.79689	1.0302
0.79699	1.0311
0.79696	1.0306
0.79619	1.0273
0.79781	1.0235
0.79949	1.0247
0.80396	1.0259
0.80185	1.0287
0.79663	1.0315
0.80493	1.03
0.80256	1.0289
0.80034	1.0346
0.80445	1.0372
0.80547	1.0356
0.80322	1.036
0.8052	1.0353
0.80561	1.0414
0.80567	1.0391
0.8125	1.0437
0.81773	1.046
0.8203	1.0485
0.81877	1.0454
0.81981	1.0355
0.81262	1.0382
0.81154	1.0385
0.81299	1.0358
0.81625	1.0369
0.81375	1.0337
0.81359	1.031
0.8148	1.032
0.80854	1.0354
0.80369	1.0354
0.80224	1.0347
0.80057	1.0336
0.80174	1.0313
0.79954	1.0303
0.8008	1.0345
0.80215	1.0362
0.79847	1.0343
0.79888	1.0351
0.79848	1.0352
0.79587	1.0367
0.79392	1.0424
0.79596	1.0427
0.79957	1.0402
0.80011	1.0429
0.8058	1.043
0.7989	1.0416
0.80082	1.0451
0.79568	1.0421
0.79719	1.0405
0.79759	1.0434
0.79537	1.0393
0.79628	1.0379
0.79796	1.0383
0.80239	1.0432
0.80252	1.0395
0.80167	1.0404
0.80148	1.0439
0.8011	1.0454
0.80416	1.0466
0.80107	1.0475
0.80753	1.045
0.80671	1.0436
0.80946	1.0416
0.80532	1.0398
0.79967	1.0384
0.80011	1.0334
0.80228	1.0311
0.79827	1.0322
0.79796	1.0384
0.80016	1.0405
0.79773	1.0407
0.80206	1.0423
0.8054	1.043
0.80474	1.0472
0.80661	1.0432
0.80635	1.0442
0.80584	1.0486
0.80565	1.0512
0.80555	1.0489
0.80402	1.0479
0.80398	1.0439
0.80451	1.0449
0.80543	1.0431
0.81025	1.0436
0.81025	1.0423
0.80899	1.0411
0.80306	1.0509
0.8044	1.0478
0.80182	1.0477
0.80103	1.045
0.79926	1.043
0.79862	1.0431
0.80223	1.041
0.80141	1.0328
0.80195	1.0335
0.79651	1.0316
0.79177	1.0306
0.79161	1.0313
0.79065	1.0303
0.79085	1.0324
0.79201	1.0373
0.79446	1.0391
0.79776	1.0388
0.79707	1.0402
0.79618	1.0402
0.7972	1.0368
0.79503	1.0396
0.79521	1.0384
0.79317	1.0411
0.79232	1.043
0.79095	1.0378
0.78869	1.0394
0.7895	1.0406
0.79427	1.0414
0.79945	1.0381
0.7926	1.041
0.79058	1.0462
0.78882	1.0445
0.78516	1.0435
0.78255	1.0417
0.78458	1.0383
0.78528	1.04
0.78397	1.0359
0.78182	1.0384
0.78209	1.0348
0.78121	1.0369
0.77686	1.0433
0.77502	1.0404
0.76489	1.0399
0.76387	1.0392
0.76305	1.0335
0.7584	1.0377
0.75772	1.0382
0.76011	1.039
0.76182	1.0417
0.76328	1.0442
0.76305	1.0452
0.76329	1.0501
0.76194	1.0502
0.76598	1.0522
0.76161	1.052
0.76664	1.0535
0.76654	1.0521
0.77671	1.0516
0.77539	1.0537
0.77718	1.0573
0.78093	1.062
0.77764	1.0609
0.77802	1.0603
0.77626	1.0587
0.77623	1.0571
0.78146	1.0515
0.7779	1.0558
0.77993	1.0543
0.7805	1.0528
0.78099	1.052
0.78023	1.0462
0.77806	1.0442
0.77889	1.0418
0.77874	1.0411
0.77618	1.0465
0.77801	1.0525
0.77978	1.053
0.7779	1.0616
0.77594	1.0603
0.7756	1.06
0.77546	1.0638
0.77471	1.0605
0.77209	1.0555
0.77213	1.0512
0.77449	1.0491
0.7746	1.0482
0.77731	1.0455
0.77749	1.0401
0.77948	1.0411
0.78134	1.0354
0.78168	1.0367
0.78384	1.0348
0.78158	1.0373
0.78028	1.0353
0.78003	1.0349
0.77806	1.0344
0.77434	1.0341
0.77406	1.0325
0.77996	1.0262
0.77257	1.0226
0.77298	1.026
0.7706	1.0267
0.76987	1.0208
0.76914	1.0222
0.76423	1.0265
0.76863	1.0243
0.76674	1.0249
0.76722	1.0252
0.76641	1.03
0.77225	1.0275
0.77134	1.0316
0.77159	1.026
0.7724	1.03
0.77247	1.0349
0.77421	1.0394
0.77259	1.0407
0.77811	1.0434
0.77776	1.0456
0.77762	1.0476
0.77694	1.0478
0.77765	1.0485
0.77998	1.0478
0.78387	1.0458
0.78502	1.0444
0.78732	1.0421
0.78107	1.0453
0.77851	1.0451
0.7713	1.0475
0.77576	1.0521
0.77101	1.0509
0.77451	1.0512
0.77209	1.0503
0.77391	1.0462
0.77966	1.0427
0.78198	1.041
0.78195	1.0438
0.78518	1.0435
0.78571	1.0444
0.78804	1.0486
0.78748	1.0433
0.78673	1.0441
0.78813	1.0426
0.79164	1.0374
0.7889	1.0359
0.78945	1.0384
0.7865	1.036
0.78563	1.0362
0.78787	1.036
0.78611	1.0314
0.7842	1.027
0.78404	1.0287
0.78283	1.0301
0.78313	1.0269
0.79093	1.0251
0.79333	1.0215
0.79362	1.0194
0.79364	1.0133
0.79245	1.0125
0.79408	1.0163
0.79122	1.0178
0.78609	1.0193
0.78752	1.02
0.78416	1.0223
0.78433	1.0225
0.78677	1.0212
0.78587	1.0228
0.78692	1.0247
0.7876	1.0223
0.78714	1.023
0.78743	1.0213
0.79171	1.0217
0.79154	1.0247
0.79009	1.0257
0.78927	1.0154
0.78478	1.0168
0.78509	1.0201
0.78641	1.0188
0.78636	1.0176
0.7837	1.0227
0.78561	1.0251
0.78885	1.0294
0.78993	1.0329
0.79155	1.0315
0.78813	1.0297
0.78277	1.0283
0.78127	1.0333
0.78068	1.0391
0.78243	1.0368
0.78243	1.0371
0.77966	1.0381
0.7777	1.0369
0.77578	1.037
0.77535	1.0438
0.77079	1.0486
0.77329	1.0515
0.77288	1.0465
0.77236	1.0492
0.76676	1.0505
0.76718	1.0535
0.76727	1.0497
0.7663	1.0519
0.75677	1.0512
0.76092	1.0498
0.76044	1.0518
0.75473	1.0527
0.74988	1.0521
0.7466	1.0491
0.74915	1.0557
0.75245	1.0538
0.75445	1.0548
0.75373	1.054
0.7616	1.0566
0.75698	1.0568
0.76058	1.0527
0.75476	1.0511
0.75383	1.0538
0.7555	1.054
0.76075	1.0539
0.76366	1.0516
0.76361	1.0567
0.76423	1.0521
0.75882	1.049
0.75916	1.0524
0.75727	1.0561
0.75674	1.0566
0.76114	1.0579
0.76147	1.0541
0.76142	1.0573
0.7589	1.0562
0.75803	1.0595
0.76015	1.0635
0.75611	1.0676
0.75696	1.0688
0.75516	1.07
0.75085	1.0745
0.75394	1.0693
0.75233	1.0693
0.7473	1.0703
0.74965	1.07
0.75275	1.0653
0.75121	1.0653
0.75112	1.0666
0.75499	1.0731
0.7575	1.0772
0.75992	1.0795
0.75649	1.0802
0.75433	1.0754
0.75107	1.075
0.75125	1.0776
0.75838	1.0762
0.76469	1.0757
0.76808	1.0686
0.7679	1.0669
0.77136	1.0643
0.77174	1.0604
0.77266	1.0677
0.77151	1.0655
0.77464	1.0659
0.77913	1.0601
0.78282	1.0603
0.78854	1.0612
0.79101	1.063
0.78322	1.0605
0.78168	1.0572
0.78066	1.0538
0.78144	1.0534
0.78251	1.0557
0.7854	1.0619
0.78328	1.0562
0.78295	1.0506
0.78729	1.0491
0.78459	1.0495
0.78035	1.0467
0.7757	1.0548
0.77621	1.0567
0.77642	1.0605
0.77668	1.0602
0.77484	1.0614
0.77855	1.0581
0.7782	1.0561
0.77515	1.0517
0.77025	1.0508
0.76846	1.0505
0.77514	1.0475
0.77445	1.0488
0.77589	1.046
0.77938	1.0473
0.77693	1.0468
0.775	1.0492
0.77271	1.0473
0.77163	1.0438
0.77102	1.0478
0.76887	1.0413
0.76941	1.0394
0.76713	1.0417
0.76892	1.0455
0.76484	1.0474
0.76119	1.0474
0.75669	1.0491
0.7558	1.0496
0.75562	1.0507
0.75417	1.0522
0.75677	1.0484
0.7597	1.044
0.76143	1.0403
0.76289	1.0402
0.76247	1.0382
0.76076	1.0367
0.76154	1.0457
0.76371	1.0434
0.7629	1.0393
0.75906	1.0418
0.76004	1.0419
0.76233	1.0417
0.76375	1.0469
0.76678	1.0497
0.76625	1.0522
0.76666	1.0515
0.76478	1.0494
0.76537	1.0534
0.76173	1.0566
0.76355	1.0574
0.76329	1.062
0.7588	1.0682
0.76031	1.0655
0.7562	1.0644
0.75687	1.0646
0.76203	1.0597
0.76126	1.061
0.76121	1.06
0.76782	1.0593
0.76934	1.0538
0.76661	1.0526
0.76985	1.0616
0.77341	1.0626
0.77149	1.0621
0.76884	1.0585
0.77342	1.0571
0.77217	1.0553
0.77551	1.0565
0.77469	1.0611
0.77457	1.0629
0.77882	1.0621
0.77612	1.0558
0.77527	1.0536
0.77345	1.059
0.76298	1.0629
0.76095	1.0644
0.76422	1.0637
0.76628	1.0644
0.76862	1.0596
0.76696	1.06
0.76299	1.0594
0.76522	1.0607
0.75731	1.0594
0.75148	1.0634
0.75365	1.0619
0.74606	1.0577
0.74989	1.0583
0.75243	1.0589
0.75601	1.0561
0.75559	1.0555
0.7603	1.0527
0.76276	1.0477
0.76357	1.0502
0.76512	1.0537
0.76915	1.0531
0.76766	1.059
0.76658	1.0575
0.76686	1.0573
0.76912	1.0589
0.76692	1.0608
0.7634	1.0601
0.76361	1.0604
0.7669	1.0586
0.76978	1.0548
0.77361	1.0562
0.77224	1.0535
0.76878	1.05
0.76573	1.0529
0.76109	1.05
0.76676	1.0476
0.76648	1.05
0.7679	1.052
0.76485	1.0548
0.76139	1.0598
0.75776	1.06
0.75764	1.0585
0.75215	1.0582
0.75133	1.0611
0.75296	1.0601
0.75255	1.0622
0.75078	1.0607
0.75661	1.0603
0.76317	1.0656
0.76122	1.0606
0.76315	1.0585
0.75838	1.0649
0.75973	1.0674
0.76061	1.0672
0.76182	1.0646
0.76571	1.0645
0.763	1.0745
0.75936	1.075
0.76017	1.0751
0.75758	1.0771
0.75073	1.0734
0.75182	1.075
0.75847	1.0775
0.76103	1.0805
0.76493	1.0798
0.76351	1.0796
0.76132	1.0811
0.76559	1.0782
0.76523	1.0798
0.76814	1.0791
0.76439	1.0767
0.76118	1.0691
0.76378	1.0708
0.76309	1.0733
0.76593	1.0676
0.7681	1.07
0.77149	1.0686
0.76922	1.0693
0.7666	1.0698
0.76417	1.0711
0.76036	1.0686
0.75218	1.0658
0.75234	1.0646
0.75037	1.0566
0.75093	1.0547
0.74714	1.0501
0.74885	1.0468
0.74829	1.0439
0.7464	1.0406
0.74757	1.0429
0.74627	1.0471
0.7479	1.048
0.74876	1.0472
0.75224	1.0451
0.74893	1.0483
0.75176	1.0483
0.75455	1.0462
0.75301	1.041
0.75602	1.0361
0.75647	1.0362
0.75857	1.0339
0.75461	1.0294
0.74927	1.0284
0.74897	1.0253
0.74821	1.0251
0.74744	1.0243
0.75368	1.0237
0.75809	1.0179
0.75778	1.0144
0.76176	1.0157
0.76314	1.0171
0.7609	1.0146
0.76511	1.0153
0.76479	1.0184
0.76533	1.0181
0.76544	1.0188
0.77305	1.0164
0.77756	1.016
0.77787	1.0156
0.78035	1.0145
0.78489	1.0168
0.78621	1.018
0.78691	1.0093
0.79214	1.0131
0.79736	1.0052
0.7966	1.002
0.79606	1.0043
0.79851	1.0068
0.79759	1.0086
0.79903	1.0082
0.79132	1.0113
0.79501	1.0127
0.799	1.0065
0.79608	1.0067
0.78878	1.0043
0.79085	1.002
0.79201	0.99976
0.79243	0.998
0.79904	0.99647
0.79963	1.0021
0.79646	0.9983
0.79236	0.99868
0.7938	1.0025
0.79843	1.0024
0.79708	1.0009
0.80173	0.99751
0.79714	1.0041
0.79555	1.0072
0.79186	1.0088
0.79388	1.0063
0.79601	1.0095
0.79001	1.0105
0.78961	1.0089
0.78743	1.007
0.78789	1.0081
0.78836	1.0074
0.78582	1.0091
0.78402	1.0105
0.7876	1.0063
0.78294	1.0043
0.78292	1.0088
0.78599	1.0099
0.78341	1.006
0.78338	1.0032
0.78524	0.99764
0.79023	0.99915
0.79517	0.99658
0.79481	0.99696
0.7922	0.99781
0.79379	1.0053
0.79359	1.012
0.79356	1.0142
0.798	1.0149
0.79695	1.0105
0.79358	1.0109
0.79662	1.0117
0.7961	1.0137
0.79281	1.0145
0.79258	1.0172
0.79806	1.0174
0.79888	1.0214
0.79848	1.023
0.79678	1.0266
0.80243	1.0226
0.80545	1.0249
0.80789	1.024
0.80879	1.0336
0.80515	1.0319
0.79921	1.0325
0.80031	1.0397
0.80692	1.0422
0.80569	1.0453
0.80112	1.0491
0.80337	1.0512
0.80131	1.0515
0.79693	1.0542
0.79921	1.0539
0.79527	1.0514
0.79454	1.0544
0.79538	1.0537
0.78594	1.0506
0.78511	1.0481
0.78482	1.0486
0.78335	1.0515
0.78399	1.0526
0.78143	1.0503
0.77323	1.0446
0.77387	1.0419
0.77084	1.0396
0.7764	1.0434
0.77468	1.0433
0.77466	1.0396
0.77287	1.0346
0.77441	1.0358
0.77652	1.0344
0.77559	1.0381
0.78055	1.035
0.7805	1.0356
0.78014	1.0349
0.78178	1.0322
0.78452	1.033
0.78477	1.0349
0.78617	1.035
0.79321	1.0334
0.79159	1.0392
0.79051	1.0364
0.78905	1.0374
0.79028	1.0347
0.79432	1.0348
0.79872	1.0346
0.79754	1.0419
0.80081	1.0454
0.80467	1.0451
0.80486	1.0434
0.80398	1.0444
0.80484	1.046
0.80182	1.045
0.79775	1.047
0.80124	1.0437
0.8041	1.0487
0.80019	1.0456
0.79915	1.0423
0.7924	1.0424
0.7895	1.0398
0.79028	1.0371
0.79115	1.0393
0.78896	1.0351
0.7897	1.0361
0.79199	1.0382
0.79374	1.0407
0.79673	1.0399
0.80034	1.0406
0.79522	1.0424
0.78582	1.0442
0.78764	1.0405
0.79412	1.0423
0.78967	1.0449
0.78799	1.0457
0.78557	1.0461
0.78644	1.0452
0.78822	1.0377
0.79341	1.032
0.79156	1.031
0.79288	1.0281
0.7961	1.0227
0.79568	1.0235
0.80112	1.0167
0.80797	1.0143
0.80517	1.0149
0.81182	1.0191
0.81735	1.0244
0.81725	1.0242
0.8201	1.0259
0.82107	1.033
0.81955	1.0304
0.81965	1.0301
0.81929	1.0285
0.82352	1.0247
0.82214	1.0285
0.82234	1.0343
0.82562	1.0352
0.82586	1.0375
0.82172	1.0375
0.82376	1.0312
0.8197	1.0326
0.82207	1.0313
0.81916	1.0292
0.8221	1.0283
0.81957	1.0325
0.81933	1.0294
0.81618	1.0327
0.81206	1.0325
0.8049	1.0339
0.80084	1.029
0.79986	1.0309
0.79925	1.0251
0.79782	1.0252
0.79797	1.0281
0.79973	1.0246
0.79835	1.0246
0.79408	1.026
0.79044	1.0249
0.78584	1.0221
0.78234	1.023
0.78199	1.0192
0.77882	1.0243
0.77843	1.0255
0.78295	1.0226
0.78605	1.03
0.7839	1.0239
0.78635	1.0185
0.78665	1.019
0.78579	1.0174
0.79174	1.0243
0.78634	1.0294
0.78382	1.0281
0.7826	1.0221
0.78187	1.0192
0.78127	1.0191
0.77656	1.0184
0.77345	1.0183
0.77458	1.0175
0.76953	1.0141
0.77315	1.0175
0.77244	1.0154
0.76906	1.0182
0.76806	1.02
0.7672	1.0206
0.76209	1.0243
0.76574	1.0255
0.75968	1.0298
0.75816	1.0319
0.76182	1.0303
0.76528	1.0307
0.76905	1.0288
0.77277	1.0281
0.7697	1.0293
0.77148	1.0314
0.7704	1.0287
0.77084	1.0294
0.76199	1.0341
0.7621	1.0351
0.76181	1.0325
0.7643	1.0346
0.76321	1.0281
0.76639	1.0273
0.76591	1.0235
0.76882	1.0142
0.76503	1.0134
0.76485	1.0137
0.76927	1.0173
0.77532	1.0182
0.77574	1.0252
0.77528	1.0247
0.78011	1.0201
0.77328	1.0169
0.77687	1.0228
0.77381	1.0203
0.77665	1.0242
0.77286	1.0257
0.7779	1.0224
0.77957	1.0199
0.77538	1.017
0.77279	1.0185
0.76587	1.015
0.7659	1.0205
0.77058	1.0178
0.76765	1.0188
0.76995	1.0266
0.76904	1.0224
0.76915	1.0212
0.77076	1.0176
0.77657	1.0215
0.77399	1.0181
0.77624	1.0186
0.77827	1.0168
0.7846	1.0183
0.78048	1.0197
0.78301	1.0175
0.78488	1.0193
0.78619	1.0204
0.78551	1.0202
0.78443	1.0244
0.78814	1.0249
0.78486	1.0268
0.78565	1.0251
0.78762	1.0276
0.78549	1.024
0.78326	1.0253
0.78099	1.0286
0.7805	1.025
0.78164	1.0256
0.77931	1.0252
0.77499	1.0232
0.77054	1.0269
0.7697	1.0223
0.77098	1.0195
0.7691	1.0243
0.76706	1.0229
0.76547	1.0208
0.76633	1.0142
0.76699	1.0189
0.76486	1.0178
0.76692	1.0182
0.77413	1.0153
0.7733	1.0156
0.76984	1.0147
0.76981	1.0149
0.76838	1.0177
0.76994	1.0135
0.77244	1.0162
0.77301	1.0182
0.77023	1.0226
0.77108	1.0213
0.78024	1.0215
0.78135	1.0242
0.78328	1.0295
0.78054	1.0342
0.781	1.0312
0.78401	1.0299
0.78713	1.0293
0.78682	1.0306
0.79198	1.0252
0.79758	1.0259
0.80698	1.0257
0.8036	1.0222
0.79785	1.0272
0.80045	1.0247
0.79994	1.0277
0.79811	1.0297
0.7926	1.0403
0.78862	1.0362
0.78528	1.0347
0.78607	1.0386
0.78301	1.0362
0.77865	1.0332
0.77197	1.031
0.77436	1.0321
0.77266	1.0324
0.77155	1.034
0.77385	1.0314
0.77224	1.0374
0.76744	1.0443
0.76248	1.0486
0.76895	1.0507
0.77462	1.048
0.77021	1.0543
0.7673	1.0557
0.76743	1.0561
0.76644	1.0634
0.77038	1.0656
0.77299	1.0639
0.77348	1.0654
0.77559	1.0667
0.77518	1.0678
0.77634	1.0616
0.77556	1.0648
0.77374	1.0667
0.77166	1.0631
0.77391	1.058
0.77035	1.0585
0.77268	1.06
0.77662	1.0577
0.78456	1.0495
0.78432	1.0499
0.78611	1.0507
0.78355	1.0525
0.78519	1.0514
0.7856	1.0502
0.78655	1.0485
0.78567	1.0466
0.78656	1.0442
0.78594	1.0442
0.78416	1.0425
0.78655	1.0424
0.78726	1.0433
0.78414	1.0458
0.78855	1.052
0.78346	1.0495
0.78267	1.0472
0.78324	1.045
0.78405	1.0413
0.78422	1.0417
0.78141	1.0433
0.78037	1.0405
0.77085	1.0364
0.77113	1.0397
0.77441	1.0378
0.77594	1.0366
0.77758	1.0365
0.77655	1.036
0.77786	1.0407
0.77733	1.0372
0.77707	1.0383
0.77608	1.0426
0.77699	1.0432
0.77904	1.0385
0.77925	1.0358
0.77766	1.0338
0.78425	1.0321
0.78351	1.032
0.78049	1.0276
0.77825	1.0309
0.78143	1.0263
0.77758	1.0312
0.77563	1.0396
0.77386	1.0435
0.77349	1.0422
0.77227	1.0454
0.77517	1.045
0.77831	1.0455
0.7835	1.0457
0.78507	1.0494
0.78494	1.0554
0.7835	1.0513
0.78405	1.0512
0.78415	1.0547
0.78359	1.0495
0.78309	1.0456
0.78062	1.0411
0.78308	1.0431
0.78137	1.0448
0.78533	1.0448
0.78836	1.0444
0.78903	1.0453
0.79434	1.0419
0.79262	1.0475
0.78865	1.0434
0.78815	1.0413
0.78975	1.0469
0.7876	1.0475
0.78617	1.0481
0.78421	1.0496
0.78999	1.0488
0.78806	1.0527
0.79249	1.0545
0.78906	1.0555
0.7836	1.0541
0.7802	1.0522
0.77611	1.0486
0.77253	1.0496
0.77511	1.0477
0.77528	1.0479
0.77479	1.0491
0.77728	1.0413
0.77676	1.0461
0.78087	1.0415
0.78073	1.0445
0.7803	1.0523
0.78041	1.053
0.78192	1.0532
0.77932	1.055
0.77943	1.0562
0.77773	1.0541
0.77912	1.0506
0.77646	1.0458
0.7754	1.0475
0.77613	1.0529
0.77391	1.0556
0.77932	1.0527
0.78358	1.0561
0.78092	1.0595
0.77879	1.0632
0.77508	1.0602
0.77558	1.0568
0.77565	1.0557
0.77746	1.0541
0.77837	1.0514
0.78294	1.0503
0.77921	1.0476
0.78193	1.0532
0.78289	1.0514
0.78006	1.0485
0.78363	1.043
0.78387	1.0428
0.78379	1.0416
0.78511	1.0425
0.79035	1.0421
0.78892	1.0455
0.78908	1.0455
0.78615	1.0452
0.78645	1.0489
0.78468	1.0518
0.78554	1.0565
0.78605	1.051
0.7872	1.0516
0.7881	1.0469
0.79414	1.0403
0.80114	1.0364
0.8022	1.0371
0.80105	1.0401
0.79836	1.0413
0.79638	1.0422
0.79659	1.0424
0.80044	1.0418
0.80394	1.0382
0.80406	1.0409
0.80174	1.0344
0.79561	1.0332
0.79316	1.0335
0.79307	1.0343
0.79202	1.0292
0.79659	1.0268
0.80316	1.028
0.80561	1.0202
0.80051	1.0218
0.8028	1.0169
0.8056	1.0136
0.80074	1.0209
0.79983	1.0233
0.7985	1.0237
0.79627	1.0261
0.79312	1.0225
0.78941	1.0214
0.79014	1.0191
0.79193	1.0218
0.79548	1.0192
0.79113	1.0185
0.79637	1.0262
0.79671	1.024
0.80083	1.0272
0.79835	1.0254
0.79634	1.0277
0.79464	1.0307
0.79368	1.03
0.78993	1.028
0.79716	1.0225
0.79771	1.0216
0.79407	1.0223
0.79583	1.0248
0.79554	1.027
0.79759	1.0245
0.79561	1.0197
0.79267	1.0267
0.78889	1.0264
0.79301	1.0243
0.79548	1.0288
0.79639	1.0289
0.79628	1.0316
0.79522	1.0339
0.79403	1.0296
0.79154	1.0315
0.7936	1.0356
0.79406	1.0351
0.79464	1.0411
0.79505	1.043
0.79831	1.0464
0.80031	1.0473
0.8008	1.0475
0.79897	1.0493
0.79661	1.045
0.79922	1.0486
0.79795	1.0463
0.79602	1.0484
0.78979	1.0462
0.79127	1.0468
0.79424	1.0469
0.79385	1.0438
0.79674	1.0383
0.79867	1.0368
0.79598	1.0338
0.79925	1.032
0.79991	1.0344
0.79818	1.0365
0.80209	1.032
0.80395	1.0287
0.80701	1.0261
0.80836	1.0235
0.80359	1.0256
0.80521	1.0221
0.79663	1.0237
0.79254	1.0196
0.78961	1.0156
0.7889	1.0169
0.78412	1.0195
0.7938	1.0229
0.79238	1.0231
0.79432	1.0215
0.79332	1.0185
0.79171	1.0229
0.79253	1.0224
0.79092	1.0187
0.79027	1.0171
0.79287	1.0152
0.78571	1.0116
0.78328	1.0084
0.78004	1.0113
0.77906	1.0129
0.7872	1.0135
0.78732	1.0127
0.78663	1.014
0.79091	1.0134
0.79105	1.0126
0.78818	1.0186
0.7909	1.0211
0.79194	1.0237
0.79425	1.0274
0.7922	1.0276
0.78528	1.0333
0.78434	1.0316
0.78879	1.0301
0.79061	1.0277
0.79564	1.0275
0.79082	1.0285
0.79128	1.0341
0.78795	1.0394
0.78584	1.032
0.78176	1.0339
0.78418	1.0382
0.78858	1.0363
0.79774	1.0418
0.80257	1.0459
0.80507	1.0461
0.80696	1.0472
0.80713	1.0469
0.8056	1.048
0.80428	1.0474
0.8067	1.0447
0.80633	1.0402
0.80609	1.0384
0.80843	1.038
0.80821	1.0393
0.80405	1.0403
0.80457	1.0375
0.80365	1.0366
0.79732	1.0368
0.79768	1.0384
0.79495	1.0427
0.79043	1.0468
0.77967	1.0453
0.77783	1.0441
0.77423	1.0437
0.774	1.0427
0.77605	1.042
0.77864	1.04
0.77188	1.0472
0.76968	1.0464
0.76987	1.0455
0.77118	1.0445
0.77572	1.0467
0.77624	1.0441
0.77542	1.0441
0.77509	1.0439
0.7755	1.0454
0.77483	1.0461
0.77034	1.0488
0.76873	1.0464
0.76784	1.0463
0.76994	1.0522
0.77276	1.0549
0.77144	1.0547
0.77315	1.0562
0.77918	1.0554
0.77751	1.0557
0.77685	1.0597
0.77495	1.055
0.77407	1.0574
0.77584	1.0583
0.77989	1.0539
0.78202	1.0549
0.7814	1.061
0.78572	1.059
0.78498	1.0634
0.77798	1.0613
0.77454	1.0633
0.77083	1.0639
0.77175	1.0617
0.77077	1.0588
0.77385	1.0595
0.77421	1.0592
0.77362	1.0647
0.76763	1.0659
0.76519	1.0618
0.77	1.0662
0.76827	1.0668
0.77409	1.0664
0.77771	1.0657
0.77819	1.0665
0.77268	1.0688
0.77574	1.0677
0.77583	1.0703
0.77647	1.0695
0.77798	1.0666
0.7769	1.0629
0.77497	1.0603
0.77676	1.067
0.77281	1.0657
0.77617	1.0677
0.78208	1.0666
0.78323	1.0629
0.7855	1.06
0.78843	1.062
0.78476	1.0594
0.78505	1.0549
0.77884	1.0571
0.77834	1.0584
0.78225	1.0568
0.78376	1.0585
0.78677	1.0605
0.78703	1.0571
0.77888	1.058
0.77793	1.0572
0.77905	1.0541
0.77973	1.0561
0.78132	1.0584
0.78482	1.0551
0.78323	1.0577
0.78768	1.0562
0.78702	1.0533
0.78922	1.0541
0.79097	1.0521
0.79229	1.0487
0.79329	1.0497
0.79303	1.0528
0.79449	1.0532
0.79016	1.0513
0.784	1.0519
0.78653	1.0522
0.78858	1.0531
0.78815	1.0536
0.78587	1.0525
0.78313	1.05
0.77957	1.0451
0.78057	1.0449
0.77986	1.0474
0.78608	1.0455
0.78271	1.0491
0.78056	1.0508
0.77933	1.0455
0.77552	1.0454
0.77866	1.0451
0.77609	1.0503
0.77618	1.0452
0.77633	1.0463
0.77151	1.0479
0.77383	1.0512
0.76642	1.0476
0.77234	1.0495
0.77145	1.0474
0.76924	1.0432
0.76683	1.0455
0.76433	1.0452
0.76208	1.0464
0.75869	1.0479
0.75928	1.0472
0.76111	1.0431
0.75973	1.0445
0.75587	1.0453
0.747	1.0452
0.7475	1.0459
0.74874	1.0464
0.74957	1.048
0.74991	1.0513
0.74736	1.0484
0.75082	1.0461
0.74889	1.0474
0.74793	1.0439
0.74723	1.0431
0.74876	1.0464
0.75046	1.0546
0.75063	1.0519
0.75026	1.0507
0.74591	1.0565
0.74784	1.06
0.74727	1.0539
0.74476	1.051
0.74092	1.0485
0.74218	1.0479
0.74661	1.0483
0.74983	1.0504
0.75252	1.0515
0.75271	1.0477
0.74922	1.0537
0.75	1.0537
0.74943	1.0526
0.75428	1.0534
0.75545	1.057
0.75606	1.0577
0.75241	1.0551
0.75753	1.0575
0.75705	1.0582
0.76204	1.0543
0.76117	1.0571
0.75588	1.0604
0.75727	1.0559
0.76168	1.061
0.75924	1.0586
0.76269	1.0641
0.7622	1.0668
0.76242	1.0692
0.76581	1.0659
0.7672	1.065
0.76586	1.0651
0.76725	1.0633
0.76764	1.0652
0.77198	1.0647
0.77626	1.0616
0.7755	1.0539
0.77861	1.0483
0.77689	1.0511
0.7793	1.0501
0.78316	1.0528
0.77849	1.0515
0.77794	1.0546
0.77819	1.0625
0.78155	1.0629
0.77728	1.0683
0.77607	1.0669
0.77923	1.0721
0.77786	1.0791
0.7797	1.0781
0.77847	1.0762
0.78322	1.0718
0.78475	1.076
0.78995	1.0711
0.78578	1.0721
0.78695	1.0693
0.7898	1.07
0.78615	1.0667
0.79074	1.0648
0.78979	1.0621
0.78978	1.0602
0.78737	1.0554
0.7881	1.054
0.78248	1.0545
0.78036	1.054
0.7766	1.0569
0.78023	1.0551
0.78134	1.05
0.78158	1.0506
0.77592	1.0512
0.78035	1.0509
0.77585	1.0493
0.77822	1.0493
0.77228	1.0492
0.77601	1.0532
0.77394	1.0508
0.7723	1.0553
0.77159	1.0499
0.77217	1.051
0.77399	1.057
0.77763	1.0552
0.77755	1.0523
0.78199	1.0431
0.78583	1.0412
0.78436	1.0403
0.78192	1.0355
0.77869	1.0256
0.78107	1.0298
0.78228	1.0272
0.77992	1.0272
0.7834	1.0279
0.78825	1.0287
0.78607	1.035
0.79096	1.0349
0.78476	1.0363
0.78399	1.0354
0.77792	1.0371
0.77377	1.0332
0.77409	1.0297
0.77731	1.0381
0.77682	1.0309
0.77877	1.034
0.7817	1.0442
0.78821	1.0425
0.78568	1.0423
0.78298	1.0365
0.78286	1.0382
0.78365	1.0354
0.78088	1.0391
0.78392	1.0385
0.78574	1.0358
0.78825	1.0422
0.78782	1.0516
0.79284	1.048
0.79056	1.0455
0.79428	1.0481
0.7888	1.0454
0.78919	1.0491
0.79306	1.0538
0.79936	1.0526
0.80514	1.0518
0.80379	1.0594
0.80488	1.0575
0.80658	1.0619
0.80266	1.0569
0.80527	1.053
0.8031	1.0538
0.80064	1.0492
0.80041	1.052
0.79812	1.0478
0.79579	1.0446
0.79702	1.0456
0.80106	1.0426
0.80573	1.0456
0.80065	1.0437
0.80092	1.045
0.802	1.047
0.79893	1.042
0.79397	1.0387
0.79727	1.0365
0.7987	1.0393
0.79752	1.0408
0.7968	1.0381
0.79789	1.0347
0.79939	1.0359
0.79435	1.0348
0.79689	1.0361
0.7963	1.0388
0.79502	1.0386
0.79119	1.0414
0.79617	1.0437
0.79681	1.0441
0.80099	1.0432
0.80202	1.0461
0.7997	1.0457
0.80104	1.0437
0.80471	1.0459
0.81239	1.0472
0.80692	1.0488
0.80692	1.0484
0.80487	1.0473
0.80291	1.0483
0.79563	1.0462
0.79534	1.043
0.79618	1.0396
0.79115	1.0341
0.78844	1.0339
0.78593	1.0371
0.78484	1.0399
0.78362	1.0451
0.78572	1.0449
0.78877	1.0467
0.78819	1.0449
0.78424	1.0507
0.78733	1.0495
0.78799	1.0478
0.79071	1.0447
0.79433	1.041
0.78765	1.038
0.78597	1.0369
0.7852	1.0377
0.7821	1.0397
0.77742	1.0412
0.77917	1.0457
0.77608	1.0474
0.7769	1.0494
0.77997	1.0561
0.78466	1.0573
0.78317	1.0545
0.78382	1.056
0.78195	1.0567
0.77404	1.054
0.77506	1.0557
0.77802	1.0535
0.77312	1.0519
0.7712	1.0464
0.77391	1.0408
0.78075	1.0405
0.78282	1.042
0.78446	1.0354
0.78646	1.0324
0.79047	1.0323
0.78193	1.0374
0.7835	1.0354
0.78983	1.0331
0.783	1.0358
0.78413	1.0304
0.78221	1.026
0.78182	1.0234
0.78514	1.0221
0.78822	1.0257
0.78636	1.0225
0.78525	1.0224
0.78883	1.026
0.78318	1.0245
0.77782	1.0199
0.77654	1.0148
0.77281	1.0144
0.77549	1.0147
0.77919	1.0164
0.78084	1.0191
0.78503	1.02
0.78138	1.0215
0.78271	1.0208
0.7854	1.0203
0.788	1.0283
0.7912	1.0263
0.78983	1.0297
0.78973	1.0251
0.78314	1.024
0.7827	1.0221
0.78799	1.0242
0.78732	1.0259
0.78847	1.0231
0.7866	1.0247
0.784	1.0251
0.78425	1.0273
0.77997	1.025
0.78654	1.0304
0.78409	1.0369
0.78589	1.0366
0.78599	1.0316
0.78311	1.0362
0.78616	1.0412
0.78363	1.0374
0.77663	1.0339
0.77625	1.0335
0.78076	1.0309
0.78174	1.0276
0.77909	1.0311
0.78211	1.0267
0.78201	1.0306
0.78648	1.0265
0.78779	1.0255
0.78552	1.0263
0.78693	1.0309
0.78843	1.034
0.78909	1.0312
0.79454	1.0259
0.79685	1.0235
0.79915	1.0246
0.80228	1.0244
0.80065	1.0245
0.79821	1.0287
0.79714	1.0247
0.79696	1.0243
0.80311	1.0254
0.80518	1.0275
0.80668	1.0275
0.80796	1.0246
0.80787	1.0213
0.80656	1.0212
0.80078	1.0203
0.80418	1.0212
0.80144	1.0238
0.8046	1.0212
0.8102	1.026
0.81131	1.0293
0.81033	1.0305
0.80496	1.0301
0.80044	1.029
0.79829	1.0278
0.79616	1.0323
0.79495	1.028
0.7984	1.0286
0.79448	1.0272
0.79387	1.0245
0.79139	1.0318
0.79201	1.029
0.78976	1.0359
0.78872	1.0414
0.787	1.0434
0.78724	1.0397
0.79083	1.0408
0.79096	1.0371
0.79018	1.0362
0.78832	1.0438
0.78936	1.0425
0.79017	1.0471
0.78844	1.0459
0.78587	1.0398
0.78618	1.0456
0.78853	1.0505
0.79579	1.0496
0.79878	1.0484
0.79964	1.0444
0.79855	1.0332
0.7996	1.0327
0.79505	1.0346
0.79463	1.0291
0.79085	1.0322
0.79037	1.0374
0.78771	1.0341
0.79052	1.033
0.79414	1.0316
0.79693	1.0296
0.79802	1.0298
0.8	1.0283
0.80185	1.0292
0.80481	1.0263
0.80482	1.0288
0.80649	1.032
0.8067	1.0283
0.80351	1.0313
0.8082	1.028
0.80981	1.0222
0.81344	1.0187
0.81549	1.0205
0.8144	1.0274
0.80882	1.0317
0.8142	1.035
0.8127	1.036
0.81923	1.0368
0.82151	1.0337
0.82511	1.0291
0.82382	1.0267
0.82231	1.0296
0.81957	1.0317
0.82385	1.0274
0.82491	1.0236
0.82924	1.024
0.82894	1.0259
0.82128	1.0229
0.82142	1.0251
0.8197	1.0269
0.81701	1.0291
0.82027	1.0334
0.8219	1.0334
0.82497	1.0377
0.83296	1.0359
0.83501	1.0308
0.84041	1.0325
0.84643	1.0354
0.84384	1.0344
0.84482	1.0328
0.84793	1.0372
0.84833	1.0303
0.85117	1.03
0.85198	1.0274
0.84627	1.0263
0.84552	1.0211
0.84728	1.0154
0.84582	1.0172
0.83967	1.0162
0.8394	1.0197
0.83831	1.0171
0.83328	1.0225
0.83302	1.0228
0.83384	1.0231
0.83549	1.0228
0.83705	1.0223
0.83568	1.0189
0.83525	1.0215
0.84039	1.0169
0.83948	1.0158
0.84352	1.0113
0.84295	1.0052
0.84435	1.0074
0.84319	1.0084
0.84343	1.0093
0.83987	1.0089
0.8395	1.0093
0.84054	1.0144
0.83822	1.0229
0.83494	1.0193
0.83158	1.0213
0.83247	1.0191
0.82964	1.0206
0.83036	1.0239
0.82857	1.025
0.82159	1.023
0.82496	1.0201
0.82392	1.0174
0.81701	1.0171
0.82033	1.0147
0.82577	1.0177
0.82765	1.0157
0.83132	1.0142
0.83027	1.0135
0.82556	1.0128
0.83081	1.0075
0.8294	1.0112
0.82491	1.0053
0.8296	1.0079
0.82546	1.0116
0.82642	1.0096
0.82386	1.0069
0.82272	1.007
0.82236	1.0057
0.82207	1.0046
0.82452	1.0039
0.82987	1.0011
0.83133	1.001
0.8307	1.0037
0.83101	1.0036
0.8298	1.0006
0.82911	1.0013
0.8277	1.0027
0.82902	1.0045
0.82861	0.99973
0.82858	0.99955
0.82752	0.99348
0.82934	0.99298
0.83124	0.99772
0.82834	0.99801
0.82962	0.99902
0.83079	0.99891
0.8325	0.99735
0.83334	0.99833
0.83317	1.0016
0.83228	1.0046
0.83083	1.0073
0.83016	1.0033
0.83431	1.0025
0.83177	1.0034
0.83134	1.0027
0.8306	1.0037
0.82913	1.0092
0.83388	1.0141
0.83082	1.0169
0.83103	1.0184
0.82725	1.0207
0.83202	1.0152
0.82968	1.0167
0.82814	1.0187
0.82888	1.0218
0.82683	1.0224
0.83182	1.0216
0.82708	1.0223
0.82681	1.0254
0.82663	1.0246
0.82446	1.0262
0.82397	1.0259
0.82441	1.0316
0.81177	1.0352
0.81324	1.0368
0.81212	1.033
0.81372	1.0344
0.81331	1.031
0.81431	1.033
0.8151	1.034
0.81341	1.0369
0.81454	1.0368
0.81449	1.0374
0.81248	1.0366
0.81194	1.0384
0.81166	1.0424
0.81242	1.0426
0.81221	1.0436
0.81188	1.0415
0.81327	1.0343
0.81182	1.0384
0.81517	1.0355
0.8138	1.0291
0.80865	1.0296
0.81094	1.0353
0.81038	1.042
0.80861	1.0402
0.80858	1.0386
0.80661	1.0366
0.80828	1.0393
0.80713	1.0421
0.80749	1.0399
0.80602	1.0368
0.8053	1.0322
0.80687	1.0336
0.80057	1.0323
0.80358	1.032
0.8079	1.0317
0.80733	1.0356
0.81209	1.0336
0.807	1.0389
0.80735	1.0414
0.80353	1.0377
0.80201	1.0367
0.79691	1.0323
0.79493	1.0335
0.79286	1.0357
0.79477	1.0339
0.79191	1.0358
0.78797	1.0354
0.78907	1.0373
0.7906	1.0376
0.79272	1.0386
0.79516	1.0374
0.79126	1.0441
0.79271	1.0471
0.79442	1.0411
0.79806	1.0364
0.79795	1.0301
0.80521	1.0327
0.80679	1.0357
0.8116	1.039
0.81164	1.0364
0.80962	1.0316
0.80779	1.0311
0.8075	1.0274
0.80737	1.029
0.80734	1.0334
0.80578	1.0372
0.80619	1.0404
0.80315	1.0359
0.80212	1.0396
0.80466	1.0371
0.80802	1.0413
0.80614	1.0412
0.81156	1.0383
0.81063	1.0355
0.81139	1.0334
0.81615	1.0354
0.81501	1.0379
0.82077	1.0417
0.81963	1.0421
0.82193	1.0436
0.82183	1.0485
0.81695	1.0465
0.81418	1.0505
0.8133	1.0522
0.81194	1.056
0.80621	1.0554
0.80384	1.056
0.80105	1.0583
0.80306	1.0626
0.80332	1.0632
0.8001	1.0659
0.79727	1.0687
0.79336	1.0662
0.78768	1.0661
0.79077	1.0615
0.78882	1.0589
0.78566	1.0589
0.78504	1.0586
0.78396	1.0587
0.78078	1.0539
0.77805	1.0563
0.78091	1.0565
0.77572	1.0577
0.78004	1.0517
0.77965	1.048
0.78103	1.0459
0.78158	1.0467
0.78219	1.0459
0.78486	1.0423
0.79033	1.0404
0.79211	1.0402
0.79596	1.0371
0.79431	1.0349
0.79044	1.0322
0.79489	1.0363
0.79589	1.0311
0.79686	1.0287
0.79304	1.0241
0.79276	1.0196
0.79379	1.0149
0.79589	1.016
0.79726	1.0055
0.80208	1.0067
0.802	1.0088
0.7983	1.0085
0.79921	1.0087
0.79326	1.0119
0.79622	1.0137
0.79789	1.0147
0.79633	1.0169
0.79319	1.0215
0.79182	1.0182
0.79135	1.0207
0.78595	1.0209
0.78626	1.0206
0.78736	1.0249
0.78815	1.0191
0.79076	1.0161
0.78681	1.0192
0.78716	1.0231
0.78023	1.0255
0.78261	1.0288
0.78361	1.0285
0.78643	1.03
0.79054	1.0332
0.79417	1.0288
0.79326	1.0227
0.79102	1.0213
0.78898	1.0195
0.7874	1.0251
0.78938	1.0284
0.78631	1.0303
0.7867	1.0334
0.78267	1.0323
0.78107	1.0326
0.77931	1.0309
0.77746	1.0302
0.78034	1.0278
0.78087	1.0309
0.77345	1.0289
0.77362	1.0319
0.77962	1.0302
0.76777	1.0324
0.76919	1.0296
0.76568	1.0306
0.76689	1.0324
0.76702	1.0309
0.7618	1.0287
0.76717	1.0312
0.77231	1.0294
0.76724	1.0268
0.76338	1.0317
0.76202	1.0322
0.75913	1.0358
0.75864	1.0358
0.76169	1.0342
0.75809	1.0342
0.76267	1.0361
0.76844	1.0407
0.76757	1.0377
0.76634	1.0383
0.77067	1.0376
0.76724	1.0431
0.76816	1.0432
0.76553	1.0462
0.76522	1.0452
0.76825	1.0442
0.77078	1.0443
0.77007	1.042
0.7745	1.0406
0.77901	1.0348
0.78168	1.0332
0.78154	1.0315
0.78112	1.0345
0.7826	1.0327
0.78285	1.0285
0.79007	1.0243
0.79062	1.0216
0.78666	1.0242
0.78481	1.0281
0.7851	1.0281
0.78589	1.0291
0.77979	1.0283
0.78013	1.0262
0.78456	1.0252
0.78424	1.0204
0.78524	1.0193
0.78931	1.0195
0.79194	1.0187
0.79157	1.0175
0.78875	1.0204
0.79154	1.0221
0.79918	1.022
0.79945	1.0189
0.80267	1.0176
0.79994	1.0172
0.80097	1.0153
0.79796	1.0168
0.80152	1.0153
0.79549	1.0211
0.793	1.0224
0.79538	1.0229
0.79498	1.0224
0.79652	1.022
0.79687	1.0248
0.79832	1.0276
0.79728	1.0304
0.80124	1.0325
0.79409	1.0329
0.7938	1.0333
0.79001	1.0356
0.79548	1.0291
0.79596	1.029
0.8001	1.0274
0.79578	1.029
0.79377	1.0318
0.79539	1.0357
0.79705	1.0346
0.79919	1.0357
0.79788	1.0359
0.79787	1.0342
0.79199	1.0374
0.79204	1.0442
0.79147	1.0401
0.78421	1.0378
0.7842	1.0393
0.78576	1.0402
0.79108	1.0386
0.7894	1.0401
0.78985	1.0376
0.79334	1.0352
0.79018	1.0341
0.79274	1.0359
0.78872	1.0366
0.79061	1.0333
0.78896	1.0318
0.78668	1.0324
0.78297	1.0324
0.78058	1.034
0.77708	1.0316
0.78314	1.032
0.78291	1.0313
0.7814	1.0294
0.78156	1.0346
0.77935	1.0388
0.77514	1.0408
0.77663	1.0387
0.77702	1.0393
0.78013	1.0402
0.77803	1.0388
0.78036	1.0408
0.7826	1.041
0.78527	1.0414
0.78787	1.0414
0.79193	1.0397
0.79283	1.0392
0.7903	1.0343
0.79063	1.0297
0.78767	1.0293
0.78595	1.0367
0.78459	1.0369
0.7876	1.0296
0.7917	1.0275
0.79559	1.0351
0.79708	1.0282
0.7902	1.0257
0.79398	1.0262
0.79479	1.0266
0.79347	1.0239
0.79197	1.0326
0.79714	1.0306
0.79637	1.0376
0.79572	1.0406
0.79418	1.0418
0.79417	1.0455
0.79494	1.0432
0.802	1.043
0.80261	1.0505
0.7976	1.0526
0.79477	1.0553
0.79371	1.0533
0.79021	1.0577
0.78825	1.0534
0.78728	1.0519
0.79048	1.0544
0.79561	1.0541
0.79838	1.0568
0.79258	1.0523
0.79171	1.0466
0.79101	1.0477
0.79243	1.0417
0.799	1.037
0.79382	1.0393
0.79792	1.0437
0.79755	1.0451
0.79885	1.0423
0.79671	1.0439
0.79241	1.0482
0.79173	1.0443
0.79178	1.0414
0.79156	1.0471
0.78834	1.0438
0.78503	1.047
0.78741	1.0426
0.78095	1.0415
0.78263	1.0417
0.77933	1.0458
0.77871	1.0462
0.77776	1.0443
0.7792	1.0424
0.77901	1.0424
0.77943	1.0415
0.78001	1.0444
0.78003	1.0418
0.77917	1.041
0.77608	1.0445
0.77994	1.041
0.77261	1.042
0.77303	1.0381
0.77915	1.0358
0.77954	1.037
0.77839	1.0361
0.7767	1.042
0.77898	1.038
0.77775	1.0388
0.77399	1.0484
0.77256	1.0448
0.76829	1.0455
0.76724	1.0536
0.77084	1.058
0.76766	1.0636
0.76944	1.0643
0.77724	1.0637
0.7787	1.0586
0.78136	1.0551
0.77638	1.0525
0.77532	1.0548
0.77523	1.0509
0.78319	1.0485
0.78417	1.0501
0.78159	1.043
0.78656	1.0377
0.78002	1.0351
0.7781	1.0342
0.77807	1.0343
0.77568	1.0322
0.77529	1.0315
0.77451	1.027
0.77356	1.0326
0.77136	1.0324
0.77235	1.0341
0.76813	1.0301
0.76958	1.0253
0.77106	1.0317
0.77348	1.0266
0.77409	1.0214
0.76813	1.0222
0.77143	1.0272
0.77315	1.0311
0.77542	1.0324
0.77911	1.0415
0.783	1.0425
0.77923	1.0446
0.77787	1.0438
0.77561	1.0439
0.77301	1.0439
0.76885	1.048
0.76912	1.044
0.76751	1.0455
0.76747	1.0424
0.77541	1.0426
0.77638	1.0447
0.77527	1.0431
0.77707	1.0392
0.77644	1.0375
0.77614	1.0397
0.77334	1.0422
0.77467	1.0423
0.77017	1.0478
0.77026	1.0475
0.78063	1.051
0.7808	1.0484
0.77904	1.0495
0.77717	1.0443
0.77647	1.0384
0.77549	1.0321
0.77368	1.035
0.77309	1.039
0.76983	1.0369
0.77303	1.0314
0.77207	1.0301
0.77656	1.0325
0.77791	1.0291
0.78026	1.0248
0.77879	1.0215
0.77805	1.0201
0.78062	1.0177
0.78444	1.0204
0.78455	1.024
0.78549	1.0267
0.78153	1.026
0.78097	1.0314
0.78107	1.0291
0.78573	1.0254
0.78289	1.0247
0.78114	1.0271
0.77893	1.029
0.77776	1.0318
0.77983	1.0324
0.7807	1.0271
0.77911	1.0315
0.76989	1.0327
0.76576	1.0329
0.77017	1.0324
0.77155	1.0356
0.77186	1.0295
0.77001	1.0312
0.76476	1.0303
0.75894	1.0248
0.76274	1.0247
0.76051	1.0282
0.76107	1.0239
0.75952	1.0219
0.76228	1.0209
0.76221	1.0238
0.75789	1.0292
0.75891	1.0227
0.76135	1.0292
0.76279	1.0292
0.75843	1.0293
0.76144	1.0333
0.76182	1.0365
0.76101	1.0309
0.76188	1.0299
0.76428	1.0327
0.7612	1.0299
0.76392	1.0315
0.76792	1.0344
0.77222	1.0361
0.77187	1.0325
0.77396	1.0354
0.77853	1.0414
0.78172	1.0378
0.78558	1.0374
0.78792	1.0389
0.78367	1.0393
0.78071	1.0422
0.78126	1.0448
0.78082	1.0488
0.78282	1.0488
0.77399	1.0492
0.76992	1.0507
0.7712	1.0504
0.77215	1.0507
0.76607	1.0475
0.76879	1.0478
0.75926	1.0442
0.76387	1.0453
0.77155	1.0447
0.76914	1.048
0.77096	1.0479
0.76741	1.0473
0.76929	1.0516
0.7708	1.0552
0.77	1.0544
0.76811	1.0585
0.77138	1.0576
0.77581	1.0562
0.77463	1.0601
0.77343	1.0586
0.7714	1.0517
0.7706	1.0493
0.76963	1.0474
0.77315	1.0472
0.77577	1.0475
0.77767	1.0446
0.77938	1.0408
0.77777	1.0387
0.77553	1.0341
0.77987	1.0364
0.77466	1.0386
0.76815	1.0438
0.76981	1.0428
0.7728	1.0354
0.7719	1.0312
0.77191	1.0249
0.77168	1.0239
0.77692	1.027
0.77814	1.0221
0.78003	1.028
0.77769	1.031
0.77829	1.0275
0.77763	1.0286
0.77349	1.028
0.77341	1.0248
0.77549	1.0241
0.77013	1.0194
0.77375	1.0174
0.77219	1.0233
0.77166	1.0229
0.77038	1.0293
0.76807	1.0293
0.76558	1.0293
0.76527	1.0296
0.76868	1.0267
0.76798	1.025
0.7653	1.0263
0.76731	1.025
0.75731	1.026
0.75414	1.0263
0.75396	1.0275
0.75419	1.0271
0.75212	1.0221
0.75289	1.0242
0.75405	1.0247
0.75788	1.0269
0.76333	1.0286
0.75896	1.0309
0.75785	1.0332
0.75783	1.0323
0.76579	1.0365
0.76731	1.0353
0.7686	1.0339
0.76855	1.033
0.77173	1.0327
0.77369	1.0312
0.7727	1.0309
0.77474	1.0279
0.76802	1.0275
0.7695	1.0224
0.77106	1.0227
0.77406	1.0227
0.77712	1.023
0.77287	1.0229
0.77521	1.0201
0.77807	1.019
0.7768	1.0148
0.7805	1.0108
0.78538	1.0149
0.78557	1.0134
0.7889	1.018
0.79078	1.0224
0.79591	1.0284
0.79178	1.0321
0.79014	1.0352
0.78836	1.038
0.79227	1.0391
0.79262	1.0452
0.79535	1.0474
0.79608	1.0513
0.80004	1.051
0.80146	1.0488
0.80432	1.0468
0.8091	1.0447
0.80716	1.0439
0.80561	1.041
0.7951	1.0442
0.79113	1.0467
0.79213	1.0496
0.7877	1.0517
0.78731	1.051
0.7837	1.0546
0.78573	1.0599
0.7877	1.0546
0.78789	1.0506
0.78216	1.0526
0.78125	1.0519
0.77807	1.055
0.7755	1.0537
0.77701	1.0471
0.78426	1.0473
0.78385	1.0424
0.78092	1.045
0.77685	1.0453
0.77353	1.0426
0.77486	1.0413
0.77591	1.0379
0.78289	1.0345
0.7846	1.0369
0.78864	1.0367
0.7861	1.0359
0.78669	1.0407
0.79127	1.0425
0.79055	1.048
0.78835	1.0522
0.78763	1.0498
0.78723	1.0519
0.79057	1.0538
0.78973	1.0525
0.78624	1.0487
0.78573	1.0424
0.7798	1.0438
0.78086	1.0452
0.7778	1.0433
0.77989	1.04
0.78165	1.0385
0.78098	1.0394
0.78003	1.0392
0.77753	1.0406
0.77671	1.0386
0.77529	1.0309
0.77506	1.0357
0.78225	1.0325
0.78319	1.0322
0.78075	1.0307
0.784	1.029
0.78171	1.028
0.779	1.0271
0.77956	1.0252
0.77839	1.0234
0.78069	1.0281
0.78033	1.0266
0.78406	1.0252
0.78656	1.0273
0.79018	1.032
0.78601	1.0288
0.78762	1.0281
0.79097	1.0275
0.79216	1.0281
0.79318	1.027
0.79528	1.0249
0.79598	1.0255
0.80112	1.0279
0.79569	1.0242
0.79758	1.0244
0.80105	1.0256
0.80041	1.0273
0.80202	1.0233
0.80176	1.0217
0.80185	1.0194
0.7995	1.0215
0.79632	1.0252
0.80067	1.0306
0.79601	1.0295
0.79589	1.0254
0.79476	1.0286
0.79704	1.0299
0.79403	1.0315
0.79886	1.0305
0.80084	1.0368
0.80242	1.0357
0.79902	1.0382
0.79571	1.0397
0.79793	1.0366
0.79483	1.036
0.79257	1.0375
0.79285	1.0334
0.79511	1.0265
0.79056	1.0276
0.78734	1.0288
0.78947	1.0278
0.79373	1.0297
0.79608	1.0271
0.79478	1.0266
0.79292	1.0313
0.79743	1.0268
0.79733	1.0243
0.79329	1.0222
0.79422	1.0203
0.80009	1.0189
0.80445	1.0188
0.80472	1.0203
0.80676	1.0226
0.8078	1.0195
0.79866	1.017
0.79623	1.0191
0.79879	1.0195
0.80018	1.0265
0.79771	1.0302
0.79943	1.0273
0.79976	1.0255
0.80043	1.0241
0.79794	1.0251
0.79455	1.0248
0.79787	1.0259
0.79139	1.0207
0.78687	1.0236
0.78822	1.0257
0.7972	1.0209
0.79565	1.0233
0.79309	1.0212
0.79799	1.0172
0.79117	1.0095
0.79238	1.0074
0.79353	1.005
0.79685	1.0052
0.79246	1.0043
0.79196	1.0102
0.79871	1.0098
0.79899	1.0118
0.80495	1.0087
0.80817	1.0065
0.80954	1.0098
0.81571	1.0094
0.81146	1.0142
0.80776	1.0169
0.80193	1.0205
0.79939	1.0195
0.80285	1.0192
0.79599	1.0182
0.79891	1.0189
0.79328	1.0173
0.79285	1.0194
0.79256	1.0185
0.79367	1.0145
0.79944	1.0149
0.79755	1.0185
0.79652	1.0171
0.79195	1.0172
0.7937	1.0176
0.79054	1.0193
0.79068	1.018
0.79179	1.0212
0.79379	1.0193
0.79432	1.0193
0.79914	1.0224
0.80076	1.0256
0.80429	1.0225
0.80315	1.0233
0.80495	1.0206
0.80486	1.0184
0.80938	1.0138
0.81021	1.0084
0.81439	1.0102
0.81591	1.01
0.81626	1.011
0.81268	1.0085
0.81703	1.0068
0.811	1.0077
0.81096	1.011
0.80978	1.0168
0.81519	1.0134
0.81952	1.0172
0.81422	1.0151
0.81575	1.0146
0.81451	1.0191
0.81813	1.0204
0.81237	1.0184
0.81097	1.0206
0.8085	1.0185
0.80875	1.0177
0.81454	1.0251
0.81789	1.0203
0.81488	1.0237
0.81369	1.0263
0.8145	1.0282
0.8165	1.0264
0.81913	1.0261
0.82369	1.0284
0.81942	1.0317
0.81606	1.0353
0.81487	1.0336
0.81354	1.032
0.81035	1.0363
0.80607	1.0271
0.80639	1.0281
0.80867	1.0228
0.81013	1.0229
0.80714	1.0192
0.80756	1.017
0.80744	1.0095
0.80463	1.0108
0.80519	1.0111
0.8035	1.0098
0.80099	1.0048
0.80058	1.004
0.79504	1.0029
0.79752	0.99875
0.79887	0.99922
0.80374	1.0011
0.8025	1.003
0.79639	0.99865
0.8011	1.0047
0.80563	1.0056
0.80759	1.0027
0.80793	1.0041
0.80779	1.0074
0.80779	1.0112
0.80777	1.0049
0.81288	1.0093
0.81352	1.0093
0.80802	1.0074
0.80787	1.0097
0.81165	1.0112
0.81503	1.0112
0.81871	1.0113
0.81707	1.013
0.81615	1.0163
0.81704	1.0193
0.81514	1.0163
0.81319	1.015
0.81093	1.0097
0.80834	1.0076
0.8112	1.01
0.81069	1.0091
0.81289	1.0056
0.81278	1.0056
0.81359	1.0058
0.81299	1.0051
0.81432	1.0059
0.81229	1.0052
0.81411	1.006
0.80988	1.0085
0.80873	1.0082
0.81176	1.0024
0.81719	1.0029
0.8164	1.0003
0.81739	0.99834
0.81598	0.99918
0.81449	0.99601
0.81501	0.99001
0.81223	0.99285
0.81803	0.99388
0.82186	0.98827
0.82104	0.98913
0.82548	0.99033
0.8229	0.98964
0.82125	0.99289
0.82284	0.99335
0.82013	0.99292
0.81413	0.9977
0.81383	0.99859
0.81252	0.99586
0.81061	0.99337
0.81296	0.99389
0.80943	0.99513
0.80919	0.99617
0.80961	0.99796
0.80964	0.99298
0.81496	0.99484
0.81385	0.9973
0.8136	0.99186
0.81321	0.98828
0.81275	0.99145
0.81726	0.99501
0.82221	0.99654
0.82154	0.99879
0.81885	1.0039
0.81806	1.0036
0.81461	1.0059
0.81837	1.0126
0.8183	1.01
0.82217	1.0097
0.82051	1.0127
0.8223	1.0105
0.82178	1.0094
0.82128	1.0101
0.82706	1.0096
0.83045	1.01
0.82982	1.0098
0.83308	1.0086
0.83515	1.0061
0.83377	1.0042
0.83133	1.0053
0.8289	1.008
0.82914	1.0149
0.82962	1.0166
0.83004	1.0156
0.83103	1.0157
0.8315	1.0191
0.83552	1.0234
0.83021	1.0227
0.82801	1.0242
0.82931	1.027
0.83196	1.0296
0.83646	1.034
0.83577	1.0353
0.83304	1.0363
0.83367	1.0304
0.82827	1.0351
0.82952	1.0357
0.827	1.0362
0.82373	1.0367
0.8226	1.0389
0.82659	1.032
0.82331	1.0271
0.82171	1.0242
0.81841	1.0237
0.80785	1.018
0.81071	1.0199
0.81182	1.0237
0.81457	1.0262
0.81254	1.0268
0.81554	1.0294
0.81606	1.0282
0.81278	1.0266
0.80604	1.0249
0.802	1.0238
0.80108	1.021
0.80785	1.0259
0.80853	1.0273
0.80868	1.0273
0.80683	1.028
0.80579	1.026
0.80239	1.0345
0.80145	1.0311
0.80554	1.0278
0.80556	1.0286
0.80522	1.0269
0.80866	1.0259
0.80515	1.0228
0.80606	1.0251
0.80776	1.0249
0.808	1.0234
0.80653	1.0231
0.80805	1.0303
0.81136	1.0328
0.81032	1.0343
0.80825	1.0347
0.81163	1.0325
0.81103	1.0391
0.81227	1.0419
0.81113	1.0409
0.8147	1.044
0.81687	1.0417
0.81793	1.0416
0.8258	1.0377
0.82451	1.0359
0.83015	1.0375
0.82488	1.0425
0.82662	1.0409
0.82799	1.0478
0.82974	1.0472
0.82781	1.0498
0.82548	1.0488
0.82471	1.0493
0.82618	1.0465
0.82212	1.047
0.81906	1.0527
0.81869	1.0492
0.81857	1.0489
0.81727	1.052
0.81441	1.0531
0.81551	1.0478
0.81225	1.0463
0.81566	1.0425
0.80934	1.042
0.81636	1.0393
0.82036	1.043
0.82493	1.0395
0.82562	1.0359
0.82748	1.0414
0.82952	1.0397
0.83439	1.035
0.82793	1.0358
0.82521	1.0292
0.82912	1.0235
0.82863	1.0283
0.82527	1.029
0.82306	1.0291
0.82473	1.0328
0.82419	1.0331
0.82683	1.0361
0.82453	1.0355
0.82866	1.0387
0.82794	1.0368
0.83016	1.0385
0.82908	1.0421
0.83109	1.0417
0.82535	1.0421
0.82563	1.0432
0.82964	1.0436
0.82963	1.0424
0.83307	1.043
0.83189	1.0421
0.83073	1.0433
0.82668	1.0429
0.82362	1.0397
0.83159	1.0403
0.83881	1.038
0.84026	1.0374
0.84341	1.0435
0.84627	1.0397
0.84502	1.0417
0.84188	1.0438
0.84597	1.0437
0.83717	1.0476
0.8378	1.0476
0.84023	1.048
0.8389	1.0424
0.837	1.042
0.83916	1.0444
0.83905	1.043
0.83741	1.0442
0.83861	1.0433
0.84071	1.0353
0.84482	1.041
0.84689	1.0392
0.84874	1.0389
0.84912	1.0407
0.84859	1.0386
0.84963	1.0362
0.84817	1.036
0.85395	1.0357
0.85686	1.0318
0.85664	1.0301
0.85705	1.0311
0.85907	1.0279
0.85762	1.0255
0.86002	1.028
0.85323	1.027
0.85232	1.0273
0.85058	1.0265
0.85179	1.0215
0.84696	1.0266
0.84903	1.0202
0.84978	1.027
0.84921	1.0242
0.84374	1.0227
0.84364	1.0233
0.84199	1.0221
0.84769	1.0232
0.84598	1.0255
0.84191	1.0286
0.83944	1.0309
0.8354	1.0251
0.83363	1.0216
0.83197	1.0224
0.83662	1.0171
0.83828	1.0174
0.83509	1.0178
0.83144	1.011
0.82906	1.0065
0.83099	1.0101
0.83268	1.014
0.8291	1.0184
0.8286	1.0171
0.82538	1.0176
0.82959	1.0142
0.82526	1.0144
0.82435	1.0163
0.82089	1.0168
0.82557	1.0145
0.8265	1.0096
0.82305	1.0114
0.82354	1.0106
0.81854	1.0147
0.82054	1.0109
0.82438	1.0082
0.83436	1.0081
0.83656	1.0025
0.83781	1.0138
0.84316	1.0185
0.84252	1.0141
0.84156	1.0156
0.83955	1.0187
0.83865	1.0117
0.83932	1.0054
0.84145	1.0061
0.83958	1.0051
0.83402	0.99844
0.83495	0.99532
0.82921	0.99867
0.82201	1.0017
0.82497	0.99936
0.81942	1.0019
0.81712	1.0032
0.81896	1.0037
0.8201	1.0027
0.82134	1.0104
0.82193	1.0097
0.828	1.0063
0.82988	1.0047
0.83131	1.0004
0.83162	1.0014
0.8308	0.99862
0.83138	0.99706
0.82882	0.9949
0.83174	0.99874
0.83645	0.99578
0.83536	0.99075
0.83374	0.98749
0.83811	0.9907
0.83299	0.98971
0.83385	0.99112
0.8317	0.98699
0.82579	0.98464
0.82606	0.98371
0.8257	0.98211
0.82581	0.98641
0.82411	0.98527
0.82362	0.98578
0.82054	0.98795
0.81939	0.9901
0.82353	0.98999
0.82597	0.99695
0.82651	1.0034
0.82067	1.0039
0.82563	1.0036
0.82466	1.0032
0.82531	1.0014
0.82297	1.0033
0.81819	1.0049
0.81778	1.0045
0.8169	1.002
0.81595	1.0019
0.81559	1.0033
0.8157	1.003
0.81257	1.0017
0.81236	0.99671
0.81479	0.99308
0.8102	0.9924
0.80817	0.99344
0.80696	0.99605
0.8112	0.99469
0.81088	0.99345
0.81294	0.9974
0.81082	0.99557
0.80188	0.99605
0.80365	0.99194
0.81144	0.99139
0.80929	0.98913
0.8081	0.98955
0.81078	0.98877
0.81356	0.99032
0.81291	0.99679
0.82519	0.99677
0.82905	0.9983
0.83227	0.99706
0.83075	0.98986
0.83404	0.98658
0.84052	0.98728
0.84087	0.98824
0.83893	0.98909
0.8383	0.98439
0.82871	0.98588
0.82964	0.98298
0.82713	0.98165
0.82583	0.98356
0.82457	0.98463
0.82536	0.98901
0.83033	0.99265
0.83428	0.98791
0.83315	0.98705
0.83357	0.98516
0.83579	0.98884
0.83789	0.98633
0.83752	0.98353
0.83497	0.98282
0.83202	0.98606
0.82732	0.98588
0.82646	0.98254
0.82928	0.98219
0.83008	0.98002
0.83031	0.97654
0.83039	0.98213
0.82763	0.97954
0.83304	0.97829
0.82861	0.97826
0.83345	0.98311
0.82426	0.98361
0.82388	0.98582
0.82485	0.98621
0.82628	0.98714
0.82802	0.98888
0.83353	0.98996
0.83091	0.98701
0.83179	0.98506
0.83167	0.99008
0.83331	0.98466
0.83607	0.98902
0.83434	0.98853
0.83395	0.98856
0.83784	0.99123
0.83274	0.98987
0.8342	0.98642
0.83102	0.9895
0.82723	0.98974
0.82847	0.9913
0.82957	0.98806
0.82855	0.98729
0.83186	0.98629
0.83308	0.98512
0.83515	0.98227
0.82993	0.98051
0.83306	0.97636
0.83272	0.97778
0.83103	0.97779
0.83724	0.97644
0.83494	0.97495
0.8355	0.9765
0.83557	0.97355
0.83325	0.97406
0.83161	0.97496
0.83133	0.97263
0.83218	0.97788
0.83867	0.97982
0.83871	0.97859
0.84029	0.97898
0.83964	0.98166
0.83869	0.97816
0.83654	0.97974
0.83443	0.97943
0.83549	0.98002
0.83727	0.9783
0.83684	0.98129
0.84006	0.98314
0.83671	0.98211
0.84036	0.98317
0.83889	0.97774
0.83833	0.98095
0.8302	0.98039
0.83023	0.98465
0.82882	0.97839
0.8361	0.987
0.83851	0.99026
0.83855	0.98872
0.83926	0.98865
0.83947	0.98448
0.84043	0.98002
0.84383	0.97689
0.84473	0.97781
0.8436	0.97603
0.84765	0.97885
0.84675	0.98137
0.84985	0.98132
0.8465	0.98018
0.84407	0.9821
0.84388	0.98259
0.84504	0.98667
0.84072	0.97877
0.83724	0.97814
0.82741	0.97785
0.82844	0.97578
0.82281	0.96669
0.8259	0.97097
0.82171	0.97273
0.81856	0.97432
0.81567	0.97546
0.80955	0.97428
0.8054	0.97336
0.80734	0.9699
0.81065	0.96793
0.80829	0.97248
0.80536	0.97014
0.81095	0.97126
0.81058	0.97134
0.81605	0.9723
0.81443	0.97528
0.81214	0.97436
0.81226	0.96927
0.82031	0.97371
0.81828	0.97205
0.81991	0.97119
0.81964	0.97423
0.81636	0.97253
0.81581	0.97669
0.82298	0.97585
0.82551	0.97359
0.81955	0.97627
0.82586	0.97328
0.82648	0.96933
0.82901	0.96589
0.83199	0.96537
0.83146	0.96628
0.832	0.9743
0.8315	0.97038
0.83612	0.9688
0.8415	0.97448
0.84036	0.98
0.8455	0.98336
0.84575	0.97843
0.84462	0.9773
0.84361	0.97531
0.84207	0.9793
0.84131	0.98207
0.83756	0.9749
0.83452	0.97773
0.83571	0.97992
0.83702	0.98045
0.83737	0.9788
0.83794	0.98163
0.83521	0.98795
0.83262	0.994
0.83347	0.99291
0.83359	0.98622
0.83149	0.98551
0.83161	0.97924
0.83199	0.98205
0.83048	0.98425
0.83045	0.98776
0.82842	0.98756
0.83328	0.98875
0.82872	0.9848
0.82609	0.98272
0.82973	0.98542
0.83499	0.98654
0.83459	0.98715
0.83643	0.98846
0.83573	0.98817
0.84056	0.98998
0.84177	0.9959
0.84215	0.99685
0.84162	1.0002
0.84399	1.0017
0.84591	1.0025
0.84406	1
0.84415	0.99703
0.83962	1.0044
0.83356	1.0001
0.82722	1.0039
0.82682	1.0065
0.825	1.0065
0.8221	1.0053
0.8236	1.0048
0.82479	1.0016
0.82915	1.0014
0.83223	1.0048
0.83625	1.0042
0.84004	1.0047
0.84177	1.0077
0.84376	1.0085
0.84818	1.0048
0.8501	1.0079
0.85522	1.0071
0.85563	1.0084
0.85458	1.0129
0.858	1.0162
0.85394	1.0184
0.85401	1.0211
0.85191	1.0199
0.8515	1.0205
0.85008	1.0222
0.84996	1.0233
0.85097	1.0267
0.85444	1.0281
0.85369	1.0305
0.85801	1.0346
0.85864	1.035
0.85403	1.0366
0.85301	1.0397
0.85033	1.0439
0.85277	1.0463
0.85333	1.0453
0.85586	1.0389
0.8539	1.0402
0.85012	1.0358
0.85284	1.0371
0.84928	1.0378
0.84751	1.0341
0.84325	1.0322
0.84355	1.0326
0.84539	1.0278
0.84612	1.0299
0.84896	1.0288
0.85056	1.0261
0.8444	1.0292
0.84182	1.028
0.83864	1.0283
0.83558	1.0273
0.83807	1.0284
0.83339	1.0269
0.83364	1.0298
0.83297	1.0337
0.83205	1.0309
0.82301	1.0285
0.8221	1.0323
0.81938	1.0278
0.81875	1.0337
0.8148	1.0335
0.81625	1.0311
0.81396	1.0287
0.8155	1.0255
0.81629	1.0173
0.82772	1.0179
0.82392	1.0186
0.82623	1.015
0.82621	1.0154
0.82705	1.022
0.82554	1.0282
0.82352	1.0244
0.82114	1.0238
0.82173	1.0252
0.82261	1.0255
0.81576	1.0278
0.81423	1.0329
0.80909	1.0291
0.8141	1.0269
0.8116	1.0274
0.81103	1.03
0.81066	1.0257
0.81281	1.0209
0.81222	1.0195
0.81871	1.0206
0.82353	1.0197
0.82849	1.0294
0.82848	1.0249
0.83167	1.0215
0.82946	1.0221
0.82976	1.013
0.82938	1.0085
0.8278	1.0076
0.82644	1.0074
0.82555	1.0079
0.81948	1.0044
0.81865	1.0121
0.81753	1.0109
0.81364	1.0196
0.81576	1.023
0.81392	1.0229
0.81172	1.0172
0.80523	1.0131
0.81068	1.0075
0.81408	1.0072
0.81144	1.0051
0.81521	1.0055
0.81	1.0094
0.80657	1.0076
0.80576	1.0063
0.80634	1.0027
0.80654	1.0066
0.80136	1.0022
0.79663	1.0013
0.79273	1.0039
0.79336	0.99949
0.79016	0.99877
0.78979	0.99572
0.7863	0.998
0.79214	1.0004
0.79081	0.99581
0.78776	0.99712
0.79035	0.99913
0.78932	0.99779
0.78883	0.99753
0.78866	0.99671
0.78666	1.001
0.7896	0.99253
0.79004	0.99054
0.78904	0.99083
0.79081	0.99026
0.79023	0.99005
0.78739	0.99064
0.78477	0.9877
0.78313	0.98936
0.78481	0.99097
0.78321	0.99462
0.78116	0.99494
0.7809	0.9952
0.77848	0.99285
0.77248	0.99376
0.77683	0.99635
0.77774	0.99544
0.77871	1.0024
0.77899	1.0054
0.77778	1.0069
0.78076	1.0068
0.78166	1.0084
0.78266	1.0117
0.78407	1.013
0.78666	1.0128
0.78819	1.016
0.7904	1.0192
0.78684	1.0244
0.78893	1.0227
0.79133	1.0194
0.79611	1.0197
0.79566	1.0206
0.79829	1.0173
0.79993	1.0175
0.79912	1.0179
0.80004	1.0212
0.79301	1.0184
0.79114	1.0184
0.79464	1.0189
0.79636	1.0145
0.80072	1.015
0.80001	1.0156
0.80118	1.0123
0.80164	1.0106
0.79698	1.0149
0.79093	1.0168
0.79077	1.0175
0.78726	1.0093
0.78922	1.0077
0.79717	1.0106
0.7957	1.0117
0.793	1.0114
0.7912	1.0094
0.79383	1.0101
0.79551	1.0091
0.79868	1.0119
0.79853	1.0111
0.79833	1.0127
0.79732	1.0127
0.79928	1.0132
0.79669	1.0149
0.79995	1.0123
0.80472	1.0092
0.8009	1.0119
0.80316	1.0108
0.80233	1.0092
0.80197	1.0082
0.80357	1.0027
0.80164	0.99856
0.80253	1.0011
0.80055	1.0014
0.8006	1.0059
0.79858	0.99937
0.80351	0.99942
0.80165	0.99502
0.80619	0.99285
0.81061	0.99414
0.81171	0.99296
0.81375	0.99683
0.81689	0.99874
0.81701	1.0028
0.81229	1.003
0.80754	1.0067
0.80759	1.0115
0.80459	1.0101
0.79852	1.0089
0.80253	1.0068
0.80065	1.0159
0.79995	1.0137
0.79767	1.0147
0.79861	1.0182
0.79591	1.0229
0.79894	1.0223
0.79601	1.0198
0.79671	1.0212
0.79292	1.0251
0.79908	1.0268
0.80168	1.03
0.80391	1.0315
0.80682	1.0351
0.80558	1.0343
0.7988	1.0402
0.79928	1.0446
0.80253	1.044
0.8017	1.0434
0.80362	1.0374
0.80278	1.031
0.80677	1.0299
0.80615	1.0295
0.80564	1.024
0.80547	1.0271
0.8057	1.0242
0.80069	1.0272
0.80593	1.0287
0.8016	1.0296
0.80439	1.0216
0.80795	1.0281
0.8031	1.0244
0.80333	1.0301
0.80288	1.0299
0.80115	1.0326
0.79655	1.0403
0.7974	1.0423
0.79455	1.0426
0.792	1.0371
0.78971	1.0345
0.78226	1.0362
0.78308	1.0347
0.78152	1.0302
0.78337	1.0232
0.78287	1.0211
0.77606	1.0192
0.77932	1.0223
0.78073	1.0228
0.7837	1.0235
0.78314	1.0247
0.78613	1.024
0.78709	1.0235
0.79038	1.0204
0.78862	1.0171
0.78882	1.022
0.79027	1.0208
0.78527	1.0176
0.78463	1.02
0.78784	1.0228
0.79057	1.0263
0.78697	1.0213
0.78971	1.0179
0.79026	1.0216
0.79354	1.0241
0.79824	1.0216
0.79359	1.025
0.78754	1.0258
0.79185	1.0265
0.78469	1.0237
0.78704	1.0251
0.78418	1.0258
0.78676	1.0251
0.78089	1.0287
0.78055	1.0283
0.78257	1.0219
0.78314	1.0261
0.78552	1.0236
0.78827	1.0204
0.79317	1.0224
0.7979	1.0168
0.79459	1.0165
0.79805	1.0231
0.798	1.025
0.79816	1.0267
0.79528	1.0316
0.7961	1.0306
0.79626	1.0252
0.79598	1.0268
0.79623	1.0232
0.7982	1.0264
0.79969	1.0207
0.79977	1.0196
0.80765	1.0129
0.80858	1.0069
0.80959	1.0063
0.80803	1.0015
0.81116	1.0059
0.80705	1.0059
0.80193	1.0073
0.80398	1.004
0.80243	1.0162
0.79771	1.0139
0.79933	1.0121
0.79741	1.0107
0.7995	1.0096
0.7999	1.0117
0.79767	1.0148
0.80163	1.0147
0.79878	1.0163
0.79694	1.0131
0.79698	1.0156
0.80089	1.0177
0.80045	1.0134
0.80381	1.0162
0.80266	1.0157
0.80349	1.0121
0.80566	1.009
0.80277	1.0066
0.80382	1.0013
0.8051	0.99985
0.80983	0.99896
0.80592	0.9961
0.8051	1.0018
0.80369	1.0047
0.80319	1.0015
0.80689	0.99832
0.80201	1.0066
0.80439	1.0058
0.80659	1.0064
0.80566	1.0079
0.80589	1.0058
0.81054	0.99895
0.80802	0.99397
0.80506	0.98707
0.80045	0.99306
0.80484	0.99715
0.80251	1.0009
0.80501	0.9994
0.79872	1.0028
0.80006	1.0061
0.79966	1.0057
0.80466	1.0083
0.80154	1.0037
0.80412	0.99883
0.80037	0.99526
0.79801	0.99736
0.79762	0.99128
0.79818	0.9928
0.8049	0.99159
0.8111	0.99501
0.80848	0.99435
0.80529	0.99973
0.80752	1.0029
0.80784	1.002
0.80715	0.99749
0.80967	0.99737
0.80745	0.99678
0.80842	1.0027
0.80908	0.99898
0.81185	0.99805
0.81209	0.99847
0.81105	1.0016
0.80799	1.0023
0.80995	0.99946
0.80911	0.99533
0.80806	0.99905
0.80569	0.99584
0.79933	0.99835
0.80416	0.99926
0.803	1.0027
0.80181	0.99849
0.80047	1.0005
0.79388	1.0039
0.79063	1.0079
0.79778	1.0111
0.79896	1.0136
0.80267	1.0123
0.80562	1.0145
0.80749	1.0161
0.80712	1.015
0.80937	1.018
0.80883	1.027
0.80787	1.0272
0.81251	1.0256
0.81654	1.029
0.81096	1.03
0.80881	1.0337
0.80606	1.0375
0.81041	1.0331
0.81223	1.0355
0.8118	1.035
0.80543	1.0361
0.80282	1.0319
0.80642	1.0309
0.80514	1.0369
0.80181	1.0409
0.80302	1.0392
0.80768	1.0373
0.80585	1.0403
0.80418	1.037
0.8065	1.0381
0.8021	1.038
0.79422	1.033
0.79143	1.0294
0.79053	1.0247
0.79719	1.0249
0.79466	1.0283
0.79125	1.0233
0.79196	1.0218
0.79183	1.0223
0.79124	1.0199
0.79305	1.0213
0.79081	1.0207
0.79408	1.0224
0.79242	1.0191
0.7892	1.0214
0.79161	1.0225
0.79106	1.0289
0.79422	1.0304
0.79933	1.0287
0.79787	1.0305
0.80309	1.0337
0.80495	1.0273
0.80306	1.0265
0.80241	1.0292
0.8016	1.0343
0.80281	1.0312
0.80454	1.0285
0.8085	1.0313
0.80956	1.0382
0.80951	1.0398
0.80647	1.0472
0.8021	1.0446
0.79959	1.0425
0.79523	1.0454
0.79837	1.0475
0.79649	1.0506
0.79939	1.0551
0.80113	1.0546
0.80288	1.0594
0.79931	1.0627
0.79888	1.0634
0.79808	1.062
0.79723	1.0615
0.79704	1.0632
0.79672	1.0643
0.79549	1.0603
0.79187	1.0625
0.79374	1.0666
0.79279	1.0659
0.79422	1.0667
0.79589	1.0691
0.79229	1.0641
0.79665	1.0658
0.79803	1.066
0.80043	1.0646
0.80034	1.058
0.79393	1.0527
0.79605	1.0565
0.79633	1.0608
0.79511	1.0604
0.78927	1.0631
0.78715	1.0633
0.78491	1.0672
0.7841	1.0697
0.78469	1.065
0.78611	1.0671
0.78569	1.0669
0.77918	1.067
0.77398	1.0661
0.77278	1.0662
0.76871	1.0669
0.76523	1.0684
0.76391	1.0675
0.76463	1.0634
0.76375	1.0628
0.76211	1.0668
0.76644	1.0671
0.76873	1.0676
0.76406	1.0706
0.76657	1.0722
0.76397	1.072
0.76154	1.0727
0.76008	1.0688
0.75606	1.0648
0.75545	1.0627
0.75478	1.06
0.75639	1.0528
0.75815	1.0528
0.75463	1.0531
0.75561	1.0531
0.75303	1.0498
0.75336	1.053
0.75276	1.0484
0.75102	1.0495
0.75398	1.0494
0.75493	1.0468
0.75428	1.0457
0.75744	1.047
0.7604	1.047
0.76196	1.0451
0.76064	1.0473
0.76259	1.0446
0.76318	1.0425
0.76398	1.04
0.76292	1.043
0.76685	1.0482
0.76846	1.0525
0.76906	1.0555
0.76551	1.0556
0.76616	1.0547
0.76692	1.05
0.76493	1.0464
0.76757	1.0462
0.76634	1.0482
0.76261	1.0481
0.7607	1.0503
0.76413	1.0507
0.76487	1.0492
0.76877	1.0482
0.76647	1.0497
0.76938	1.0552
0.76383	1.0562
0.76446	1.0592
0.76662	1.0595
0.764	1.0594
0.76053	1.0604
0.76233	1.0658
0.76162	1.0677
0.76137	1.0701
0.76089	1.0698
0.7593	1.0705
0.76271	1.0689
0.76608	1.0704
0.7697	1.0674
0.76754	1.0645
0.77228	1.0647
0.7764	1.0624
0.77145	1.0592
0.773	1.0618
0.77029	1.0666
0.76744	1.0678
0.76719	1.063
0.76177	1.0609
0.76047	1.0592
0.76193	1.0608
0.76053	1.0578
0.76479	1.0534
0.77004	1.0545
0.77313	1.0543
0.7753	1.0538
0.7723	1.0556
0.77556	1.0554
0.7715	1.0505
0.77359	1.0447
0.77791	1.0465
0.77781	1.0543
0.77881	1.0516
0.77851	1.0496
0.77873	1.0547
0.78502	1.0552
0.78825	1.0525
0.78656	1.0533
0.78859	1.0605
0.78915	1.0572
0.78987	1.0583
0.78767	1.051
0.79138	1.046
0.79168	1.0469
0.78963	1.0456
0.78988	1.0464
0.78993	1.0489
0.7902	1.0535
0.78693	1.0564
0.78903	1.0589
0.78867	1.0624
0.78855	1.0599
0.79272	1.0602
0.79463	1.0555
0.79343	1.0561
0.79025	1.0524
0.78693	1.0515
0.78703	1.0483
0.78378	1.0466
0.78663	1.0483
0.78848	1.049
0.78896	1.0465
0.793	1.0459
0.79909	1.0448
0.7953	1.0426
0.79115	1.0447
0.79103	1.0472
0.79379	1.0469
0.79696	1.0471
0.79644	1.0432
0.79455	1.0412
0.79569	1.0401
0.7938	1.0379
0.79469	1.0342
0.79471	1.0366
0.79543	1.0318
0.79188	1.0314
0.79603	1.0349
0.79698	1.0366
0.79859	1.036
0.80018	1.0322
0.79864	1.0299
0.80477	1.0271
0.80215	1.0264
0.79879	1.0281
0.79563	1.026
0.79613	1.027
0.79492	1.0262
0.79655	1.0192
0.79845	1.0147
0.797	1.0152
0.79801	1.0165
0.7948	1.0186
0.79682	1.0162
0.79513	1.0164
0.79253	1.0205
0.78215	1.0198
0.78284	1.0203
0.78172	1.024
0.78679	1.0211
0.7848	1.0231
0.78502	1.0191
0.78686	1.02
0.7872	1.0203
0.7941	1.0158
0.79491	1.0177
0.79484	1.0157
0.79739	1.02
0.80076	1.0185
0.80084	1.0184
0.79602	1.0158
0.79169	1.0118
0.79342	1.0106
0.7942	1.0138
0.79123	1.0147
0.78979	1.0166
0.79083	1.0091
0.79082	1.0071
0.80094	1.0104
0.80531	1.0134
0.80608	1.0132
0.8059	1.0101
0.80442	1.0084
0.80304	1.0064
0.80242	0.99926
0.80277	1.0011
0.80107	1.0073
0.8004	1.004
0.79798	0.99998
0.79522	0.99718
0.79973	1.0025
0.80373	1.0018
0.80716	0.99817
0.81201	1.0049
0.80679	1.0003
0.80467	1.0007
0.80955	1.0025
0.81466	1.0043
0.81825	1.0019
0.81763	1.0038
0.82016	1.003
0.8222	1.0045
0.82467	0.99941
0.82492	0.99925
0.82045	1.0044
0.82795	0.99847
0.82062	0.99513
0.8221	0.99924
0.82347	1.0035
0.82178	1.0068
0.82218	1.0051
0.82623	0.9989
0.82771	1.0021
0.8315	0.99863
0.83558	0.99308
0.83314	0.99097
0.83499	0.98811
0.83128	0.98593
0.82894	0.98443
0.83262	0.983
0.82949	0.98794
0.83214	0.9878
0.8332	0.98617
0.83205	0.98914
0.82881	0.98986
0.82744	0.98647
0.82648	0.98973
0.82605	0.98938
0.82512	0.98784
0.82437	0.99069
0.82736	0.98683
0.82821	0.98452
0.83104	0.98202
0.83243	0.98245
0.84098	0.98229
0.84105	0.98049
0.84073	0.98301
0.84476	0.97929
0.84723	0.98427
0.84559	0.97981
0.84919	0.97899
0.85228	0.97738
0.85383	0.97845
0.85546	0.97999
0.84845	0.98344
0.84918	0.99098
0.85173	0.9907
0.84713	0.98855
0.84699	0.98687
0.85638	0.98779
0.85715	0.99153
0.85966	0.98671
0.85823	0.98788
0.85731	0.98917
0.8538	0.98999
0.85603	0.99237
0.85751	0.98646
0.85369	0.9853
0.85037	0.98873
0.85052	0.99106
0.85226	0.99428
0.85415	0.98869
0.85582	0.99009
0.85882	0.99242
0.85731	0.99285
0.85739	0.98952
0.84949	0.99179
0.84803	0.99489
0.84723	0.99841
0.8397	0.99616
0.83631	0.99505
0.83322	0.99298
0.83414	0.9898
0.83253	0.98538
0.82982	0.99258
0.827	0.99219
0.82641	0.99003
0.82333	0.99456
0.82399	0.99446
0.82681	0.99546
0.83364	0.99144
0.82691	0.98876
0.82766	0.99069
0.82483	0.99011
0.82503	0.99493
0.82965	0.99191
0.82992	0.99464
0.83276	0.99568
0.8288	0.99055
0.8263	0.98938
0.82525	0.98829
0.82504	0.99122
0.82688	0.99431
0.82598	0.99388
0.82047	0.99076
0.81947	0.98929
0.81702	0.99126
0.82298	0.9923
0.82301	0.99178
0.82342	0.99799
0.82084	0.99679
0.82045	1.0022
0.82214	1.0053
0.822	1.0032
0.82194	0.99695
0.82043	1.0021
0.82147	1.0075
0.81914	1.0104
0.8189	1.013
0.81914	1.0153
0.82419	1.0171
0.82695	1.0169
0.82759	1.0163
0.82426	1.0152
0.8272	1.0194
0.82937	1.0186
0.82234	1.0186
0.82594	1.0151
0.82665	1.0095
0.83387	1.0153
0.83137	1.011
0.83554	1.0084
0.8341	1.0135
0.8366	1.01
0.83562	1.014
0.83427	1.0147
0.83052	1.0171
0.83499	1.0186
0.83663	1.0209
0.83628	1.0196
0.83369	1.021
0.82862	1.0151
0.82938	1.0159
0.83413	1.0197
0.83381	1.025
0.83479	1.0261
0.83437	1.0235
0.83377	1.0252
0.83564	1.026
0.83718	1.0271
0.83428	1.0245
0.83777	1.0224
0.83625	1.0205
0.8307	1.022
0.82759	1.0185
0.82431	1.014
0.82549	1.0097
0.82545	1.0067
0.82238	1.0042
0.81883	1.0064
0.81646	1.0064
0.81558	1.0086
0.81758	1.0088
0.81967	1.0092
0.82475	1.0144
0.82331	1.0134
0.82136	1.0147
0.82163	1.018
0.82644	1.0179
0.8246	1.0205
0.82328	1.0189
0.81843	1.0174
0.82236	1.0194
0.82385	1.0233
0.81988	1.02
0.81699	1.0288
0.82054	1.0298
0.81986	1.0319
0.82018	1.0367
0.8122	1.0356
0.81106	1.0339
0.81137	1.0303
0.81297	1.0327
0.81715	1.0377
0.81679	1.0427
0.81237	1.0472
0.81356	1.0484
0.81573	1.0444
0.80963	1.0498
0.81335	1.0514
0.8155	1.0475
0.81085	1.0509
0.81095	1.0517
0.81586	1.0489
0.81261	1.0411
0.80879	1.0396
0.80336	1.0437
0.79557	1.0398
0.79223	1.0319
0.79697	1.0338
0.79944	1.029
0.80244	1.0298
0.80299	1.025
0.80258	1.026
0.8009	1.0205
0.79948	1.0187
0.79504	1.0233
0.79417	1.0252
0.79659	1.0252
0.79383	1.0212
0.79453	1.0204
0.78958	1.0184
0.79093	1.0141
0.7942	1.0126
0.79927	1.0174
0.79168	1.0212
0.7963	1.0226
0.80201	1.0233
0.80247	1.0218
0.8018	1.0254
0.80538	1.0235
0.80278	1.0297
0.80003	1.0291
0.80167	1.0231
0.80266	1.0216
0.80638	1.0184
0.81381	1.018
0.81191	1.0188
0.80925	1.0198
0.81283	1.0252
0.8099	1.0273
0.81135	1.0302
0.81498	1.0311
0.81087	1.0275
0.81396	1.0324
0.81484	1.0356
0.81454	1.0413
0.81191	1.0407
0.8075	1.036
0.806	1.0325
0.80534	1.0265
0.80991	1.0218
0.80679	1.0234
0.80728	1.028
0.81127	1.0262
0.81453	1.0306
0.81476	1.0347
0.80716	1.034
0.80441	1.0332
0.80041	1.0321
0.80664	1.0339
0.80311	1.0355
0.80276	1.0354
0.80517	1.0356
0.8056	1.0307
0.80293	1.0313
0.80375	1.0293
0.80063	1.0286
0.80252	1.0313
0.80919	1.0291
0.80736	1.0267
0.81237	1.026
0.8135	1.0251
0.81185	1.0234
0.80241	1.0203
0.79888	1.0189
0.80015	1.0114
0.79762	1.0123
0.79393	1.009
0.79999	1.0112
0.79955	1.0091
0.79595	1.0077
0.7893	1.0054
0.79478	1.0106
0.79158	1.0124
0.78981	1.0083
0.78442	1.0133
0.78181	1.0098
0.78123	1.0079
0.78207	1.0047
0.77812	1.0063
0.78139	1.0081
0.78563	1.0036
0.78224	1.0091
0.78364	1.0122
0.78679	1.0113
0.79142	1.0098
0.79359	1.0077
0.79051	1.007
0.78856	1.0052
0.78889	1.0064
0.79085	1.0057
0.79254	1.0078
0.79109	1.0079
0.78817	1.011
0.79271	1.0059
0.79683	1.0059
0.80162	1.001
0.79965	0.99959
0.79628	0.99437
0.79492	0.99158
0.79917	0.99664
0.80026	0.99806
0.79451	1.0008
0.79462	1.001
0.7995	0.99679
0.79538	1.0007
0.79485	0.99853
0.7952	0.99686
0.7986	0.99788
0.79853	0.99863
0.79922	1.0035
0.80053	1.0051
0.79587	1.0126
0.79846	1.0188
0.79889	1.0172
0.79465	1.0189
0.79449	1.0139
0.795	1.0078
0.79439	1.0111
0.79621	1.0132
0.79909	1.014
0.79854	1.0142
0.79227	1.0181
0.79532	1.0173
0.79611	1.0157
0.79559	1.0211
0.792	1.0197
0.79425	1.0198
0.79515	1.0174
0.79662	1.0189
0.79458	1.0198
0.78971	1.0195
0.79358	1.0217
0.79689	1.0171
0.79841	1.0173
0.79636	1.019
0.79601	1.0192
0.79488	1.0143
0.79311	1.0128
0.79066	1.0124
0.79843	1.0112
0.79787	1.0165
0.79897	1.0162
0.79749	1.0148
0.79959	1.0174
0.79866	1.0159
0.79629	1.0237
0.79463	1.0214
0.80177	1.0274
0.80586	1.0345
0.81015	1.0342
0.80364	1.0324
0.80112	1.0361
0.80423	1.0382
0.79734	1.0348
0.79931	1.0341
0.80435	1.038
0.80805	1.0369
0.81001	1.0415
0.80886	1.0363
0.80853	1.0332
0.80516	1.0266
0.79672	1.0279
0.79687	1.0264
0.79648	1.0269
0.79757	1.0264
0.79692	1.0271
0.79181	1.0259
0.79423	1.0244
0.79197	1.0239
0.78964	1.0323
0.78784	1.0338
0.78762	1.031
0.78805	1.031
0.78828	1.0271
0.79095	1.0217
0.79198	1.0212
0.78981	1.0189
0.79056	1.022
0.78862	1.0212
0.7829	1.0235
0.77998	1.0244
0.77911	1.0211
0.77754	1.0208
0.78102	1.0243
0.77863	1.024
0.78055	1.0225
0.77836	1.0273
0.77778	1.025
0.77524	1.022
0.77861	1.0198
0.78173	1.0177
0.78162	1.0172
0.7851	1.0118
0.78557	1.018
0.7852	1.0129
0.78219	1.0128
0.7811	1.0131
0.77896	1.0154
0.7753	1.0167
0.77518	1.0117
0.78141	1.0187
0.77778	1.0247
0.78402	1.0249
0.7821	1.0285
0.78326	1.025
0.78495	1.0231
0.78545	1.0216
0.78793	1.0162
0.78276	1.0207
0.78164	1.0235
0.78209	1.0205
0.78043	1.0205
0.78284	1.0199
0.78774	1.0263
0.7877	1.0207
0.79041	1.0263
0.78995	1.0316
0.78661	1.0324
0.78886	1.0321
0.78267	1.0343
0.77932	1.0338
0.77668	1.0356
0.77635	1.0349
0.77559	1.0363
0.77002	1.0362
0.77019	1.0363
0.77088	1.0349
0.77673	1.039
0.77779	1.0436
0.77913	1.0427
0.78137	1.0386
0.78198	1.0405
0.78203	1.0373
0.77837	1.039
0.78328	1.04
0.77878	1.0439
0.78306	1.0434
0.77575	1.0452
0.77652	1.0413
0.77337	1.0454
0.77081	1.0502
0.77381	1.0411
0.77489	1.0406
0.77386	1.0415
0.77849	1.0353
0.77716	1.037
0.7819	1.0335
0.7811	1.034
0.78353	1.0307
0.78724	1.0257
0.78812	1.0234
0.78734	1.0215
0.78737	1.0219
0.78514	1.0258
0.78778	1.0197
0.78439	1.016
0.78425	1.0149
0.78127	1.0172
0.78052	1.0207
0.78928	1.0219
0.79111	1.0198
0.78987	1.019
0.79086	1.0213
0.79222	1.0246
0.7891	1.0233
0.79275	1.0239
0.79595	1.0253
0.7978	1.0224
0.79518	1.02
0.79627	1.0237
0.79627	1.0261
0.79502	1.0317
0.79413	1.0249
0.79637	1.024
0.79368	1.023
0.79432	1.0289
0.80145	1.0317
0.80043	1.0329
0.80539	1.0312
0.80017	1.0366
0.80128	1.038
0.79907	1.0331
0.80236	1.0369
0.80697	1.0375
0.80441	1.0364
0.81322	1.0324
0.81549	1.0305
0.81449	1.0246
0.81362	1.0277
0.81939	1.03
0.81675	1.0255
0.81671	1.0227
0.81351	1.0241
0.81335	1.0218
0.81297	1.0176
0.80852	1.0199
0.80881	1.0161
0.80476	1.0149
0.81314	1.0143
0.81409	1.0146
0.81358	1.0225
0.80777	1.0201
0.81247	1.0219
0.80989	1.0227
0.81803	1.0198
0.81762	1.0149
0.82152	1.0161
0.82181	1.0107
0.82812	1.0074
0.82739	1.012
0.82598	1.014
0.82561	1.0112
0.82347	1.0092
0.82281	1.0142
0.81875	1.0179
0.8156	1.0178
0.81411	1.0228
0.81175	1.0196
0.80919	1.0222
0.81387	1.0234
0.81222	1.0255
0.81044	1.0284
0.8096	1.0325
0.81586	1.0304
0.80885	1.0314
0.81221	1.0316
0.81446	1.0265
0.81433	1.0256
0.81448	1.0272
0.81186	1.0203
0.80432	1.0204
0.8016	1.0224
0.79568	1.0179
0.79341	1.0175
0.79053	1.0089
0.79189	1.0115
0.78995	1.0158
0.79316	1.0132
0.79466	1.0145
0.79183	1.0141
0.79357	1.0174
0.79618	1.0225
0.79816	1.0288
0.79503	1.0292
0.79565	1.0305
0.79344	1.0291
0.78886	1.0289
0.79106	1.0301
0.78673	1.0303
0.78758	1.0338
0.78176	1.0357
0.78296	1.0303
0.7833	1.0295
0.78837	1.0323
0.78716	1.0346
0.79202	1.0366
0.79229	1.0332
0.79307	1.0341
0.79708	1.0376
0.79881	1.0345
0.79559	1.0303
0.79617	1.0291
0.79557	1.0248
0.79211	1.0227
0.79213	1.0242
0.7962	1.0286
0.7961	1.0299
0.79698	1.0313
0.79633	1.0311
0.79442	1.0262
0.79567	1.0306
0.7986	1.0274
0.80312	1.0265
0.8062	1.0266
0.81226	1.0299
0.80927	1.0328
0.8088	1.0331
0.8088	1.0313
0.81164	1.0276
0.81146	1.0337
0.81402	1.0361
0.81079	1.0403
0.81342	1.0401
0.81108	1.0392
0.81693	1.0381
0.81779	1.0436
0.81517	1.0361
0.81372	1.0316
0.80867	1.0315
0.81009	1.0318
0.81132	1.0344
0.80864	1.0347
0.8059	1.0281
0.80479	1.0236
0.80552	1.0244
0.80148	1.0246
0.80243	1.0223
0.80546	1.0238
0.80622	1.0257
0.80397	1.0255
0.80109	1.0239
0.8017	1.029
0.80084	1.0251
0.80064	1.0251
0.80062	1.0218
0.7948	1.022
0.7917	1.0243
0.79544	1.0227
0.7966	1.02
0.79255	1.0211
0.7956	1.0198
0.79384	1.0208
0.79715	1.0162
0.79711	1.0209
0.79866	1.0204
0.79828	1.0219
0.79935	1.0191
0.80145	1.0193
0.80372	1.0201
0.80559	1.0253
0.80582	1.0268
0.80587	1.0251
0.80804	1.0197
0.80272	1.0174
0.80315	1.022
0.79784	1.0169
0.7973	1.0186
0.80078	1.0175
0.79894	1.02
0.80109	1.0183
0.80272	1.0164
0.80164	1.0124
0.80398	1.0116
0.79685	1.0181
0.79336	1.0196
0.80194	1.0169
0.80469	1.0174
0.80103	1.023
0.80349	1.0282
0.80673	1.0311
0.80883	1.0328
0.81364	1.0291
0.81726	1.0298
0.81846	1.0284
0.81505	1.034
0.81837	1.033
0.81569	1.0221
0.81868	1.0176
0.82137	1.0179
0.82211	1.0198
0.82284	1.0203
0.82525	1.0266
0.82761	1.0249
0.83057	1.0203
0.82991	1.0166
0.82958	1.0162
0.82131	1.0153
0.82835	1.015
0.8246	1.0115
0.82302	1.011
0.81776	1.0102
0.82066	1.0156
0.82135	1.0158
0.82319	1.0118
0.82978	1.0122
0.82771	1.0075
0.8361	1.0076
0.83749	1.0031
0.83376	0.999
0.84315	0.99615
0.84267	0.99806
0.84683	0.99765
0.8454	1.0017
0.84405	0.99979
0.84092	0.99941
0.84163	1.002
0.84522	1.0004
0.84317	1.0041
0.84737	1.0027
0.84531	0.9968
0.8465	1.0051
0.84397	1.0052
0.84181	1.0023
0.83894	1.002
0.83766	0.99531
0.83829	1.0019
0.84019	1.0043
0.84135	1.0052
0.84118	1.0092
0.84109	1.0058
0.84344	1.0068
0.8463	1.0102
0.84543	1.0089
0.84919	1.0069
0.84687	1.004
0.84904	1.0059
0.84935	1.0007
0.85241	1.0013
0.8508	0.99917
0.84976	0.99665
0.8461	0.99674
0.84225	0.99742
0.84415	0.99816
0.84649	1.0025
0.84673	1.008
0.84515	1.0111
0.84542	1.0042
0.84781	1.0033
0.8477	0.99791
0.84711	0.99787
0.8485	0.99861
0.84916	1.0011
0.85402	1.001
0.85935	0.99872
0.85762	0.99493
0.86092	0.99038
0.86175	0.99406
0.8652	0.99207
0.86736	0.99169
0.87155	0.98679
0.87526	0.98648
0.87557	0.98787
0.87567	0.98651
0.87896	0.98983
0.88341	0.98728
0.8872	0.98727
0.88857	0.98697
0.88767	0.98811
0.88684	0.9922
0.88079	0.98838
0.88162	0.99175
0.88124	0.99037
0.8791	0.99374
0.87892	0.99542
0.87887	0.993
0.8808	0.99356
0.87803	0.99587
0.87561	0.99575
0.87279	0.99616
0.86899	0.99602
0.86849	1.0054
0.86431	1.0062
0.86363	1.0085
0.86586	1.0084
0.86507	1.0099
0.86346	1.0077
0.86217	1.0047
0.86277	1.0059
0.86352	1.008
0.8626	1.0054
0.86457	1.0045
0.86616	0.99997
0.86456	0.99757
0.86832	0.99593
0.86479	0.99338
0.86889	0.99369
0.86939	0.9939
0.86328	0.99755
0.86013	0.99373
0.8593	0.99442
0.86108	0.99122
0.85749	0.99312
0.85869	0.99445
0.86024	1.0008
0.86415	1.002
0.86462	1.0029
0.86291	1.0031
0.85554	1.0123
0.85511	1.0165
0.85291	1.0179
0.85487	1.0151
0.85576	1.0191
0.85655	1.0218
0.85547	1.0199
0.8548	1.0133
0.85827	1.0138
0.85147	1.0159
0.8544	1.0163
0.85854	1.0117
0.85999	1.0107
0.87036	1.0112
0.86936	1.006
0.8698	1.0079
0.86849	1.001
0.86598	1.0037
0.86707	1.0007
0.86596	1.0013
0.86635	1.0059
0.86645	1.0038
0.87056	1.0053
0.86251	1.002
0.86397	1.0011
0.8664	1.0024
0.86587	1.0013
0.86052	1.0001
0.85935	0.99679
0.85577	0.9963
0.8617	0.98656
0.86261	0.98755
0.85932	0.98432
0.85622	0.98327
0.855	0.98226
0.85152	0.98149
0.84677	0.98711
0.84777	0.98339
0.84846	0.98289
0.84777	0.97946
0.84806	0.97896
0.84947	0.98229
0.84604	0.97939
0.8454	0.97846
0.84809	0.97832
0.84295	0.98099
0.84323	0.9762
0.84749	0.97757
0.84926	0.97279
0.84268	0.97314
0.84294	0.97104
0.84354	0.97079
0.84198	0.96781
0.84016	0.97381
0.84199	0.97015
0.84223	0.97388
0.83873	0.97522
0.83823	0.98113
0.84216	0.98741
0.84512	0.98578
0.83953	0.98373
0.83731	0.98546
0.83275	0.98417
0.83536	0.98834
0.83819	0.9928
0.83704	0.9873
0.83256	0.99035
0.83672	0.98699
0.83399	0.98997
0.83222	0.99328
0.82762	0.99317
0.83121	0.99212
0.8336	0.99103
0.8311	0.99131
0.83531	0.99851
0.83529	1.0025
0.83077	1.0091
0.83508	1.0062
0.83419	1.0056
0.83508	0.99935
0.83491	0.99994
0.83231	1.0003
0.8329	1.0046
0.83412	1.0048
0.82901	1.0058
0.8289	1.0077
0.83018	1.0082
0.82881	1.012
0.82916	1.0131
0.82718	1.0119
0.83228	1.0161
0.83044	1.019
0.82604	1.0185
0.82091	1.0217
0.82203	1.0261
0.82183	1.0268
0.82797	1.0285
0.8271	1.0256
0.82903	1.0294
0.82797	1.0218
0.82286	1.0206
0.81696	1.0224
0.81563	1.0229
0.81826	1.0242
0.81766	1.0285
0.81905	1.028
0.81953	1.0238
0.82011	1.0157
0.81439	1.0213
0.81745	1.0187
0.81914	1.0163
0.81879	1.0112
0.82643	1.0131
0.82227	1.0124
0.82082	1.015
0.81917	1.0154
0.82076	1.0093
0.82125	1.0096
0.82122	1.0111
0.82146	1.0122
0.82225	1.0167
0.81909	1.0128
0.81932	1.0078
0.82043	1.0094
0.82341	1.0053
0.82604	1.0046
0.82825	1.0034
0.82902	0.99969
0.82717	0.99992
0.82798	0.99956
0.82404	0.99727
0.82356	0.99726
0.8221	1.0017
0.82708	1.0031
0.83008	0.99759
0.83294	0.99783
0.83547	0.99157
0.83294	0.99427
0.83669	1.0014
0.83689	1.0036
0.83693	1.0026
0.83704	0.99692
0.83577	0.99809
0.83175	0.99805
0.83137	0.99108
0.8287	0.99258
0.82655	0.99371
0.82994	0.98554
0.82924	0.98946
0.8306	0.99423
0.836	1.0003
0.83664	1.003
0.83811	1.0061
0.84225	1.0054
0.84242	1.0056
0.84224	1.0032
0.84122	1.0044
0.83964	1.0023
0.83698	1.0055
0.83658	1.0106
0.83809	1.0064
0.83638	1.0089
0.83425	1.0076
0.8314	1.0001
0.8333	0.99809
0.84126	1.001
0.84101	1.003
0.83859	0.99865
0.84136	0.99658
0.84655	1.0006
0.84817	1.004
0.84487	1.0003
0.84334	0.99806
0.84468	0.99712
0.84332	0.99613
0.84393	0.99735
0.84486	0.99906
0.84149	1.0042
0.8389	1.0012
0.83533	1.0052
0.83557	1.0102
0.83608	1.0082
0.83662	1.0063
0.83863	1.0116
0.83723	1.011
0.83492	1.0174
0.83228	1.0213
0.83302	1.0229
0.83088	1.0206
0.82809	1.0204
0.83149	1.0241
0.83329	1.0266
0.83152	1.0203
0.82582	1.0215
0.82767	1.0238
0.83157	1.0274
0.83366	1.0294
0.83222	1.0311
0.832	1.0272
0.83053	1.0279
0.83089	1.0256
0.82976	1.0268
0.83318	1.023
0.82694	1.0244
0.82849	1.0261
0.82966	1.0245
0.82343	1.0224
0.81868	1.0221
0.8249	1.0248
0.82391	1.0259
0.81947	1.0278
0.81823	1.0279
0.81951	1.0277
0.81964	1.026
0.82294	1.0227
0.82375	1.0231
0.82412	1.0212
0.82148	1.0218
0.82337	1.0275
0.82422	1.0237
0.82225	1.0247
0.82809	1.0236
0.82775	1.0277
0.82051	1.0246
0.82055	1.0233
0.82203	1.0235
0.82198	1.0246
0.82037	1.0221
0.81796	1.0195
0.81922	1.0179
0.82286	1.0191
0.81739	1.0182
0.81451	1.0174
0.81639	1.0163
0.81518	1.0126
0.81838	1.0105
0.81833	1.0086
0.81993	1.0074
0.82437	1.0117
0.82834	1.0122
0.82625	1.0071
0.82434	1.0128
0.82499	1.0126
0.82737	1.0155
0.82878	1.0144
0.82801	1.0158
0.82906	1.0242
0.825	1.0239
0.82566	1.0247
0.82415	1.0243
0.82368	1.0279
0.82729	1.0253
0.82291	1.0262
0.82367	1.0269
0.8199	1.023
0.81927	1.0225
0.81887	1.0127
0.82305	1.0093
0.82413	1.0059
0.82438	1.0052
0.82467	1.0046
0.82107	1.0109
0.82365	1.0124
0.82802	1.0117
0.82321	1.0116
0.82326	1.0105
0.81957	1.0109
0.81653	1.0089
0.81746	1.01
0.81858	1.0108
0.82083	1.0076
0.8155	1.0098
0.81365	1.0088
0.81187	1.01
0.80839	1.0103
0.81265	1.0071
0.80851	1.0056
0.80777	1.0104
0.80606	1.0093
0.80356	1.0109
0.80506	1.0054
0.80721	1.0037
0.81159	1.0055
0.81022	1.0053
0.81006	1.0023
0.81444	1.0013
0.81746	1.0043
0.81642	1.005
0.81629	1.0039
0.82207	1.0055
0.82617	1.0042
0.82802	1.0024
0.82488	1.0029
0.82541	1.0055
0.82683	1.0076
0.82751	1.0095
0.83072	1.0086
0.83061	1.0055
0.82961	1.0028
0.83339	1.0035
0.83003	1.0028
0.82569	1.0041
0.8253	1.0029
0.82377	1.0003
0.82358	0.99752
0.82256	1.002
0.82429	1.0057
0.82403	1.0063
0.82729	1.0104
0.8271	1.0075
0.82547	1.0105
0.82719	1.0119
0.83372	1.0095
0.82895	1.0038
0.82981	1.0006
0.83043	0.99979
0.83783	1.0051
0.83386	1.0058
0.83305	1.0065
0.82905	1.0047
0.83526	0.99937
0.83637	0.99457
0.83871	0.9945
0.84048	0.99445
0.83702	0.99632
0.83592	0.99894
0.83965	0.99826
0.84441	1.0016
0.84656	0.99925
0.84699	0.9982
0.84967	0.99723
0.85008	1.0004
0.84515	0.99705
0.84955	0.99497
0.84439	0.9911
0.85071	0.99517
0.85156	1.0011
0.85145	1.0001
0.8508	1.0006
0.84692	1.0003
0.84555	0.99888
0.8446	0.99495
0.84817	0.99297
0.84683	0.99151
0.84453	0.991
0.83727	0.98915
0.83039	0.99495
0.83673	0.99983
0.84058	1.0026
0.84224	1.0057
0.83943	1.0032
0.83495	1.0041
0.83951	1.0017
0.83113	1.0002
0.83094	0.99291
0.83519	1.0003
0.83864	1.0028
0.83312	1.003
0.8312	1.0075
0.82941	1.0044
0.82807	1.0009
0.82552	0.99984
0.82445	1.003
0.82248	1.004
0.81904	1.0014
0.81911	0.99786
0.81986	0.99963
0.81772	0.99739
0.82062	0.99561
0.81772	0.99772
0.81509	0.9977
0.81682	0.99735
0.81801	0.99865
0.82619	1.0012
0.82807	1.0006
0.82995	1.0022
0.82778	1.0035
0.82361	1.0014
0.82394	1.0065
0.82076	1.0014
0.81644	1.002
0.81285	1.004
0.81056	1.0034
0.80693	1.0011
0.81532	1.0012
0.81797	0.99593
0.81921	0.99458
0.82386	0.99624
0.82737	1
0.83314	0.99927
0.8331	0.99553
0.83556	0.99208
0.83915	0.99163
0.83722	0.99558
0.8354	0.99069
0.83466	0.98895
0.83414	0.99038
0.8369	0.99193
0.83909	0.98693
0.83583	0.98305
0.83929	0.98356
0.83146	0.98039
0.83308	0.97699
0.83305	0.9797
0.83765	0.97885
0.84138	0.9778
0.84043	0.9753
0.83537	0.97716
0.83274	0.97996
0.83674	0.97986
0.83536	0.98805
0.83135	0.98763
0.83056	0.98264
0.82959	0.9859
0.83191	0.99112
0.83173	0.99455
0.83433	0.99436
0.83424	0.99391
0.83584	0.99866
0.83912	0.99575
0.84354	0.99422
0.83985	0.99822
0.83965	0.99923
0.84064	0.99516
0.83885	0.99964
0.83321	0.99875
0.83774	0.99938
0.84026	1.0027
0.83717	1.0002
0.83382	0.99966
0.83556	1.0026
0.83855	0.9991
0.84174	0.99614
0.84138	0.99822
0.84083	0.99905
0.83815	0.99675
0.83454	0.99854
0.83603	0.99234
0.83813	0.99911
0.83918	0.99631
0.83967	0.99343
0.84168	0.98529
0.83985	0.98999
0.83858	0.99411
0.84035	0.99133
0.84239	0.99344
0.83654	0.99285
0.83657	0.99183
0.8383	0.99022
0.83977	0.98956
0.84299	0.99538
0.84544	0.99616
0.84805	0.99772
0.84203	0.9972
0.84054	1.0005
0.83905	1.0063
0.84217	1.0079
0.84266	1.0041
0.84725	1.003
0.84815	1.0036
0.84827	1
0.84957	1.0026
0.84738	0.99841
0.846	1.0005
0.84609	0.99942
0.84303	1.0037
0.84203	1.0106
0.8398	1.0091
0.83582	1.003
0.83649	1.0054
0.83275	1.0027
0.83905	1.0025
0.83748	1.0001
0.84259	1.0028
0.83945	1.0073
0.84044	1.0067
0.83399	1.0082
0.83182	1.015
0.83745	1.0202
0.83388	1.0164
0.83594	1.019
0.8329	1.0161
0.83433	1.0132
0.83733	1.0135
0.8455	1.0145
0.8476	1.0097
0.84353	1.0111
0.84148	1.0117
0.84488	1.0049
0.84724	1.0051
0.84432	1.0085
0.84836	1.0097
0.85264	1.0034
0.85265	1.0033
0.84813	0.99774
0.84582	0.99516
0.84679	0.99359
0.84236	0.99025
0.84526	0.98977
0.85018	0.99239
0.8507	0.99593
0.85555	0.99514
0.85418	0.99615
0.85908	0.99353
0.86346	0.99043
0.86402	0.98485
0.85939	0.98231
0.85977	0.9828
0.85795	0.98449
0.85955	0.98245
0.86039	0.98294
0.86363	0.9817
0.8597	0.98118
0.85753	0.9821
0.85728	0.9859
0.85646	0.99065
0.85687	0.9861
0.8531	0.98752
0.85193	0.98819
0.84579	0.99206
0.84152	0.99198
0.83674	0.99018
0.83471	0.98644
0.83906	0.98782
0.8388	0.99015
0.83883	0.99333
0.84244	0.98776
0.84055	0.98907
0.83695	0.99056
0.83287	0.98564
0.83733	0.97965
0.84429	0.97458
0.83685	0.97201
0.83561	0.97502
0.83135	0.97667
0.82982	0.97465
0.83009	0.9762
0.82703	0.97585
0.82517	0.97645
0.82459	0.98174
0.82373	0.97928
0.82521	0.9787
0.82554	0.97633
0.82232	0.9788
0.81961	0.97506
0.82329	0.97404
0.81997	0.97859
0.81715	0.97792
0.81837	0.98215
0.81698	0.97917
0.81712	0.98239
0.81606	0.98965
0.82106	0.99032
0.82243	0.99225
0.82394	0.98764
0.82797	0.9913
0.82652	0.99134
0.82599	0.99185
0.83093	0.9949
0.83361	0.99881
0.82944	1.0019
0.83201	1.0025
0.83881	1.0029
0.83515	1.0042
0.8356	1.0097
0.83629	1.011
0.83818	1.0102
0.83713	1.0046
0.83862	1.0036
0.83955	1.0077
0.83202	1.0071
0.83218	1.0147
0.83139	1.0178
0.83479	1.0215
0.8279	1.0214
0.82451	1.0217
0.82994	1.0287
0.83163	1.028
0.83673	1.0274
0.83031	1.0248
0.82844	1.0274
0.83169	1.0291
0.83235	1.0266
0.83225	1.0257
0.83114	1.0197
0.82189	1.0192
0.81753	1.0266
0.81575	1.0253
0.81113	1.0221
0.81214	1.0198
0.81583	1.0224
0.81563	1.0213
0.81586	1.0167
0.81763	1.0188
0.81914	1.016
0.82558	1.0203
0.82303	1.0167
0.82276	1.0158
0.82146	1.0128
0.82245	1.0112
0.82493	1.0095
0.82363	1.0042
0.82767	1.0048
0.82283	1.0114
0.82346	1.0173
0.81905	1.0212
0.82061	1.02
0.81908	1.0184
0.82191	1.0202
0.81937	1.0173
0.81936	1.0106
0.82124	1.0081
0.82005	1.0083
0.81772	1.0046
0.81772	1.0029
0.82101	1.0033
0.82144	1.0051
0.81779	1.0012
0.81741	1.005
0.819	1.0066
0.8191	1.0036
0.81886	1.004
0.81202	1.0087
0.81188	1.0051
0.81314	1.0041
0.81539	1.0037
0.81668	1.0023
0.82015	1.0032
0.81721	1.002
0.82036	1.0013
0.82076	1
0.8191	1.0035
0.81686	1.0047
0.81564	1.006
0.81829	1.0043
0.8235	1.0013
0.82393	1.0077
0.82067	1.0054
0.82441	1.0031
0.82376	1.0038
0.82829	1.0045
0.82373	1.0047
0.82522	1.0097
0.82702	1.0117
0.8242	1.007
0.82218	1.012
0.82674	1.0139
0.82818	1.0124
0.8301	1.0164
0.82848	1.0143
0.83163	1.0157
0.83383	1.0141
0.82781	1.0134
0.83177	1.0153
0.83841	1.0172
0.84136	1.0166
0.84177	1.0178
0.84267	1.0189
0.84522	1.0211
0.84821	1.0231
0.8468	1.0218
0.84289	1.0273
0.84382	1.0265
0.83781	1.0221
0.8382	1.0214
0.84562	1.0281
0.8509	1.0265
0.8486	1.0267
0.84432	1.0246
0.84058	1.0213
0.83929	1.025
0.83632	1.0271
0.83822	1.0293
0.83991	1.0346
0.84203	1.0338
0.84738	1.0379
0.84717	1.0331
0.84909	1.0293
0.84963	1.03
0.8506	1.0266
0.85161	1.0275
0.85326	1.0334
0.85209	1.0351
0.85237	1.0333
0.84824	1.0303
0.84538	1.03
0.83997	1.0254
0.83945	1.026
0.83629	1.0241
0.83616	1.031
0.83457	1.0334
0.83406	1.0347
0.8342	1.0332
0.83317	1.0348
0.83082	1.0386
0.83281	1.0371
0.83545	1.0312
0.83754	1.0348
0.83443	1.0305
0.83394	1.0331
0.82764	1.0372
0.82863	1.0302
0.8229	1.0321
0.81613	1.0267
0.81283	1.0351
0.80978	1.0316
0.81002	1.0287
0.80568	1.0321
0.80653	1.0351
0.80207	1.0297
0.8058	1.0279
0.80471	1.033
0.80412	1.0322
0.79968	1.0267
0.79859	1.0224
0.80041	1.0238
0.80083	1.0219
0.79727	1.0246
0.79377	1.0234
0.79567	1.0233
0.79796	1.0255
0.79732	1.0236
0.78918	1.0175
0.78706	1.0183
0.79201	1.0136
0.79334	1.0159
0.79685	1.0137
0.79253	1.0207
0.79673	1.0207
0.79852	1.0207
0.79147	1.0228
0.79499	1.0257
0.78933	1.0248
0.79358	1.0236
0.79306	1.0205
0.79593	1.0251
0.79861	1.0249
0.80229	1.0261
0.80257	1.0227
0.80382	1.0244
0.80145	1.0234
0.80117	1.0234
0.8004	1.0206
0.80228	1.0241
0.80249	1.0228
0.80109	1.0205
0.80623	1.0243
0.80629	1.0236
0.81164	1.0245
0.80909	1.0267
0.80998	1.0267
0.80655	1.0323
0.81355	1.0316
0.81175	1.034
0.81586	1.0334
0.81253	1.0322
0.80597	1.0389
0.80166	1.0411
0.79975	1.0458
0.80622	1.0459
0.80592	1.0433
0.81035	1.0392
0.81043	1.0333
0.81391	1.0284
0.81398	1.0281
0.80574	1.0313
0.80291	1.0267
0.80085	1.0269
0.80417	1.0237
0.81009	1.0212
0.81164	1.023
0.80755	1.0261
0.81067	1.0256
0.81036	1.0235
0.81559	1.0236
0.8198	1.0155
0.82481	1.0205
0.8176	1.0203
0.81811	1.0176
0.82276	1.0135
0.82438	1.0199
0.83066	1.0201
0.83143	1.0221
0.82923	1.023
0.83124	1.0233
0.8307	1.0199
0.82606	1.019
0.82745	1.0168
0.82585	1.016
0.82738	1.0174
0.8226	1.0127
0.8191	1.0168
0.82245	1.0184
0.82421	1.0206
0.81973	1.0177
0.82036	1.017
0.82544	1.0195
0.82075	1.0222
0.81688	1.0224
0.81624	1.0194
0.81168	1.0164
0.81334	1.0162
0.81251	1.0213
0.81068	1.0255
0.81534	1.0282
0.81215	1.0283
0.80796	1.0328
0.80781	1.0324
0.8135	1.034
0.81729	1.0366
0.81413	1.038
0.81564	1.0378
0.8133	1.0326
0.81617	1.0311
0.81868	1.0351
0.81845	1.0284
0.81935	1.0268
0.81834	1.0305
0.82254	1.0334
0.8175	1.0274
0.81138	1.0265
0.80866	1.0258
0.80883	1.025
0.80501	1.0229
0.80563	1.0233
0.80479	1.0236
0.80809	1.0236
0.81239	1.0194
0.80958	1.0211
0.80974	1.0189
0.80798	1.0209
0.8094	1.0212
0.80723	1.0218
0.80655	1.0219
0.80234	1.0257
0.80165	1.0251
0.80556	1.0271
0.80557	1.0258
0.80881	1.0197
0.81166	1.0197
0.81115	1.0181
0.80876	1.0134
0.80714	1.0129
0.80796	1.0066
0.80639	1.0061
0.80542	1.0033
0.81077	1.003
0.81099	1.0074
0.81504	1.0074
0.8142	1.0079
0.81071	1.0046
0.81341	1.0111
0.80786	1.0148
0.80947	1.0132
0.81221	1.0132
0.81338	1.0115
0.81487	1.0071
0.81681	1.0135
0.81718	1.0083
0.81977	1.0052
0.82044	1.0026
0.82556	0.99988
0.82649	0.99888
0.82542	0.99444
0.82782	0.99512
0.83169	0.99634
0.83236	0.99052
0.83359	0.99405
0.83574	0.9959
0.83326	0.9993
0.83409	0.99949
0.83521	1.0032
0.83587	0.99737
0.83064	1.0026
0.83191	1.0029
0.83365	1.0004
0.83589	1.0052
0.83723	1.0058
0.83146	1.0046
0.83106	1.0048
0.83371	1.0095
0.83868	1.0099
0.83867	1.0076
0.83456	1.0037
0.83352	1.0021
0.82984	0.99969
0.8316	1.0008
0.83307	1.0016
0.83431	1.0018
0.83435	0.99997
0.83134	1.0063
0.83477	1.005
0.82662	1.0039
0.8223	1.0083
0.82015	1.0053
0.82306	1.0034
0.82594	1.0014
0.83497	1.0047
0.83054	1.0063
0.83186	1.0037
0.83168	1.0099
0.83697	1.0047
0.83531	1.0056
0.83731	1.008
0.84054	1.0102
0.83486	1.012
0.84006	1.011
0.83989	1.0085
0.83953	1.0058
0.84043	1.0056
0.84479	1.0043
0.84856	1.0068
0.84949	1.0066
0.8586	1.0039
0.85702	1.0025
0.85885	1.0013
0.8587	0.99969
0.86136	0.99837
0.85436	0.99746
0.8591	0.99279
0.84779	0.99261
0.85179	0.99176
0.85429	0.99452
0.85157	0.9964
0.84752	0.9968
0.8442	0.99552
0.84032	0.99753
0.8436	0.99944
0.8418	1.0047
0.84317	1.0034
0.84345	1.0028
0.84418	1.0082
0.84298	1.0095
0.84294	1.0078
0.84102	1.0077
0.84157	1.0023
0.84213	1.0016
0.84167	1.005
0.8383	1.0053
0.84254	1.0075
0.83966	1.0031
0.83529	1.0039
0.83548	0.99828
0.83103	1.0011
0.8353	0.99644
0.83296	0.99227
0.82985	0.99172
0.83144	0.9951
0.83356	0.99268
0.82999	0.99543
0.82478	0.99698
0.82207	0.99708
0.82171	0.99549
0.82154	0.99182
0.82359	0.99102
0.82045	0.99459
0.81498	0.99454
0.816	0.99139
0.81689	0.99382
0.81191	0.99879
0.81658	0.99799
0.81246	0.9961
0.81336	1.0011
0.81192	1.0016
0.81696	1.0015
0.81915	0.99734
0.8198	0.99409
0.82204	0.9944
0.82379	0.99874
0.82179	0.99811
0.82294	1.0039
0.82297	1.0038
0.82298	1.0036
0.82321	1.0058
0.82763	1.0085
0.82619	1.0059
0.82348	1.0073
0.82424	1.006
0.82782	1.0052
0.83311	1.0017
0.83107	0.99835
0.83315	1.0007
0.83491	0.99978
0.83342	0.99959
0.83421	0.99747
0.8285	0.99551
0.82391	0.99604
0.82404	0.99125
0.83115	0.99253
0.83082	0.99028
0.83466	0.99035
0.83295	0.98758
0.83824	0.99089
0.84087	0.99248
0.8416	0.99317
0.84569	0.9903
0.84396	0.99134
0.84433	0.98714
0.84487	0.98422
0.8414	0.98892
0.83768	0.98259
0.84243	0.98906
0.84734	0.9859
0.84837	0.98637
0.8475	0.98577
0.84782	0.98498
0.85213	0.98653
0.8511	0.98644
0.85643	0.99016
0.85143	0.98974
0.85034	0.99347
0.84972	0.99285
0.84613	0.99674
0.84048	0.99485
0.84132	0.99879
0.84578	1.001
0.84915	1.0028
0.84739	1.0071
0.84604	1.0089
0.84886	1.0073
0.85254	1.0103
0.84938	1.0125
0.85784	1.0109
0.85218	1.0102
0.84918	1.011
0.84972	1.0164
0.85201	1.0147
0.85264	1.0118
0.85201	1.0088
0.85263	1.01
0.85155	1.0092
0.85514	1.0058
0.84848	1.0063
0.84451	1.0079
0.84426	1.0092
0.84736	1.0054
0.84529	1.0086
0.84479	1.0084
0.842	1.0031
0.84517	1.0039
0.843	1.0072
0.84296	1.0063
0.84022	1.01
0.84378	1.0121
0.84525	1.0148
0.84419	1.0127
0.84851	1.0194
0.84741	1.0206
0.84358	1.0193
0.84229	1.0208
0.84416	1.0223
0.84089	1.0201
0.83893	1.0188
0.83561	1.0185
0.84122	1.0199
0.84161	1.0181
0.83842	1.0185
0.83728	1.0192
0.83975	1.023
0.83829	1.0206
0.83735	1.0157
0.8332	1.0142
0.82926	1.0098
0.83862	1.0074
0.83906	1.0065
0.83766	1.0041
0.84123	1.0074
0.84232	1.0034
0.83989	1.0045
0.84002	1.0084
0.84165	1.0069
0.84188	1.01
0.83824	1.0057
0.84257	1.0056
0.8396	1.0055
0.84051	1.0053
0.84043	1.0062
0.84197	1.0069
0.8384	1.0104
0.83937	1.0136
0.8404	1.0124
0.84481	1.0166
0.84451	1.0155
0.84999	1.0155
0.84839	1.0125
0.84588	1.0113
0.85378	1.0073
0.85233	1.004
0.85434	0.99951
0.85265	0.99256
0.85452	0.98891
0.85244	0.99403
0.85493	0.99795
0.85479	0.99545
0.84994	1.0023
0.85363	1.0005
0.85049	1.0004
0.85403	0.99911
0.85249	0.99526
0.85582	0.99516
0.85737	0.99605
0.85782	1.0007
0.85694	0.99913
0.85436	1.0006
0.85413	1.0071
0.8531	1.0083
0.85007	1.0103
0.85602	1.01
0.85437	1.0105
0.85407	1.0117
0.85277	1.0112
0.85173	1.0167
0.85248	1.0128
0.84766	1.009
0.84294	1.0095
0.8481	1.0066
0.84304	1.0067
0.84254	1.0052
0.83943	1.0007
0.83527	1.0013
0.83409	1.0077
0.83779	1.0047
0.83964	1.0016
0.84015	1.0038
0.83714	1
0.83241	0.9982
0.82795	0.99451
0.82921	0.99437
0.82903	0.99572
0.82893	0.99958
0.82719	0.99964
0.82598	1.0033
0.8337	1.0039
0.83267	0.99714
0.83012	0.99577
0.8313	1.001
0.82937	0.99823
0.82761	0.99351
0.83122	0.99412
0.83625	0.99566
0.83518	0.99397
0.83035	0.99379
0.82652	0.99937
0.82387	0.99635
0.82427	0.9936
0.82286	0.99282
0.82334	0.99542
0.82516	0.99618
0.82519	1.0018
0.82171	1.0038
0.82319	1.003
0.82514	1.0042
0.82201	1.0077
0.82102	1.0077
0.82089	1.0085
0.82884	1.0116
0.82806	1.0111
0.82352	1.0142
0.8202	1.0113
0.82265	1.0124
0.81793	1.0183
0.81838	1.016
0.82068	1.0216
0.81853	1.0178
0.818	1.0177
0.81313	1.0157
0.80831	1.0134
0.80877	1.0102
0.80714	1.0133
0.80515	1.0181
0.80271	1.0175
0.80205	1.0172
0.79727	1.0162
0.79927	1.0154
0.80209	1.021
0.8011	1.0161
0.79996	1.0157
0.80094	1.021
0.80678	1.0199
0.8055	1.0199
0.80897	1.0215
0.8094	1.024
0.81043	1.0218
0.81391	1.0223
0.81245	1.0236
0.81296	1.0206
0.81585	1.0162
0.81809	1.0104
0.81228	1.0121
0.81855	1.013
0.82301	1.0072
0.82242	1.004
0.81927	1.0005
0.82256	1.002
0.82465	1.0032
0.82193	1.0035
0.82127	0.9985
0.82441	1.0007
0.81937	1.007
0.81815	1.0076
0.81503	1.012
0.81304	1.0127
0.81592	1.0103
0.81705	1.0113
0.81483	1.0114
0.81798	1.0144
0.82126	1.0159
0.82283	1.01
0.82249	1.011
0.82446	1.0087
0.82698	1.01
0.82752	1.0116
0.82984	1.0095
0.8261	1.0067
0.82759	1.0022
0.82612	1.0025
0.82747	1.0054
0.8248	1.0065
0.82552	1.0082
0.8272	1.0087
0.83092	1.007
0.82539	1.008
0.82027	1.0098
0.82198	1.0093
0.81838	1.0052
0.81888	1.0022
0.81998	1.0021
0.82311	1.0035
0.81733	1.0003
0.82109	0.99958
0.82322	1.0018
0.82176	1.0002
0.82219	1.0059
0.82025	1.003
0.81804	1.0027
0.81748	0.99885
0.82012	0.9987
0.81377	1.0017
0.81316	1.0061
0.80716	1.0077
0.80816	1.0088
0.80378	1.0103
0.80448	1.0123
0.80853	1.0196
0.80362	1.0181
0.80375	1.0144
0.79735	1.014
0.79759	1.0166
0.79441	1.0218
0.7919	1.0281
0.79377	1.0216
0.7931	1.0206
0.78973	1.0177
0.78854	1.019
0.7881	1.0239
0.79174	1.0241
0.79548	1.0247
0.79864	1.0196
0.79877	1.0255
0.79678	1.0201
0.79688	1.0233
0.79165	1.0263
0.79232	1.0284
0.79774	1.0329
0.79963	1.0352
0.79107	1.0366
0.79731	1.0378
0.79958	1.0395
0.79765	1.0387
0.79712	1.0416
0.80055	1.0373
0.79571	1.0402
0.7968	1.0421
0.79665	1.0406
0.79732	1.0428
0.79258	1.0446
0.79264	1.0454
0.79383	1.0482
0.79436	1.0469
0.79211	1.0494
0.78477	1.051
0.78851	1.0443
0.78988	1.0445
0.78881	1.0499
0.78622	1.0462
0.78713	1.0447
0.78458	1.0445
0.78981	1.0452
0.78845	1.048
0.78557	1.0405
0.78094	1.0362
0.77703	1.039
0.77373	1.0464
0.7715	1.0454
0.7715	1.054
0.77655	1.053
0.77283	1.0555
0.77466	1.0528
0.77652	1.0545
0.77492	1.0534
0.77494	1.0438
0.77647	1.0435
0.77747	1.0467
0.7721	1.0485
0.76938	1.0487
0.76709	1.0503
0.76864	1.0497
0.76771	1.0497
0.76713	1.0509
0.76905	1.047
0.7692	1.0458
0.76643	1.0511
0.7702	1.0535
0.76752	1.0515
0.76674	1.0488
0.7709	1.051
0.76801	1.0537
0.76663	1.0545
0.77117	1.059
0.77611	1.0577
0.77887	1.0494
0.77943	1.0512
0.77594	1.0518
0.78145	1.0527
0.78356	1.0495
0.78562	1.0494
0.78673	1.0516
0.78255	1.0576
0.78302	1.0605
0.78328	1.0622
0.78373	1.0668
0.78534	1.0672
0.78559	1.0667
0.78436	1.0685
0.78242	1.0664
0.78114	1.0667
0.78787	1.0653
0.79453	1.0693
0.7952	1.066
0.791	1.0685
0.79302	1.0691
0.79526	1.0664
0.79349	1.059
0.78942	1.0582
0.79282	1.0617
0.7954	1.0612
0.79334	1.0619
0.79029	1.0613
0.79228	1.0604
0.79221	1.0564
0.7952	1.057
0.79759	1.0566
0.79561	1.0558
0.79711	1.054
0.80009	1.0573
0.80377	1.0565
0.80152	1.057
0.79939	1.0547
0.79753	1.0528
0.79849	1.0494
0.79557	1.0492
0.79683	1.0513
0.79634	1.055
0.7951	1.056
0.7895	1.058
0.79097	1.0602
0.78765	1.0614
0.79018	1.0671
0.78816	1.0668
0.7897	1.064
0.79182	1.0608
0.79393	1.0649
0.79721	1.0632
0.79683	1.0578
0.79394	1.0556
0.79266	1.0467
0.80146	1.054
0.79914	1.0564
0.79114	1.0599
0.79073	1.0578
0.78774	1.0604
0.79033	1.0643
0.78864	1.0591
0.78854	1.0555
0.79219	1.056
0.79202	1.057
0.79133	1.057
0.78971	1.0543
0.78882	1.0563
0.78932	1.0553
0.78927	1.0509
0.79045	1.052
0.78816	1.0529
0.78181	1.0538
0.77801	1.0561
0.77254	1.051
0.76802	1.0527
0.77301	1.0513
0.77313	1.051
0.77369	1.0524
0.77312	1.0519
0.77717	1.052
0.77831	1.0565
0.77845	1.0586
0.78139	1.0561
0.78018	1.0548
0.77675	1.0573
0.78054	1.0556
0.78257	1.0531
0.78628	1.0521
0.78199	1.0531
0.77978	1.0553
0.77772	1.0568
0.78235	1.0617
0.78473	1.0615
0.78603	1.0655
0.78553	1.0693
0.78664	1.0696
0.79118	1.074
0.79209	1.0736
0.78875	1.0741
0.78482	1.0758
0.78527	1.0687
0.78685	1.0697
0.78964	1.0698
0.78968	1.0723
0.78809	1.0714
0.78974	1.067
0.79165	1.0749
0.78809	1.0726
0.78419	1.0722
0.78553	1.0719
0.78826	1.0731
0.78922	1.0723
0.78955	1.0738
0.79269	1.0735
0.7888	1.0767
0.78653	1.073
0.78707	1.0774
0.78803	1.0777
0.78828	1.0768
0.78928	1.0798
0.78513	1.073
0.78672	1.0722
0.78709	1.0678
0.78764	1.0713
0.78628	1.0748
0.78616	1.0784
0.78894	1.0732
0.78605	1.0689
0.78043	1.0691
0.778	1.0671
0.78054	1.0651
0.77946	1.0708
0.78121	1.0666
0.77897	1.0686
0.77914	1.0666
0.78027	1.064
0.78455	1.0691
0.78389	1.0641
0.78326	1.0621
0.78196	1.067
0.7808	1.0671
0.77569	1.0651
0.77593	1.0658
0.77575	1.0667
0.77447	1.0715
0.77367	1.0673
0.77481	1.0667
0.77079	1.0635
0.7693	1.0641
0.77885	1.0645
0.78437	1.0601
0.79169	1.0615
0.79194	1.0602
0.79222	1.0603
0.79	1.0572
0.78898	1.0561
0.79108	1.057
0.792	1.0572
0.78874	1.0538
0.78511	1.047
0.78049	1.0447
0.78297	1.0438
0.78675	1.0437
0.78753	1.0408
0.78909	1.0435
0.79139	1.0407
0.79234	1.0407
0.79153	1.0442
0.79244	1.0414
0.78895	1.0401
0.78954	1.0424
0.79275	1.0413
0.79259	1.0409
0.79458	1.0451
0.79825	1.044
0.80134	1.0415
0.79988	1.0394
0.79448	1.0441
0.79959	1.0443
0.79986	1.0461
0.80479	1.0463
0.80763	1.0425
0.81344	1.0376
0.81379	1.0361
0.81009	1.0369
0.80153	1.0349
0.79963	1.0285
0.80117	1.0228
0.79533	1.025
0.80053	1.0251
0.80329	1.0242
0.80381	1.0218
0.80244	1.0221
0.80552	1.0237
0.80459	1.0252
0.80166	1.0263
0.80452	1.0296
0.80378	1.0336
0.79912	1.0392
0.79886	1.039
0.80292	1.038
0.80187	1.0459
0.80454	1.046
0.80287	1.0462
0.80378	1.0493
0.80206	1.0455
0.80655	1.0486
0.81126	1.0488
0.80979	1.0474
0.80941	1.047
0.8069	1.0439
0.80678	1.0477
0.80761	1.047
0.80994	1.0431
0.80955	1.0397
0.80425	1.0375
0.80215	1.0337
0.80471	1.0291
0.80234	1.0322
0.80086	1.0309
0.79608	1.0285
0.79636	1.0277
0.79751	1.029
0.80073	1.033
0.79837	1.0324
0.79071	1.0325
0.78856	1.0342
0.79124	1.0363
0.79578	1.0425
0.7952	1.0407
0.7947	1.039
0.79111	1.037
0.79061	1.0342
0.79013	1.0389
0.78879	1.0423
0.78921	1.0486
0.79537	1.0438
0.7935	1.0454
0.79304	1.0459
0.78799	1.0443
0.78552	1.0477
0.78301	1.0462
0.78269	1.0408
0.78424	1.0411
0.7834	1.0403
0.7773	1.0403
0.78003	1.0415
0.78039	1.045
0.78318	1.0423
0.78576	1.0379
0.78245	1.0353
0.78073	1.0337
0.78026	1.0335
0.77799	1.0313
0.78077	1.0336
0.77379	1.032
0.77682	1.0384
0.77676	1.0379
0.77684	1.0368
0.77699	1.0365
0.7839	1.0347
0.78466	1.0318
0.78589	1.0344
0.78876	1.0294
0.78318	1.0248
0.78522	1.0283
0.78675	1.0252
0.78535	1.0276
0.78273	1.0234
0.78087	1.0187
0.77954	1.0214
0.78029	1.0268
0.78686	1.0285
0.7927	1.0256
0.79157	1.0226
0.79123	1.0213
0.79068	1.0197
0.79302	1.0216
0.79382	1.0218
0.79458	1.0207
0.7898	1.0245
0.79335	1.0269
0.79304	1.0243
0.79524	1.023
0.79536	1.0196
0.79748	1.0109
0.79756	1.0126
0.7967	1.0122
0.79495	1.0092
0.79292	1.0113
0.79242	1.0094
0.79586	1.0077
0.79455	1.0108
0.79356	1.0102
0.79431	1.0081
0.79381	1.008
0.78845	1.0133
0.79896	1.0093
0.79991	1.0114
0.80372	1.0131
0.80039	1.0138
0.80489	1.014
0.80254	1.0133
0.79797	1.0094
0.79644	1.008
0.79681	1.0076
0.79359	1.0087
0.79086	1.0083
0.79138	1.0115
0.78848	1.0135
0.79131	1.0169
0.80037	1.0153
0.80337	1.0135
0.80084	1.007
0.80089	1.0043
0.80188	1.0111
0.79977	1.0096
0.80143	1.0099
0.80051	1.0152
0.8	1.0102
0.80085	1.0069
0.80662	1.0077
0.80688	1.0001
0.80925	1.0024
0.81536	1.0027
0.81086	1.0011
0.80968	1.0014
0.81044	1.0081
0.81227	1.0078
0.81438	1.0065
0.81605	1.0114
0.81199	1.0073
0.81277	1.0069
0.81764	1.0052
0.8148	1.0055
0.81683	1.0047
0.81536	1.0045
0.814	1.0035
0.81658	1.0091
0.81805	1.0089
0.81668	1.0079
0.82161	1.0086
0.81627	1.0129
0.81466	1.0176
0.81064	1.0155
0.8127	1.0162
0.80948	1.0167
0.80786	1.0181
0.80579	1.0135
0.79821	1.0067
0.80133	1.0086
0.80689	1.0056
0.80587	1.0009
0.80132	1.0047
0.79903	1.0048
0.80462	1.0004
0.80654	0.99981
0.81193	1.0011
0.81064	1.0052
0.80763	1.0019
0.80997	1.0012
0.80756	0.99531
0.80743	0.99177
0.80528	0.99523
0.80988	0.99098
0.8107	0.99134
0.80817	0.9884
0.81076	0.98667
0.81369	0.98626
0.81701	0.98687
0.81306	0.99042
0.80989	0.98624
0.81247	0.98346
0.80631	0.98551
0.80889	0.98304
0.81094	0.9833
0.80864	0.98486
0.81314	0.98268
0.81385	0.98484
0.81416	0.98343
0.81278	0.9831
0.8135	0.99168
0.81348	0.98689
0.81158	0.98754
0.81264	0.98842
0.81425	0.9844
0.81062	0.9848
0.81193	0.98598
0.80726	0.98896
0.80157	0.98673
0.80266	0.98018
0.80061	0.97827
0.79996	0.98103
0.80344	0.97817
0.8025	0.97891
0.79939	0.97706
0.80313	0.97372
0.80546	0.98025
0.80296	0.98077
0.80457	0.98262
0.80752	0.98454
0.81047	0.98399
0.80814	0.98579
0.8083	0.98551
0.80455	0.97957
0.80354	0.97474
0.80498	0.97146
0.8079	0.97383
0.80759	0.97732
0.80497	0.97422
0.80606	0.97205
0.80198	0.97281
0.80012	0.96664
0.80186	0.96842
0.80328	0.97086
0.80092	0.96661
0.80399	0.9703
0.81004	0.96851
0.80958	0.973
0.81321	0.97487
0.81386	0.97531
0.80908	0.97488
0.80467	0.97638
0.80521	0.97867
0.80325	0.98387
0.79967	0.98201
0.79906	0.98632
0.79709	0.98974
0.79463	0.99331
0.79591	0.9929
0.79505	0.99464
0.79226	0.99848
0.7956	1.0015
0.79411	0.99879
0.79992	0.99813
0.79356	1.0002
0.79579	0.9998
0.79795	1.0032
0.79897	1.006
0.79187	1.0026
0.79122	1.0003
0.79044	0.99381
0.78977	0.99623
0.7893	0.99524
0.79619	0.99669
0.79861	0.99743
0.80128	1.0011
0.79944	0.99932
0.7973	1.0012
0.79819	1.0037
0.80288	1.0044
0.80787	1.008
0.80297	1.0127
0.80666	1.0156
0.80368	1.0182
0.80537	1.0185
0.80419	1.0149
0.80014	1.0131
0.79768	1.0099
0.79984	1.0107
0.79651	1.0126
0.78971	1.0098
0.79728	1.0107
0.79248	1.0071
0.79495	1.0063
0.79855	1.0007
0.79666	1.0042
0.7955	1.0027
0.79568	1.003
0.7953	0.99969
0.79989	1.0026
0.79739	1.0032
0.80232	1.0033
0.80068	1.0082
0.8003	1.0075
0.79841	1.0094
0.80032	1.0071
0.80335	1.0042
0.79724	1.006
0.80656	1.0056
0.80923	1.0081
0.80431	1.0111
0.80067	1.0126
0.80023	1.0148
0.79459	1.0148
0.79382	1.0152
0.79329	1.0216
0.78713	1.021
0.786	1.0196
0.7844	1.0218
0.78629	1.0184
0.79252	1.019
0.79135	1.0211
0.79326	1.0151
0.7879	1.0144
0.79261	1.0183
0.79348	1.0111
0.79458	1.0176
0.79385	1.0145
0.79435	1.0129
0.7961	1.0136
0.80158	1.0136
0.80231	1.02
0.80119	1.024
0.79932	1.0237
0.79339	1.0238
0.79269	1.0308
0.78972	1.0346
0.78616	1.0347
0.79291	1.0302
0.79247	1.0285
0.78989	1.0288
0.78654	1.0315
0.78616	1.0291
0.78874	1.0215
0.78902	1.0233
0.7933	1.0236
0.79429	1.0273
0.79322	1.0305
0.79816	1.0272
0.80109	1.0258
0.79684	1.024
0.79482	1.0311
0.79953	1.032
0.79901	1.029
0.80252	1.0224
0.80173	1.0239
0.80702	1.0193
0.8088	1.0202
0.81104	1.0185
0.81395	1.0208
0.80954	1.0219
0.81233	1.0297
0.81228	1.0245
0.815	1.0285
0.81489	1.025
0.81112	1.0276
0.80877	1.0234
0.80809	1.0271
0.80554	1.0256
0.80422	1.0243
0.80836	1.0219
0.8119	1.0215
0.81276	1.0223
0.81234	1.0247
0.81321	1.0271
0.81103	1.0265
0.81269	1.0262
0.81314	1.0251
0.81287	1.0275
0.81023	1.0276
0.81027	1.0253
0.81235	1.0247
0.80858	1.02
0.81144	1.0215
0.80752	1.0192
0.80353	1.0187
0.80153	1.0182
0.80756	1.0144
0.8067	1.0124
0.81058	1.0092
0.81644	1.0132
0.81854	1.014
0.81412	1.0167
0.81615	1.0183
0.81542	1.0176
0.82014	1.0161
0.81877	1.0164
0.82479	1.0234
0.82538	1.0205
0.82107	1.0121
0.82054	1.0133
0.82426	1.0138
0.82385	1.0126
0.82164	1.0151
0.82344	1.0166
0.82162	1.0149
0.82682	1.0152
0.829	1.0118
0.83293	1.0071
0.82858	1.013
0.8306	1.0109
0.8371	1.009
0.83234	1.0105
0.83242	1.0075
0.83347	1.0028
0.83983	1.0026
0.84165	1.0001
0.84069	1.002
0.84604	1.0028
0.85083	1.0066
0.84505	1.0061
0.85072	1.0104
0.8419	1.007
0.84336	1.0002
0.84177	1.003
0.84427	0.99673
0.84745	0.99175
0.84975	0.99083
0.84762	0.99485
0.84783	0.99083
0.84208	0.99013
0.83772	0.98648
0.83317	0.98348
0.83494	0.99277
0.83713	0.99491
0.83807	0.99188
0.83376	0.99249
0.83018	0.99189
0.82959	0.99735
0.83442	0.99747
0.83204	1.0033
0.83011	1.0056
0.8314	1.0065
0.82686	1.0017
0.8291	1.0026
0.83222	1.0062
0.83201	1.007
0.83093	1.0039
0.835	1.0042
0.83429	1.0008
0.83777	0.99945
0.83836	1.0031
0.83874	1.0053
0.83675	1.0073
0.83795	1.0089
0.83365	1.0071
0.82982	1.004
0.82547	1.0056
0.82643	1.0134
0.82162	1.0128
0.8161	1.0113
0.81832	1.0126
0.82249	1.0137
0.82899	1.0126
0.82865	1.0126
0.82585	1.0166
0.83823	1.0172
0.84206	1.019
0.83656	1.0219
0.83749	1.0165
0.83842	1.0146
0.84049	1.0133
0.83785	1.0171
0.83875	1.0179
0.84187	1.0184
0.84221	1.0153
0.84641	1.0136
0.85041	1.0067
0.84964	1.0047
0.84922	1.0031
0.85182	1.0077
0.85595	1.0129
0.85705	1.0082
0.85441	1.0132
0.85369	1.0154
0.85162	1.0164
0.84725	1.0159
0.84598	1.0183
0.84723	1.0197
0.8477	1.019
0.84999	1.0208
0.85056	1.0155
0.84761	1.0168
0.8399	1.017
0.83884	1.0123
0.83256	1.0099
0.83226	1.0127
0.83304	1.0113
0.82945	1.0147
0.82392	1.0152
0.82609	1.0124
0.82516	1.0084
0.82615	1.0092
0.82651	1.0089
0.83285	1.0057
0.83005	1.0096
0.83508	1.0078
0.83981	1.0082
0.844	1.0094
0.83914	1.0142
0.83637	1.0115
0.84159	1.0108
0.8365	1.0146
0.83594	1.0166
0.83692	1.015
0.83934	1.0142
0.83763	1.0163
0.83978	1.0147
0.84063	1.0087
0.84349	1.0077
0.8432	1.0126
0.84367	1.0117
0.85076	1.013
0.85312	1.0124
0.85092	1.0116
0.8488	1.0165
0.8417	1.0214
0.84365	1.0218
0.84661	1.0244
0.85022	1.0222
0.85257	1.0198
0.85459	1.0205
0.85456	1.021
0.8502	1.0209
0.84931	1.0214
0.85136	1.0252
0.85246	1.0283
0.84957	1.0288
0.84729	1.0274
0.85338	1.0314
0.85058	1.0319
0.8485	1.0358
0.85286	1.0345
0.85077	1.0341
0.84652	1.0357
0.84586	1.0339
0.84516	1.0366
0.84889	1.0398
0.85218	1.0362
0.85175	1.0362
0.85052	1.0334
0.84974	1.036
0.85039	1.0276
0.85229	1.0258
0.85035	1.0265
0.85001	1.0305
0.84242	1.0317
0.84359	1.0346
0.83846	1.0338
0.83785	1.032
0.83613	1.0312
0.83466	1.0243
0.83888	1.0242
0.83556	1.0224
0.84307	1.0256
0.84225	1.0202
0.84713	1.0259
0.84857	1.0253
0.85166	1.0209
0.85301	1.0148
0.85167	1.0137
0.85223	1.0211
0.85022	1.0239
0.84552	1.0233
0.84554	1.021
0.84626	1.0214
0.85273	1.022
0.85898	1.0331
0.85605	1.0336
0.8654	1.0354
0.86626	1.0345
0.86544	1.0369
0.86789	1.0362
0.8741	1.0339
0.87228	1.0344
0.8754	1.0266
0.87477	1.018
0.87371	1.0175
0.87266	1.0165
0.87174	1.0101
0.87493	1.0055
0.86913	1.0022
0.86782	1.0019
0.8708	1.0029
0.86687	1.0044
0.86947	1.0071
0.86446	1.0075
0.85892	1.0029
0.86072	0.99921
0.86478	1.0021
0.86024	1.005
0.85538	1.0016
0.85937	1.0036
0.85777	0.99922
0.85554	1.0006
0.85576	1.0005
0.85782	1.0004
0.854	0.99803
0.85209	0.99866
0.85252	0.99831
0.85345	0.99824
0.85252	1.0008
0.85294	1.0029
0.85329	1.0004
0.84948	1.0043
0.85069	1.0052
0.84864	1.011
0.84596	1.0101
0.8467	1.0091
0.84842	1.0119
0.85073	1.0123
0.84806	1.0155
0.85068	1.0148
0.8492	1.0143
0.85074	1.019
0.85149	1.0209
0.85499	1.0173
0.85665	1.0159
0.8565	1.0133
0.85423	1.0088
0.85847	1.0085
0.86237	1.0096
0.85778	1.0093
0.85207	1.0051
0.85457	1.0102
0.85386	1.0052
0.85624	1.0051
0.85124	1.0047
0.85014	1.0047
0.85058	1.0042
0.84732	1.003
0.84529	1.0022
0.84676	0.99915
0.8453	0.99737
0.84594	1.0006
0.84345	0.99877
0.84551	0.99817
0.84434	0.99856
0.84036	1.0007
0.84244	0.99809
0.84136	1.0037
0.84399	0.99949
0.84165	1.0017
0.84295	1.0019
0.8448	1.0041
0.84295	0.99744
0.84381	0.9991
0.83918	0.99418
0.84205	0.99954
0.84438	0.9974
0.84899	0.99545
0.85039	0.99687
0.84732	0.99585
0.85074	0.99662
0.85007	0.99736
0.84816	0.9886
0.84961	0.98555
0.84657	0.98637
0.84664	0.98584
0.8438	0.9842
0.84607	0.98453
0.85009	0.98409
0.84805	0.98759
0.85349	0.99426
0.85551	0.99503
0.85027	0.99667
0.853	0.99797
0.85727	0.9976
0.85363	0.99947
0.85037	0.9993
0.84857	1.0036
0.84883	1.0022
0.84872	1.0021
0.84963	1.0007
0.84755	1.0003
0.84414	1.0016
0.84751	0.99877
0.85115	0.99658
0.8487	0.99402
0.85122	0.99246
0.85317	0.99308
0.84778	0.99303
0.84585	0.99084
0.84035	0.9899
0.83864	0.99197
0.84309	0.99142
0.83783	0.98964
0.83295	0.98242
0.83282	0.98402
0.83364	0.98689
0.83072	0.9908
0.82992	0.99215
0.82766	0.99529
0.82542	0.99933
0.82734	0.99997
0.8301	1.0016
0.82689	1.0014
0.82706	1.0052
0.82903	1.0048
0.82989	1.0069
0.82955	1.0071
0.83012	1.0023
0.83332	0.99726
0.83196	0.99758
0.83504	0.99282
0.83454	0.99316
0.83318	0.99371
0.83033	0.99709
0.83209	0.99427
0.83485	0.99199
0.83698	0.99239
0.84162	0.9948
0.84055	0.99865
0.84454	1.0002
0.84353	0.99689
0.83814	1.0026
0.83554	0.99961
0.83808	0.99702
0.83738	0.99611
0.83363	0.99459
0.83347	0.99563
0.83497	0.99817
0.83149	0.99767
0.83193	0.99472
0.83183	0.99808
0.82992	0.99671
0.82858	0.99826
0.82695	0.99517
0.82904	0.99842
0.82616	0.99684
0.82732	0.9969
0.82805	0.99614
0.82902	0.99887
0.83399	0.99816
0.83367	0.99827
0.83394	0.99397
0.83505	0.99693
0.83808	0.99838
0.8414	1.0053
0.83656	1.0003
0.83669	0.99791
0.83403	1.001
0.83003	0.99902
0.8323	1.0055
0.83346	1.0057
0.82976	1.0068
0.82753	1.0089
0.82989	1.0104
0.83002	1.0106
0.82555	1.0113
0.82538	1.0053
0.82892	1.0069
0.83189	1.009
0.83638	1.0128
0.83669	1.014
0.8387	1.0159
0.83479	1.0165
0.83436	1.0169
0.83857	1.012
0.83852	1.0088
0.83717	1.011
0.83341	1.0156
0.83344	1.0159
0.83339	1.0187
0.83754	1.021
0.83755	1.022
0.8347	1.0186
0.83365	1.0172
0.83123	1.0212
0.83091	1.0163
0.8329	1.016
0.83181	1.0123
0.8288	1.016
0.82693	1.0155
0.83137	1.0255
0.83318	1.0249
0.83134	1.0196
0.83371	1.0175
0.83449	1.0164
0.8359	1.02
0.83255	1.0193
0.82831	1.0171
0.83287	1.015
0.83198	1.0141
0.83561	1.0194
0.83132	1.0208
0.83201	1.0143
0.83019	1.0129
0.82639	1.0135
0.82721	1.0147
0.82625	1.0111
0.82347	1.0151
0.81829	1.0133
0.81717	1.0115
0.82141	1.0093
0.81834	1.0095
0.81678	1.007
0.81767	1.0044
0.81309	1.0059
0.81476	1.0118
0.81006	1.0111
0.80712	1.0099
0.80888	1.0095
0.80996	1.0091
0.81215	1.0087
0.81418	1.0078
0.81718	1.0073
0.81907	1.0031
0.81848	1.0056
0.81964	1.0044
0.81865	1.0024
0.82274	1.0015
0.81889	1.0004
0.8156	1.0037
0.81677	0.99963
0.82067	1.002
0.81978	1.0067
0.81486	1.0038
0.81386	1.0029
0.81717	1.0014
0.81442	1.0055
0.81606	1.0079
0.81283	1.0031
0.81778	1.0011
0.82094	1.0112
0.82281	1.0104
0.82094	1.0114
0.82184	1.0104
0.82173	1.0089
0.82521	1.0132
0.82586	1.0177
0.82482	1.0188
0.81895	1.026
0.81753	1.0294
0.81904	1.0284
0.82375	1.024
0.82555	1.0254
0.82333	1.0227
0.82232	1.0221
0.82131	1.0217
0.82151	1.0171
0.82747	1.019
0.82279	1.0183
0.82234	1.0208
0.82545	1.022
0.82509	1.0217
0.83048	1.0167
0.82739	1.0171
0.824	1.0151
0.82539	1.0184
0.82643	1.0222
0.82604	1.023
0.82207	1.0217
0.82487	1.0229
0.81701	1.021
0.81632	1.0164
0.8185	1.0183
0.81783	1.0159
0.81689	1.0172
0.81658	1.0131
0.81546	1.0068
0.82019	1.0162
0.81891	1.0194
0.82276	1.0196
0.82049	1.0187
0.82671	1.0162
0.82594	1.0152
0.82839	1.0111
0.82727	1.0145
0.82818	1.016
0.83065	1.0124
